snp,bp,p
rs11089128,14560203,0.11903516886586536
rs7288972,14564328,0.25478543188839453
rs11167319,14850625,0.6296942009104565
rs8138488,14870204,0.018050257738536198
rs2186521,14878387,0.7304707758608198
rs2027649,14880040,0.24073282207681324
rs4911642,14884399,0.13589666203582926
rs3016104,15063831,0.2221458551887051
rs140378,15257135,0.7232579273273481
rs5748616,15268900,0.013123752693419862
rs9680776,15380277,0.1319915612935739
rs5747620,15412698,0.025644342034213043
rs9605903,15434720,0.02247641743835286
rs5746647,15437138,0.6757422148560339
rs9605923,15445079,0.02373835200819071
rs9605927,15447005,0.5963622863025184
rs5747968,15447504,0.017397192488151168
rs2236639,15452483,0.2791074987122196
rs5746664,15454622,0.2791074987122196
rs5747999,15455353,0.6553665511480335
rs5746679,15460378,0.08119735056607291
rs2070501,15464609,0.5118512419227021
rs11089263,15467656,0.532267430194755
rs2096537,15474749,0.982961517415375
rs16984366,15476864,0.03711027861186199
rs2154615,15480497,0.7139496334194485
rs8137637,15483717,0.03711027861186199
rs9604967,15492342,0.22362093770507485
rs5993671,15496398,0.865514492580752
rs4428101,15498747,0.050812564039322584
rs5992472,15512490,0.932860452219447
rs5993848,15529033,0.6071999490849515
rs4819849,15532611,0.029348897895295767
rs9605028,15534984,0.23183764861150113
rs1892844,15535383,0.5623134801255985
rs361799,15544773,0.009210313777765045
rs361973,15549522,0.3525557040962263
rs12106650,15551377,0.08757687901843868
rs2529883,15557470,0.6230872985707394
rs2845371,15558213,0.213925455942389
rs16981507,15558230,0.23599688276970476
rs5993924,15558586,0.032509808246338374
rs3016111,15563103,0.45194980537488727
rs2845377,15567276,0.12331533940103664
rs5748567,15567719,0.7788468678287788
rs2529889,15569194,0.10665547227883004
rs2190740,15570730,0.13775499492293133
rs17432784,15576300,0.48204805352782987
rs2845380,15583103,0.7352945332024865
rs2845346,15594252,0.42087988660142395
rs2845347,15594669,0.648325260789849
rs1807512,15601495,0.11982247904276923
rs4819880,15603938,0.3731769309572839
rs5748593,15607461,0.7119917825242796
rs2159071,15611133,0.6388091891975183
rs4390844,15611603,0.5971446536728231
rs16984825,15618270,0.8814408323766518
rs8139954,15618335,0.6183753473602271
rs2381107,15619552,0.4189044012953661
rs5748606,15625340,0.9800956843928326
rs4819884,15626329,0.5349660454026489
rs5748614,15636231,0.710690345322535
rs5746892,15638201,0.5577980327180263
rs8140156,15639954,0.6614875832872316
rs11089345,15641026,0.516605806496432
rs5748621,15643854,0.8399101155547714
rs5748622,15644565,0.9800956843928326
rs9605145,15644904,0.9132560960612905
rs5748623,15645124,0.9800956843928326
rs9605146,15645194,0.975684470973472
rs759235,15647006,0.8033417376123541
rs2108583,15648016,0.9893839171907554
rs2108585,15649076,0.8714060569657639
rs5748631,15651652,0.8399101155547714
rs5748632,15651703,0.9800956843928326
rs9606468,15653728,0.27435720848979583
rs4819534,15654435,0.8683621182847745
rs5748636,15655394,0.24912050782135964
rs4819535,15658762,0.871022574721971
rs5748648,15660822,0.871022574721971
rs7284996,15664065,0.08749811990475188
rs4819892,15665049,0.8475372451896281
rs2385714,15665949,0.07381558737143437
rs2080203,15666329,0.0815442587636931
rs5748654,15666712,0.05689966763854754
rs2072467,15668988,0.5238566196044687
rs2072466,15669118,0.878178425604148
rs7291429,15674251,0.24974712081307604
rs9605155,15679901,0.22661051398253707
rs5748664,15680320,0.4058767762686768
rs874835,15681217,0.22661051398253707
rs874836,15681843,0.8613011545791099
rs5994031,15683383,0.1540185334306627
rs2215842,15683469,0.1540185334306627
rs2192431,15683596,0.873728733512666
rs175138,15684132,0.15881434033899222
rs175139,15684246,0.15881434033899222
rs983305,15684887,0.22661051398253707
rs9606478,15685777,0.6735653307357754
rs175140,15686104,0.7225689283823171
rs1860944,15686270,0.34780385695823834
rs175145,15688241,0.7584249431938975
rs175146,15689296,0.7225689283823171
rs175147,15689362,0.18268055058951904
rs16981741,15689881,0.0815442587636931
rs175148,15690488,0.18268055058951904
rs175149,15690741,0.18268055058951904
rs9606481,15692596,0.2616027246948811
rs165650,15693798,0.6674354366501127
rs17363716,15695102,0.21601920963125965
rs165652,15695458,0.7853389509842269
rs165757,15695503,0.6674354366501127
rs17435801,15696313,0.21601920963125965
rs175152,15697233,0.7307181369380775
rs165645,15697346,0.28567713178077414
rs165611,15698150,0.43178092004178614
rs5746906,15698333,0.9999435103296388
rs165670,15698682,0.43178092004178614
rs165778,15699156,0.863532424654063
rs9605158,15701768,0.44520181180063934
rs165914,15704504,0.6103819841442846
rs165810,15706181,0.5287053950696993
rs2075120,15706432,0.3830811688199699
rs175154,15706668,0.9560720051828158
rs165808,15707595,0.9196046411796237
rs165890,15708627,0.9560720051828158
rs2041608,15709601,0.6575941182339639
rs12169910,15711656,0.6376504773056841
rs165886,15719003,0.7667989598554672
rs165698,15719068,0.9353754647708852
rs165608,15719404,0.6292728664134093
rs165790,15720906,0.8741633097542891
rs4006343,15732097,0.5680666245312634
rs738043,15733947,0.6984765561472361
rs5748728,15767757,0.8138330320057444
rs4586727,15771088,0.25513089781338083
rs17444804,15773876,0.31222546060364553
rs1860945,15774989,0.17498948173793483
rs737936,15775610,0.20114472822485274
rs16981833,15776459,0.5574003369325097
rs7288841,15776612,0.28290667131679936
rs9606534,15777875,0.38314716805958093
rs7292561,15778508,0.3473066303007575
rs7293026,15778800,0.9609205816074837
rs13058496,15778812,0.7797579542737553
rs8136206,15779211,0.9356355381666002
rs2011716,15783936,0.45584982186326173
rs887755,15784605,0.5617528494721802
rs5992587,15787349,0.3898441132776962
rs11703901,15787566,0.599093627176312
rs2003568,15787755,0.13143566207988058
rs12485066,15789897,0.33813806808786684
rs738023,15789957,0.13143566207988058
rs5748744,15790373,0.3898441132776962
rs5992589,15790790,0.9287473671087112
rs9306242,15791899,0.7631921051629258
rs9605179,15792216,0.36221080881504764
rs5992590,15792806,0.2632307160131756
rs5994097,15794103,0.12669485471183764
rs9618937,15794640,0.6869016168911324
rs17806382,15795490,0.9374877801611647
rs5748748,15795572,0.975117864479834
rs5748752,15801989,0.8170406312549929
rs5994102,15803930,0.11609779671351171
rs5748755,15806401,0.9281801722585523
rs2385785,15807037,0.7094628734519042
rs5748756,15807664,0.6840858150654358
rs5994104,15808080,0.5808673637456955
rs2215724,15808123,0.35758829386111146
rs933461,15808815,0.8807295494787309
rs2215725,15808982,0.9122246958070382
rs1981707,15809384,0.9282138754535529
rs4819923,15813210,0.4852354792959884
rs5748760,15814084,0.9812535124259139
rs5748762,15814521,0.1813723911668067
rs2385786,15816846,0.3163217128324225
rs1990483,15817310,0.5643819104244057
rs5994110,15821524,0.6172757083461098
rs17733785,15822154,0.8922791043608272
rs8137298,15822206,0.18745722626339467
rs11914017,15822223,0.8922791043608272
rs11089387,15822739,0.5242667634985079
rs5992598,15822987,0.18745722626339467
rs7287116,15823131,0.18745722626339467
rs1024731,15823238,0.32982125841843524
rs1024732,15823381,0.4731880058369978
rs5748765,15825502,0.32785787474462647
rs5748766,15826914,0.18745722626339467
rs4819925,15826991,0.8199388383269207
rs2041607,15830515,0.4731880058369978
rs759076,15832925,0.37951707550882163
rs757630,15832966,0.2886180843452095
rs4819932,15842185,0.2911179312810974
rs9618953,15843189,0.7537085949490493
rs4819934,15847411,0.9301933984190017
rs4819935,15847474,0.5700605616706729
rs5992604,15849026,0.9395825861442367
rs9618954,15850779,0.23423712698372856
rs17806634,15855406,0.38178586410904514
rs2399152,15855921,0.1816139360574759
rs4819938,15866333,0.7071694341559795
rs5748798,15868195,0.5206436758858426
rs7291404,15869577,0.4276208792956647
rs11913227,15869890,0.4259703114229486
rs5994128,15870932,0.47932670261164934
rs5994129,15872203,0.6297737031030155
rs917838,15872452,0.5769384838815856
rs2192155,15872533,0.27746363462817636
rs738031,15873182,0.3829801265932842
rs2399153,15873293,0.6858544212075228
rs5746962,15873520,0.6751171138410974
rs4141523,15873708,0.14015390807621003
rs17806741,15874101,0.8412498644416979
rs5994130,15874547,0.10721237654993679
rs17204993,15880036,0.17320757046824387
rs2399168,15884945,0.819710174438553
rs5748829,15899579,0.36465990406552096
rs928832,15904190,0.18286231579898227
rs928831,15904203,0.9627253863533872
rs2845394,15905584,0.18286231579898227
rs2845393,15905970,0.2391431975555558
rs881623,15909583,0.6908489615095195
rs947822,15909814,0.33218411495384637
rs2845388,15910370,0.7193012010232358
rs2845384,15912449,0.6908489615095195
rs2845408,15916555,0.6908489615095195
rs16981964,15918189,0.36465990406552096
rs10483090,15919678,0.30767496936216
rs12159416,15921673,0.6424190555230429
rs9606592,15924834,0.1837404063709952
rs5748845,15925859,0.36465990406552096
rs5994155,15929526,0.6908489615095195
rs5748850,15934354,0.5699160754384858
rs2041629,15937144,0.5699160754384858
rs4819956,15941913,0.33374818767410397
rs4819553,15944907,0.6908489615095195
rs4819958,15945013,0.6908489615095195
rs4819554,15945035,0.6908489615095195
rs2241042,15947699,0.360982437575014
rs2241043,15947807,0.360982437575014
rs5748863,15951355,0.48719311191958803
rs6518660,15955800,0.8642400732949271
rs13053889,15960394,0.10138633257372105
rs9606615,15960813,0.5211446960812467
rs2241044,15961838,0.3461521590576091
rs2302519,15965441,0.6543719283890408
rs721930,15965808,0.01909656992674017
rs2241046,15966471,0.6311650209251284
rs2241049,15967680,0.3800822327293427
rs6518661,15967975,0.8489005260189499
rs879577,15969209,0.8023262955868575
rs879576,15969246,0.27166946420855786
rs879575,15969567,0.8293721048175673
rs1468488,15970744,0.9947550846029357
rs2895332,15971089,0.9142736669782507
rs887796,15973685,0.7349802069320484
rs738034,15974915,0.36807313235281125
rs3827278,15975915,0.0446354084161461
rs4819962,15976178,0.35159328268599976
rs1047929,15976229,0.9887323662455656
rs11160,15977297,0.8722053586020957
rs971768,15977462,0.07029707564364342
rs7289082,15977768,0.8833784682289363
rs12170331,15978409,0.8833784682289363
rs974396,15979170,0.040314937853229295
rs738033,15979844,0.997331946623417
rs2277830,15979860,0.017611221666100907
rs3827295,15980497,0.13426025847090076
rs5994165,15980977,0.111888639493177
rs5992629,15982839,0.8378823052901354
rs5748871,15983477,0.09411605363172183
rs5746996,15983801,0.09411605363172183
rs4819964,15985824,0.6807690925205427
rs5748875,15985899,0.6651408589070078
rs5994166,15987894,0.9927291390136512
rs4819965,15989825,0.5556715785421151
rs9605222,15989916,0.4662837271351221
rs5748883,15991515,0.18202919168693665
rs5747004,15994011,0.04742814412562928
rs5994170,15995213,0.06140836293633615
rs4819558,15996217,0.00856620163574571
rs4819559,15996510,0.00856620163574571
rs5994175,15998142,0.1276203598543921
rs5994176,15998164,0.1276203598543921
rs740422,15999292,0.937271654664272
rs5747007,16000130,0.665966881523069
rs7287119,16001704,0.1695045299725737
rs3788268,16006665,0.78618183571094
rs1034859,16010486,0.5324072129264921
rs3788269,16013669,0.665966881523069
rs5994180,16014050,0.9990864546169934
rs5748917,16021079,0.9881889433361317
rs4423695,16023546,0.973216826352938
rs5994186,16023725,0.577590539444368
rs5994187,16023843,0.6414092427449076
rs5748919,16024131,0.48469224051345194
rs5748923,16027862,0.5657557983058012
rs5748926,16029774,0.6982763436309652
rs2401071,16035388,0.5499662352487982
rs1125471,16036724,0.42181453097554067
rs1076102,16038341,0.47012834072607657
rs1135909,16040556,0.9888906353748989
rs3171599,16040646,0.7885627896595544
rs1139056,16041178,0.6770950924279076
rs1139055,16041347,0.9727399583466442
rs3764847,16043117,0.6605827110192704
rs1079554,16045413,0.2968661704611355
rs2231496,16049151,0.6233252483553513
rs2231495,16049306,0.3878722973541481
rs4819973,16054117,0.7517957592406908
rs5992637,16055900,0.42100997149350106
rs11912507,16056590,0.327396317848224
rs5747018,16057699,0.8940263480487006
rs1076103,16059312,0.27622641150423843
rs17807317,16060519,0.49293394212645314
rs1076105,16062165,0.17929909518444953
rs1076106,16062294,0.12361963850682509
rs2231489,16064344,0.4343224259780325
rs2240617,16068402,0.17535178700283927
rs362129,16070409,0.2767483527911664
rs5992641,16071795,0.295935495251758
rs5748952,16077781,0.4641141726164635
rs5748954,16078080,0.4016878430135695
rs5747027,16079630,0.3251856820868658
rs9606655,16081234,0.34824669086556936
rs737967,16082778,0.513797285948038
rs5748965,16085622,0.6546418469254027
rs5748966,16085808,0.35913001683524326
rs737963,16089771,0.2821211606755307
rs5994213,16089828,0.09357532727582711
rs737962,16089935,0.2332284603226349
rs9606661,16090860,0.19343174949344577
rs4819564,16092611,0.4327468076439491
rs5747033,16094695,0.6619488178456441
rs5748972,16095771,0.42690008593201956
rs4819979,16098119,0.6081500450619148
rs5747035,16098606,0.2766112671327575
rs5748976,16098911,0.3576567925561317
rs4266110,16101595,0.09959107860046718
rs2058119,16102024,0.4500305492739055
rs7288303,16102442,0.3663120423466881
rs1006015,16102536,0.8381337109122878
rs5748979,16102885,0.162773705673547
rs5747037,16104093,0.056639204895142396
rs12483926,16107125,0.8293492488771568
rs8141904,16109044,0.9777632649103667
rs9605246,16111977,0.42074241739328166
rs9606669,16113896,0.4855371989533056
rs17807605,16118100,0.2631749913811492
rs5994231,16124553,0.8891664265237825
rs16982255,16126101,0.34865278598483407
rs5749001,16126528,0.3313256140073574
rs5749002,16129096,0.9822404350773498
rs5749003,16131168,0.9015133293433604
rs5749006,16140350,0.17566535473251177
rs5749011,16146115,0.2433123290631175
rs11089423,16149065,0.6996891153393914
rs11704699,16150181,0.0008677038265796757
rs8140080,16161035,0.14128446856554072
rs4819994,16161555,0.14128446856554072
rs4541325,16162813,0.003932054645081215
rs5747058,16163923,0.006387850300865882
rs5749016,16163945,0.006387850300865882
rs12160031,16164602,0.572754504483924
rs5749022,16167836,0.005713061949383239
rs4239866,16168722,0.6226691068811752
rs5749028,16169010,0.08525112780743813
rs4819996,16170731,0.4381442372909462
rs9606682,16171564,0.4381442372909462
rs9617982,16172740,0.39470903932182855
rs5994253,16173012,0.7723075296227481
rs5994254,16173206,0.1744111597858039
rs9605254,16175408,0.2728347509212994
rs5994255,16176971,0.8221065023856264
rs5994256,16178800,0.791292568698524
rs9605258,16179368,0.7758677145360555
rs9605259,16179387,0.791292568698524
rs9306256,16179529,0.3953602804809595
rs9619055,16180472,0.8404834276785544
rs9306258,16180757,0.7773256849245314
rs5994258,16183593,0.607401277995123
rs5994260,16183786,0.9015167757336424
rs9617984,16185430,0.39263347843569496
rs5994267,16189117,0.6266909257906483
rs17808489,16190053,0.3799144460343129
rs5992665,16190483,0.8398179893089329
rs5994271,16194811,0.5570571118363512
rs361626,16203261,0.8106270205526188
rs13058398,16205432,0.49116837670857183
rs4820001,16207684,0.2506123601219836
rs2401081,16209955,0.08817269519501693
rs2158148,16210125,0.14158031480977096
rs2040692,16211813,0.9773341232975207
rs7288834,16212142,0.7380882220546764
rs9606695,16214898,0.08682450787155874
rs5747072,16218809,0.8136469907522873
rs4607032,16221068,0.8886235967382013
rs737915,16222731,0.520386935373788
rs5747075,16224295,0.9752019221900415
rs5749060,16226171,0.41643950484192205
rs6518680,16226951,0.25672751800592075
rs5992674,16231683,0.18530167608686998
rs5992034,16232805,0.18530167608686998
rs9618000,16233714,0.18530167608686998
rs5747079,16236960,0.18530167608686998
rs5746359,16240048,0.04971401122862978
rs9604737,16240634,0.9072341632035891
rs4273306,16241458,0.19047078443189158
rs9604738,16241476,0.7363157931528733
rs5992041,16242147,0.09901649556958055
rs7285871,16242268,0.259074667217679
rs5747087,16246198,0.04167291958952851
rs4819447,16246989,0.4089678576835887
rs17808586,16247492,0.4089678576835887
rs16982354,16247549,0.9873924187828841
rs9604740,16253099,0.03079583734828091
rs737916,16260070,0.030735827085488356
rs5747103,16263220,0.006387283455158383
rs17807973,16268609,0.8132752761490177
rs1860309,16268812,0.03077392881309945
rs5746366,16270558,0.026634247772114934
rs7289964,16271078,0.23613611017148883
rs5747112,16271554,0.011022257890971667
rs5746368,16272618,0.020192673590933602
rs2522311,16274083,0.4146045592159211
rs5992044,16275051,0.47348454136500195
rs16982402,16277608,0.8316428701569092
rs5992687,16279113,0.5931780747508258
rs5992046,16279136,0.9925924280740362
rs17808076,16279175,0.8401315003410506
rs5992047,16279518,0.9925924280740362
rs5992689,16279841,0.7110337534403692
rs2078734,16281683,0.564837777143101
rs2518736,16282056,0.7504956494070164
rs1859120,16283330,0.174637406014854
rs1858758,16283550,0.6648462435181253
rs2518746,16288162,0.7724744860065188
rs9617578,16288285,0.1931670669937472
rs2895937,16289524,0.5357115796109988
rs2522314,16289998,0.3033168784906304
rs1981533,16290586,0.4969551980914616
rs2189077,16290844,0.3546383602348896
rs5747132,16292086,0.3546383602348896
rs5747133,16292139,0.8459891220670088
rs5992705,16294004,0.9775060596748187
rs9306194,16295430,0.7974979551151664
rs5992707,16295744,0.9775060596748187
rs5746379,16296414,0.7998776861483339
rs5992709,16296547,0.8807380688658513
rs5746382,16300802,0.9997803248411582
rs5746385,16302735,0.9575665048486872
rs5747145,16302770,0.7998776861483339
rs5746387,16303962,0.938860933236177
rs5746398,16309926,0.938860933236177
rs5747164,16310263,0.938860933236177
rs5747167,16311483,0.698290237778384
rs1004973,16311566,0.938860933236177
rs2157720,16312686,0.9477144733920125
rs5746406,16317630,0.7065624014113916
rs2522284,16319816,0.1191167315242479
rs5747176,16320494,0.9696375672192138
rs2522285,16322684,0.22890745444934957
rs2518751,16322872,0.058162078011604
rs12157361,16323200,0.23573476035798413
rs5747183,16323430,0.21484464713744722
rs2522288,16326168,0.13701361371975077
rs5747187,16326202,0.8202700529788068
rs4819591,16327371,0.9322607400555194
rs5747190,16328473,0.022332840054857844
rs1557622,16328917,0.3268761863179903
rs17741035,16332520,0.48110711569983944
rs5746415,16333763,0.5659759612191113
rs2522294,16334739,0.5536246465602068
rs5747195,16336368,0.5659759612191113
rs2522297,16336887,0.6650570016283317
rs5747200,16338441,0.8575768782714726
rs882614,16345531,0.12912987581940674
rs2518768,16345843,0.018606690050056808
rs7288509,16348311,0.4548026906857373
rs10483093,16351225,0.482945791384364
rs5746419,16351883,0.887153563205446
rs5747204,16353032,0.8019556911997318
rs174289,16353664,0.12724985925831436
rs17808446,16355834,0.482945791384364
rs1296748,16357024,0.02878087909593106
rs17808463,16359626,0.36201198881341357
rs1296754,16365560,0.03087086877703623
rs4819594,16366811,0.16055415284421193
rs9605311,16367962,0.14665115620354605
rs8141657,16368394,0.01743893640471579
rs1296757,16369378,0.028696390813120243
rs17809093,16370258,0.48492624215268665
rs4819596,16370606,0.17445898220123546
rs5747211,16370852,0.2554043415701095
rs174293,16372131,0.0063987177473300355
rs174294,16374585,0.24640278767297275
rs174300,16376931,0.7571747661974026
rs174301,16377454,0.7571747661974026
rs78914,16377569,0.08099774306260495
rs174302,16377619,0.4964123406603542
rs174306,16379158,0.062137190884719105
rs174313,16381375,0.3482524937144391
rs13053400,16382160,0.3071705171158412
rs9617592,16382892,0.22164303291796772
rs174330,16389909,0.2507015956560358
rs9605317,16390706,0.3631868501037523
rs2401125,16390945,0.8522038830295224
rs174332,16391380,0.2804142582532847
rs1296787,16392012,0.8522038830295224
rs1974713,16393723,0.33684203148556935
rs174335,16396508,0.14759796491618332
rs2300686,16398509,0.24363093459924057
rs1296792,16398516,0.9251164248799377
rs1296793,16398940,0.9251164248799377
rs5992731,16399539,0.33684203148556935
rs1003861,16400773,0.9065294061814549
rs5992732,16400796,0.9409666031316635
rs2268776,16401505,0.06809740434887937
rs1296794,16401604,0.9251164248799377
rs1296795,16401760,0.9065294061814549
rs9605323,16407334,0.4711948319915934
rs174342,16407656,0.19917459881032273
rs1296800,16409546,0.5238907397137227
rs17809189,16410667,0.4711948319915934
rs2268780,16411530,0.9422880079012029
rs113837,16411544,0.2713872552335902
rs174345,16413199,0.9236402972767941
rs174347,16416388,0.3762086998370152
rs174348,16416431,0.25248340038207984
rs174351,16418786,0.2887434370934773
rs885971,16418910,0.5399038572966098
rs11704780,16422216,0.24538484188345566
rs1296805,16422376,0.9429876124588404
rs174368,16427028,0.3026133609083991
rs2284827,16427231,0.7597677025559577
rs412830,16429681,0.08506194619436996
rs423158,16433496,0.5486738544833927
rs1296812,16435605,0.8463761824281354
rs174371,16441337,0.478524760751704
rs1123031,16442891,0.7961765405402916
rs5746439,16448785,0.32527290339734005
rs5992749,16456523,0.4915686211881355
rs1296819,16456546,0.6146108764800113
rs1296820,16457720,0.060173871002430115
rs5992751,16460154,0.6663240520970615
rs2287228,16461136,0.6047864508620506
rs2072555,16461156,0.6311150929148357
rs5747252,16463260,0.8197117599532323
rs714504,16463591,0.7345973191511438
rs3747023,16464033,0.8645130550608352
rs4239846,16468903,0.8645130550608352
rs5747263,16471087,0.8645130550608352
rs1034470,16473102,0.9412940770949719
rs2300688,16474292,0.9904513060575278
rs2300690,16474915,0.8037123936578126
rs2300691,16475170,0.8645130550608352
rs5747268,16475312,0.9412940770949719
rs3747024,16475838,0.8329851513576881
rs3747025,16475901,0.8645130550608352
rs2401158,16476378,0.5791388800695013
rs12159924,16480435,0.642744462191579
rs5992761,16482627,0.5108809224981186
rs5747285,16484619,0.9412940770949719
rs41472044,16484792,0.11956081496303027
rs5992084,16491431,0.5745004702754033
rs5746449,16494956,0.6672670374073106
rs5747295,16495251,0.7000085705424759
rs5747296,16495277,0.8184528406925384
rs5747297,16495392,0.9108284724604526
rs9604779,16499145,0.8642857425197261
rs1080199,16500850,0.7257368803147355
rs11089197,16501334,0.7257368803147355
rs5747306,16508960,0.11258002635648569
rs11704728,16510209,0.7439213542387348
rs2401163,16511078,0.11258002635648569
rs5992088,16515912,0.4994744657883349
rs2587103,16528454,0.11258002635648569
rs2535690,16533009,0.9369341686239074
rs2535691,16534878,0.9369341686239074
rs2587069,16538344,0.9369341686239074
rs2535694,16539407,0.17392899045007315
rs11704288,16541543,0.9369341686239074
rs1978967,16541979,0.43865515214961526
rs5992090,16543795,0.9061320379058838
rs9605382,16544602,0.9061320379058838
rs2535704,16554658,0.09835177057943507
rs5992093,16555030,0.9061320379058838
rs2257083,16558859,0.11258002635648569
rs5992095,16559399,0.43865515214961526
rs2535707,16561869,0.6271325298366519
rs2587082,16564011,0.08609346985196766
rs9617611,16567216,0.6964400949129737
rs5992096,16569296,0.9061320379058838
rs2587086,16569469,0.9369341686239074
rs5992801,16573707,0.9061320379058838
rs2109659,16578327,0.1528010400758766
rs4488761,16589613,0.18787544468101425
rs9306198,16589920,0.559689068785899
rs725768,16590409,0.825060312785065
rs725769,16590560,0.8368665100936066
rs9967,16591205,0.0707047034648575
rs395379,16592923,0.7515033034015041
rs8919,16593057,0.037648409610922966
rs424708,16594192,0.7515033034015041
rs5747338,16594609,0.09446357831849994
rs12167030,16595520,0.5824917906617051
rs17809603,16596211,0.47150665974781325
rs25591,16597078,0.7515033034015041
rs11538,16600831,0.7515033034015041
rs5992809,16601985,0.5824917906617051
rs181390,16602263,0.3479806773923444
rs181391,16602557,0.4888119133127924
rs181392,16602665,0.42797365466912207
rs181396,16604155,0.2217036035423119
rs181399,16605318,0.21271763107359576
rs1468926,16606327,0.18898762926301305
rs2270201,16606476,0.18898762926301305
rs2072393,16606528,0.18898762926301305
rs8190315,16606764,0.4359836879728969
rs5747339,16609187,0.05239156737009699
rs181402,16609774,0.14983654932675236
rs2895951,16612368,0.04023271923311814
rs181405,16613000,0.061008119380407365
rs372655,16614535,0.3950771554952157
rs9604787,16614589,0.5433667380412475
rs3788282,16615108,0.5163381776423481
rs181408,16615305,0.32832769638347403
rs181417,16620974,0.11651172269307676
rs5747351,16626375,0.30506654093117036
rs5747353,16629023,0.17566326683177402
rs9605401,16630268,0.3147817851026057
rs738095,16635988,0.5684763037798799
rs366542,16638382,0.49053585179230563
rs9604789,16640342,0.40690166869230016
rs454566,16641028,0.9259188410927233
rs5992834,16641496,0.34035563848000994
rs391085,16641587,0.35974619211159986
rs9605406,16642301,0.9538931318037838
rs5992103,16642767,0.44813333190037785
rs408656,16643268,0.6739578873223859
rs5992838,16644831,0.5500157289929322
rs7675,16650779,0.6143732016329435
rs12168131,16662708,0.514231864594332
rs5992105,16663247,0.514231864594332
rs2241252,16666342,0.7151113454263256
rs369081,16666672,0.9176524487132276
rs390041,16668362,0.948475835012582
rs389496,16669204,0.8107240783315901
rs8140645,16669555,0.514231864594332
rs429940,16672466,0.9176524487132276
rs388415,16674211,0.7331791142979336
rs437633,16675130,0.6115732674637724
rs399757,16675575,0.4562844365725004
rs2277831,16679197,0.19195955508861318
rs5992854,16680240,0.24795585142291554
rs5992112,16684695,0.2140321914262584
rs5992113,16684784,0.778792317501342
rs5992861,16687634,0.38345051525381
rs5992117,16688320,0.421645463843915
rs5992863,16688819,0.18749859932301116
rs5992118,16688936,0.33004710430445106
rs5992867,16689859,0.33004710430445106
rs5992870,16690068,0.3692914278317312
rs5992871,16690110,0.3026323818671154
rs424931,16693512,0.6043456997655552
rs367922,16694391,0.8917607947426934
rs450960,16696304,0.22156799748569966
rs450975,16696333,0.22383989216154954
rs451840,16696526,0.7616808134978088
rs451740,16696620,0.22156799748569966
rs8139723,16697142,0.4990047881375257
rs405490,16697621,0.38837796464093877
rs415170,16698963,0.20899276541889078
rs439231,16699179,0.27463329079081766
rs2542334,16700058,0.1574298915140473
rs2542335,16700258,0.1680129602892313
rs2587109,16703438,0.3123322381177388
rs2542336,16703609,0.22383989216154954
rs750558,16704301,0.22764507260639966
rs9618142,16706162,0.36187355302663604
rs2587113,16708503,0.9891156428845037
rs2111546,16709411,0.7494372671797294
rs2587115,16711118,0.4235787083337075
rs2160760,16713902,0.6190701668442538
rs5992124,16714573,0.10517567646165131
rs9605417,16717632,0.2724951106213167
rs1003361,16717880,0.23944722247628503
rs2016042,16718356,0.1535256477404772
rs873387,16719012,0.473168472487563
rs11917,16723011,0.36509034033820154
rs1057721,16723843,0.40564012247608816
rs5992879,16725864,0.28768777003191826
rs4819639,16727127,0.49434844134112665
rs1075596,16727224,0.14590022257993152
rs4819640,16728439,0.3288219819890975
rs5746486,16734272,0.24793850742705392
rs5746487,16734328,0.39316412227135844
rs5992128,16734783,0.5566843192558332
rs1867353,16739243,0.3039346705735009
rs9617633,16742573,0.14590022257993152
rs9605422,16742940,0.3211926744280408
rs2165971,16744579,0.31648029473058126
rs2075444,16747640,0.1665499189201649
rs1076113,16748147,0.41638895244782814
rs2289718,16748548,0.6244117297582643
rs4819644,16749916,0.6394270842305654
rs5747395,16751358,0.3211926744280408
rs3747031,16751637,0.31648029473058126
rs3747032,16752020,0.31648029473058126
rs2075455,16753885,0.3109683161499176
rs2075454,16754014,0.1665499189201649
rs2075453,16754150,0.520044729859876
rs8141766,16757199,0.6332353413394829
rs2034113,16758002,0.507455853260981
rs5992895,16761686,0.8533622119928558
rs4819647,16771061,0.9524571942920571
rs4819648,16773564,0.6375152879455852
rs5746492,16773933,0.5787688703720244
rs2083882,16775241,0.25448516026792367
rs4819649,16776329,0.13495302917333432
rs5747408,16777120,0.7197413048177208
rs9604802,16778018,0.9440507068722009
rs9604803,16778207,0.7922873152450889
rs5747411,16778976,0.6550371912901871
rs5746497,16783629,0.3645504217950296
rs1072405,16786068,0.46174608925317784
rs1076110,16787468,0.997156618327941
rs1867355,16788705,0.6610628484346487
rs4484121,16793975,0.9638263333168253
rs9605439,16800055,0.9392962615295769
rs5992907,16801899,0.9324451829987952
rs400509,16806299,0.7002004704270501
rs9605443,16807308,0.3477558332352473
rs9618172,16808163,0.3432376632011096
rs431071,16809694,0.9238515952426848
rs1109052,16810193,0.9874212085800077
rs5747428,16810658,0.9142670035938085
rs396012,16812033,0.8518839366101904
rs7293187,16812720,0.8906114380180831
rs5746498,16815794,0.952310019736657
rs415651,16816944,0.7252270080686665
rs7290544,16817027,0.5834926316664261
rs384215,16818485,0.4022181185582603
rs12166570,16818752,0.8906114380180831
rs1077543,16819047,0.7848472018461521
rs1076539,16819598,0.9383224599610427
rs1076540,16819958,0.9383224599610427
rs382983,16822522,0.7848472018461521
rs5992916,16823681,0.7848472018461521
rs5992917,16823699,0.9383224599610427
rs1108372,16824180,0.7848472018461521
rs7286607,16824657,0.7867413768412299
rs1110659,16824675,0.9383224599610427
rs1110660,16824693,0.9383224599610427
rs1110661,16824734,0.9383224599610427
rs1110662,16824908,0.9937762794006924
rs379667,16828129,0.8020226884184214
rs433576,16828960,0.7002004704270501
rs12157484,16835122,0.9047629152642372
rs453435,16835621,0.5917758058779655
rs453557,16835830,0.7458246520236667
rs8141896,16836723,0.8109125674547483
rs370241,16836874,0.4576948343887879
rs9604816,16837842,0.8906114380180831
rs9605481,16845677,0.7195705645742949
rs385105,16846802,0.5435599373145528
rs424923,16847133,0.7450342842974638
rs8139578,16848208,0.9219645050193103
rs116167,16850030,0.9415123188850534
rs381125,16850897,0.5435599373145528
rs9306203,16851852,0.7598974538405722
rs393719,16852430,0.9914201817917833
rs401099,16857024,0.5435599373145528
rs410456,16859382,0.5435599373145528
rs401910,16859447,0.8717368677624237
rs5992953,16861122,0.8906114380180831
rs424765,16866017,0.1006619376780246
rs5992962,16866282,0.7032079405563257
rs397709,16869048,0.7817263391686913
rs450718,16873980,0.9255553043410835
rs452579,16875470,0.6918303090219143
rs366892,16875947,0.5535008193358526
rs8142200,16876522,0.6567788628808486
rs7284666,16879307,0.5982036369563728
rs390495,16884801,0.636870008047288
rs2034299,16885121,0.5982036369563728
rs1867357,16887030,0.5107043582984807
rs9605498,16892094,0.8889202690471445
rs107321,16892282,0.7655354959805631
rs9605500,16892325,0.7533948999072337
rs8139236,16892496,0.9930596920038294
rs424962,16896319,0.8143504563791849
rs4819660,16898634,0.7056709594257105
rs1076115,16898651,0.723778687436559
rs13057610,16898783,0.4727401456097272
rs4819661,16898829,0.7056709594257105
rs975826,16900582,0.9843690953503131
rs415606,16900654,0.79620518501231
rs465101,16903214,0.6488686345387886
rs463271,16905700,0.3261660326113842
rs462904,16906789,0.3261660326113842
rs466755,16910984,0.23048347796695223
rs455758,16913335,0.26812332479400836
rs458888,16913434,0.6782709487297233
rs9605514,16917041,0.13197575306051065
rs1992576,16917145,0.9228551213617799
rs458480,16919370,0.37224779420913445
rs460036,16919553,0.8200016979080474
rs455550,16919656,0.8831555681374644
rs11705515,16921497,0.2557822634003467
rs7288409,16922311,0.7450372220998633
rs7284964,16923688,0.44387300533066953
rs7289593,16924342,0.5775895970555761
rs12171267,16925387,0.9131017801630672
rs5992985,16925634,0.9131017801630672
rs5992986,16925811,0.808013085370928
rs11703869,16926611,0.266772742998714
rs11703744,16926667,0.3082130561207036
rs17207304,16929152,0.47309124516945156
rs5992165,16929174,0.6717118547213292
rs17742344,16929641,0.5845971226854229
rs9618193,16929740,0.5845971226854229
rs2401503,16931344,0.22511121925472888
rs10483096,16931780,0.346641102720571
rs17809705,16932662,0.24160212033322104
rs1005195,16933019,0.8877151948913673
rs17742403,16933606,0.20770517781030684
rs5992991,16933808,0.8678965746689484
rs4819666,16935134,0.8282751023285925
rs462055,16940570,0.9276800995818628
rs464541,16942888,0.7980930161612241
rs12484657,16946288,0.5935731145180128
rs17207360,16946917,0.5110048496073595
rs361818,16950153,0.8375384415106292
rs385130,16950175,0.5642046259184951
rs464385,16951008,0.5642046259184951
rs5992169,16952431,0.690739960150405
rs362128,16954715,0.8375384415106292
rs5992997,16956389,0.6380118769849445
rs361594,16957338,0.45026415089242255
rs362250,16961665,0.7718968516382654
rs467998,16962650,0.6380118769849445
rs467504,16963267,0.5420291025862498
rs3827281,16964433,0.4447673577406762
rs17809734,16964588,0.14369998134595593
rs468235,16965987,0.7451335751079016
rs5992999,16970899,0.04018848221055956
rs361893,16974931,0.2073178166480949
rs461517,16974961,0.49571620487649626
rs9617661,16975352,0.2897735593707148
rs361800,16976289,0.5056957341538508
rs362043,16976449,0.23199369702639505
rs7290794,16977209,0.8522927156475678
rs361834,16977404,0.0823422518751924
rs464901,16977502,0.05437017271446317
rs361540,16981415,0.494753149016918
rs9618203,16987872,0.6785094999479739
rs362133,16988627,0.5747602906587689
rs362195,16989046,0.8744637554904969
rs2234329,16989065,0.8106743635322482
rs361776,16989854,0.5951284999371472
rs362249,16990110,0.8236083166663533
rs361557,16991223,0.5353127198206009
rs8140197,16993045,0.7144710284305051
rs2234338,16993603,0.9951865046664715
rs12159975,16994445,0.6871579977234796
rs2540620,16994874,0.8152608910393859
rs9618216,17011365,0.7674727250058866
rs5993013,17013446,0.43457041791096074
rs5992185,17013978,0.5257652013961066
rs2252257,17020300,0.4348522888264308
rs5993031,17028971,0.8231683341155935
rs2542109,17029861,0.692093623832048
rs3180408,17030682,0.8032973831433743
rs4819484,17035860,0.5182199334665194
rs17742907,17270615,0.33639099952642315
rs2080346,17272575,0.5881405290972777
rs407895,17273631,0.5482988999938856
rs2005883,17276464,0.46138669462193094
rs431289,17276709,0.8420596004383809
rs413280,17277228,0.7915979522833791
rs450046,17281004,0.01224964295455801
rs5747927,17285556,0.10613883361866323
rs9618419,17287405,0.17238347687958444
rs2005736,17292119,0.32793334544809916
rs4819756,17292678,0.3287536445246658
rs17810231,17293312,0.7052075598508067
rs2016108,17295963,0.3428390787966591
rs759404,17296180,0.2701586525727325
rs367766,17297031,0.2142259176856397
rs759406,17297748,0.13038360298446428
rs17743045,17298218,0.13038360298446428
rs16983593,17298825,0.7060878625413285
rs3788287,17301917,0.07495429996278435
rs1814288,17303383,0.10870473778090074
rs9604911,17304956,0.24659247520568095
rs2019061,17343340,0.23547601905954918
rs9680846,17345418,0.5466197302843847
rs11914070,17345628,0.6767851895028029
rs2078743,17346859,0.5501098946140517
rs5747950,17347371,0.23675397696642875
rs2041780,17351224,0.5863516917356579
rs2518805,17355587,0.5146225760293883
rs1210635,17359405,0.5952841861370102
rs1210637,17360443,0.6737241356851393
rs3804048,17360791,0.9992549835086121
rs7291719,17361291,0.3405527836400498
rs1210638,17361563,0.9160054476517578
rs2913,17362097,0.6173315350490671
rs2023635,17369020,0.8256340370884563
rs17810512,17370128,0.9318484740419949
rs5993462,17372121,0.46473795718301425
rs5993463,17373128,0.8968938751941867
rs4431035,17376565,0.7381470533493419
rs2871006,17388108,0.7557352910002832
rs3848856,17396663,0.9892565934336979
rs2073776,17404651,0.4154393873704728
rs6623,17405381,0.6016115555101169
rs10160,17406025,0.8960136018497159
rs2072123,17406613,0.9656127323734582
rs5992353,17406877,0.8603978637945585
rs2073775,17408476,0.6736273828748855
rs6518516,17410113,0.9656127323734582
rs6518517,17410336,0.9656127323734582
rs715590,17410722,0.6767008616951082
rs715599,17411108,0.359178936912275
rs1001896,17412215,0.5379861629146363
rs2074003,17416739,0.9656127323734582
rs2057754,17417535,0.5360105058260729
rs10854539,17417734,0.359178936912275
rs8138035,17420775,0.9656127323734582
rs5992356,17421699,0.4221970988403392
rs2107298,17427207,0.5899855530203617
rs2238740,17428449,0.4241444451816748
rs2238743,17429602,0.62319381355614
rs5993488,17430635,0.9656127323734582
rs5993489,17431362,0.359178936912275
rs2238748,17431381,0.8632446225409772
rs5993492,17436576,0.6736273828748855
rs6518522,17436915,0.5360105058260729
rs2238751,17437790,0.5360105058260729
rs2238754,17438146,0.3536515683451764
rs1557847,17442353,0.9656127323734582
rs5993516,17453612,0.359178936912275
rs2800960,17457049,0.12622795990511507
rs2800969,17457594,0.5379861629146363
rs2800980,17457927,0.8632446225409772
rs1934895,17460150,0.359178936912275
rs2525036,17462535,0.9656127323734582
rs2793064,17464689,0.9656127323734582
rs10483100,17465202,0.6456188965303329
rs2800954,17466183,0.9656127323734582
rs2189490,17474165,0.7890026135132513
rs2066240,17477437,0.9407335708113292
rs2105421,17477680,0.8632446225409772
rs1034727,17477700,0.9600337927997946
rs2800981,17478642,0.7890026135132513
rs2525079,17478966,0.9600337927997946
rs5993533,17479419,0.9600337927997946
rs712966,17481978,0.9600337927997946
rs807741,17483298,0.12622795990511507
rs807743,17483598,0.9600337927997946
rs807744,17484186,0.9307502220350335
rs807750,17487437,0.8632446225409772
rs807751,17487596,0.6632383473066106
rs807753,17488548,0.9994988107803782
rs807756,17492322,0.060695080831653335
rs807757,17493028,0.5693944175033674
rs807758,17493477,0.7868420794981688
rs807759,17493686,0.7868420794981688
rs17811029,17495656,0.6456188965303329
rs8139221,17497267,0.816492253468103
rs1052763,17499751,0.7633899728306275
rs1052773,17499938,0.5941412360724054
rs2285857,17500867,0.7012595901768545
rs2285858,17500959,0.7012595901768545
rs2240111,17502665,0.6456188965303329
rs2240112,17503075,0.4994009774711178
rs16983371,17503952,0.32542007107568316
rs5747997,17504375,0.2860894067564952
rs5747998,17504546,0.5593924927239058
rs17743906,17508757,0.5812317827742346
rs737923,17512325,0.03742410746418465
rs715544,17513605,0.3104298540110798
rs4819776,17513916,0.017582172936082878
rs4819778,17514083,0.00591354711564322
rs5992372,17514440,0.3045361071753079
rs2275901,17515603,0.02658201030414215
rs3761405,17519368,0.6435189923596494
rs12484548,17520990,0.8241835297003854
rs12484562,17521162,0.8241835297003854
rs11089255,17521314,0.8241835297003854
rs12628176,17521529,0.8241835297003854
rs5993546,17525323,0.938495053354465
rs2096376,17527441,0.6034175119353012
rs5748014,17528721,0.319684646221681
rs5748015,17528751,0.6700472359125871
rs5993549,17529300,0.6036223693277813
rs4819782,17529580,0.4307221144638048
rs2097789,17530261,0.9199687525790793
rs13053237,17532094,0.8454709032742326
rs807670,17534608,0.09400644455469162
rs5748021,17535622,0.12576015639224727
rs712964,17536117,0.5087280024386281
rs807673,17538116,0.1659207573494923
rs712959,17539015,0.5087280024386281
rs2298271,17540297,0.08170254056730428
rs2298270,17540307,0.12576015639224727
rs5746671,17540899,0.6667518685339564
rs807667,17541327,0.3212705106039748
rs2040771,17541935,0.5751781802662627
rs712958,17547409,0.7171196955588748
rs2800974,17548087,0.3212705106039748
rs2800973,17548616,0.3212705106039748
rs1018764,17552006,0.3212705106039748
rs756651,17559367,0.3212705106039748
rs762523,17560589,0.26545085189932005
rs2238760,17562585,0.12576015639224727
rs1633399,17563787,0.24583279229302002
rs1061325,17564095,0.1701219063781214
rs2282684,17564244,0.39376928245494935
rs723414,17565736,0.6539428264586117
rs712957,17567009,0.3183901615097
rs9605957,17567375,0.37586131299445813
rs2239390,17568532,0.19093153726528822
rs2239391,17568775,0.12576015639224727
rs1633404,17569027,0.3183901615097
rs2283645,17573391,0.12028473084386349
rs807547,17575680,0.3183901615097
rs2073740,17576112,0.4743436937969212
rs1060376,17576502,0.19093153726528822
rs712955,17576680,0.3183901615097
rs712954,17576728,0.3183901615097
rs712952,17577949,0.24583279229302002
rs885978,17578226,0.5603931658264691
rs928907,17583060,0.5702227979121904
rs712951,17583078,0.7699127008711459
rs712950,17584210,0.4550870103792476
rs999699,17587844,0.09541857234767669
rs2073756,17589682,0.12576015639224727
rs2073755,17590740,0.12576015639224727
rs807462,17592947,0.4550870103792476
rs1206549,17595860,0.9138517053653935
rs1206554,17599980,0.39628003956471136
rs2073754,17601406,0.782539444848645
rs807459,17603352,0.3183901615097
rs809416,17604115,0.4446695725767469
rs807467,17606260,0.4550870103792476
rs807468,17606767,0.3183901615097
rs5746696,17608083,0.12576015639224727
rs809901,17608736,0.8043923237538361
rs1206555,17608943,0.3183901615097
rs807464,17610625,0.4550870103792476
rs807465,17612466,0.3183901615097
rs1206542,17616020,0.4550870103792476
rs5746701,17618431,0.09541857234767669
rs807429,17621014,0.7976629925846875
rs807430,17621841,0.3183901615097
rs2518866,17624338,0.43482037818252417
rs3788295,17625821,0.19093153726528822
rs9605972,17633274,0.9277316962077788
rs1340958,17633332,0.782539444848645
rs2518840,17635856,0.782539444848645
rs2800976,17636971,0.29467799304545916
rs362148,17642852,0.858399100285206
rs361787,17643698,0.9552898360316113
rs361991,17643892,0.9691264365570776
rs361956,17645799,0.858399100285206
rs2078750,17651831,0.8286182889677152
rs2283646,17653902,0.8477468842675199
rs2283647,17654144,0.12576015639224727
rs8143071,17657809,0.34126162344400857
rs3810597,17660403,0.9969344065374517
rs5992387,17663478,0.3183901615097
rs5746715,17663738,0.5970739973392802
rs5993581,17665816,0.5560332132385003
rs2023637,17666470,0.6555862583080068
rs2023638,17667862,0.9164708074332881
rs713885,17670969,0.9164708074332881
rs8135222,17672446,0.383380760810761
rs5993595,17679703,0.9164708074332881
rs2871023,17683289,0.9164708074332881
rs5993603,17688941,0.9164708074332881
rs9604954,17689389,0.9164708074332881
rs11089270,17689694,0.6715385948237467
rs982520,17690812,0.837180426298024
rs1210684,17692361,0.9747135838180633
rs1210685,17692616,0.9747135838180633
rs982744,17694032,0.9747135838180633
rs1210690,17698622,0.9164708074332881
rs5748131,17699763,0.8596796504363063
rs7292766,17700844,0.5768301692738591
rs5992395,17701052,0.6722926120126068
rs5993606,17703262,0.7837659502515824
rs1210703,17708422,0.9164708074332881
rs1210709,17715614,0.9164708074332881
rs885981,17717633,0.9164708074332881
rs885982,17718201,0.9164708074332881
rs2283650,17718412,0.7904865967190549
rs1210711,17719635,0.9164708074332881
rs2238763,17722188,0.621883110285647
rs1210715,17725293,0.7777502113159376
rs756652,17726000,0.8071853160336399
rs9605996,17726835,0.9350551189647599
rs737810,17728199,0.2996261819853091
rs2238766,17728399,0.9164708074332881
rs5748156,17736192,0.9164708074332881
rs5746727,17738782,0.9164708074332881
rs2283652,17742142,0.8001584899499341
rs2073773,17742618,0.2996261819853091
rs2285334,17745286,0.2996261819853091
rs5748165,17748723,0.9164708074332881
rs5748167,17750586,0.9164708074332881
rs2013516,17752656,0.8001584899499341
rs1009787,17752784,0.766498674199191
rs2097605,17756124,0.9164708074332881
rs5992398,17756301,0.9164708074332881
rs11089273,17756567,0.571857351476002
rs9606001,17757483,0.9164708074332881
rs2871026,17758723,0.9105534836719393
rs5748175,17760324,0.9164708074332881
rs5993624,17760714,0.9164708074332881
rs2871027,17761331,0.9105534836719393
rs2106144,17762559,0.4675185402988673
rs2106145,17762851,0.8001584899499341
rs28444159,17765816,0.9164708074332881
rs2238767,17766023,0.8001584899499341
rs2238768,17766633,0.2996261819853091
rs5748179,17767294,0.9164708074332881
rs9306217,17768174,0.9164708074332881
rs7284649,17768947,0.9164708074332881
rs11089274,17770804,0.571857351476002
rs3788298,17772528,0.9164708074332881
rs4479520,17778837,0.571857351476002
rs5748189,17779856,0.9164708074332881
rs5748190,17780229,0.9164708074332881
rs5748191,17780585,0.9164708074332881
rs5748195,17787344,0.9164708074332881
rs5748199,17792597,0.9164708074332881
rs9618567,17793706,0.8266717318331611
rs28552452,17793970,0.9164708074332881
rs5748203,17796053,0.9164708074332881
rs12168943,17800959,0.571857351476002
rs9606017,17801229,0.9787918084118029
rs7575,17803250,0.6370082966192374
rs11744,17808511,0.06976143666499451
rs885975,17810472,0.10442586323243713
rs712979,17811038,0.3659143008646164
rs9606020,17811049,0.8623385400991682
rs756649,17811396,0.323598902353294
rs756648,17811485,0.11816315274708092
rs2904558,17814215,0.323598902353294
rs2073731,17817938,0.960787419122921
rs1057457,17819165,0.95783322226276
rs7292006,17819540,0.95783322226276
rs5748212,17823931,0.14364348297157742
rs2269722,17824915,0.9193372482156561
rs5746738,17825054,0.9193372482156561
rs5748215,17827758,0.323598902353294
rs5746740,17829473,0.323598902353294
rs5748218,17831186,0.323598902353294
rs2072055,17833275,0.9193372482156561
rs4493360,17834787,0.95783322226276
rs5746742,17835376,0.9193372482156561
rs756658,17835836,0.95783322226276
rs756657,17835871,0.9193372482156561
rs739369,17836763,0.95783322226276
rs17811336,17838412,0.19911745829233185
rs2073758,17839157,0.9193372482156561
rs13447182,17847462,0.15677993792629608
rs5993650,17848655,0.9181848346525693
rs737858,17851609,0.45262829940996796
rs2238772,17852280,0.9450812687833485
rs7292872,17853910,0.24559545991358778
rs5748238,17859104,0.45262829940996796
rs5748239,17859695,0.18067606306656192
rs2073759,17863898,0.9450812687833485
rs5748240,17864167,0.11111830593165595
rs5748243,17866391,0.062004409064063654
rs9618586,17866600,0.09235049537585434
rs13447232,17867367,0.8489282426189521
rs2073761,17872644,0.9450812687833485
rs5746757,17873201,0.14364348297157742
rs2073736,17875967,0.8489282426189521
rs5746758,17876882,0.11111830593165595
rs9606043,17878687,0.8453589499874767
rs2283656,17880832,0.14898869214893742
rs13447270,17881363,0.6168002646274746
rs2073733,17884318,0.7364248983053205
rs2073732,17884470,0.10822885554001425
rs13447284,17885531,0.15677993792629608
rs2073760,17886456,0.4314930383978465
rs9606045,17886880,0.23547800503073346
rs5993665,17889729,0.47983584799592416
rs12628900,17890872,0.14364348297157742
rs11705109,17893489,0.7550516278716796
rs9604969,17894013,0.3956310129515963
rs739370,17894396,0.9709777745304027
rs5748260,17898079,0.5648307625156134
rs5748261,17898159,0.14349102301975614
rs7290191,17902510,0.8492179733874491
rs13056098,17904902,0.7735673926868689
rs4819804,17912378,0.28924838810216535
rs2157728,17918527,0.2173927620734445
rs5748285,17923952,0.687745118270054
rs5746770,17924112,0.4084042346961556
rs2106136,17927879,0.3215692127703279
rs9606068,17928079,0.928214297210241
rs5746775,17930343,0.3441048940560736
rs8138364,17934015,0.42332532930818245
rs13057770,17939628,0.42640897063590044
rs7286951,17941322,0.8760898505746878
rs7287561,17941712,0.5441751275035295
rs5992428,17943347,0.42640897063590044
rs2157727,17945395,0.3301767021508556
rs737851,17945850,0.3782194922687673
rs4819808,17947149,0.8765377329258884
rs5748311,17947776,0.343491751690572
rs9604979,17947818,0.4357603428049096
rs5748312,17947904,0.343491751690572
rs5746789,17949995,0.8360920140587083
rs5993706,17954607,0.9565844031699394
rs2871032,17954758,0.7619465687101827
rs5993709,17955600,0.343491751690572
rs737857,17955953,0.7344411899976881
rs716989,17958158,0.9366581240473877
rs17744842,17959962,0.30830451807582016
rs756656,17960185,0.4357603428049096
rs5993715,17961946,0.7936303865467924
rs5992433,17962066,0.6352923199282148
rs5993719,17962961,0.6449265380459958
rs5992435,17963025,0.8734272644999879
rs5746794,17963106,0.5088911268262761
rs9618617,17964197,0.5178253363758667
rs885983,17964672,0.7751869258136935
rs9618618,17965224,0.30830451807582016
rs5746795,17965836,0.9086232188234118
rs12710560,17973156,0.887900262647401
rs5748346,17973301,0.8220203636364579
rs5746800,17974436,0.9463552974699276
rs5992439,17978041,0.13613392458462756
rs5992441,17980937,0.21451021799141956
rs5992442,17980961,0.5336968350283768
rs8135473,17981238,0.5071442531794812
rs8135254,17986703,0.6064465225919136
rs12158620,17989380,0.6476216565150719
rs9617814,17989943,0.6829766039848223
rs10854554,17990682,0.9204973880907376
rs5993743,17993784,0.92127681227164
rs5993749,17996341,0.9621496457468048
rs12159587,17997746,0.835525520662864
rs5992452,17999745,0.9022502141059382
rs7291726,18000982,0.26691611937020054
rs1476445,18001011,0.1686726964618509
rs17209532,18002523,0.5728484099469402
rs13057911,18003386,0.4497349657592582
rs6518564,18003466,0.21569512971779525
rs8135843,18004048,0.9022502141059382
rs11705429,18007431,0.5856719712729059
rs8139020,18008737,0.13162299447229053
rs719078,18011499,0.6172868965623468
rs8139369,18012494,0.6172868965623468
rs5748362,18012608,0.7660131930717782
rs2871039,18014330,0.11633511873283281
rs5993761,18018044,0.18484278458531322
rs1985884,18023245,0.7026895465254578
rs16984538,18023555,0.6401146375304281
rs7291584,18023844,0.807156328716947
rs9808864,18026034,0.9924945969476057
rs17744980,18027021,0.9748881430745153
rs11089296,18029005,0.8970192125752406
rs9606127,18033058,0.8094445189717366
rs1541326,18034452,0.6389196885645496
rs5748391,18039099,0.18865588145798917
rs9605002,18045133,0.9569278773512104
rs9605004,18048110,0.527451577616782
rs5993790,18048888,0.8277296441383899
rs2078742,18051207,0.7846610018929228
rs5748396,18051702,0.8511414837096711
rs16984071,18054992,0.2383975160761237
rs1123657,18055944,0.6522511996308209
rs1557627,18057207,0.7661478897250755
rs5992460,18057822,0.6641409052164775
rs1015939,18058655,0.44591021114377793
rs1018851,18058836,0.17051832253491983
rs5992462,18059067,0.6641409052164775
rs8137838,18059460,0.6641409052164775
rs5748403,18061349,0.7606378682925226
rs13054827,18061755,0.6641409052164775
rs13053558,18061827,0.6641409052164775
rs5993810,18065895,0.3138709608042326
rs2097599,18070250,0.8955643231509528
rs13055644,18070656,0.7294405943680989
rs4819833,18071502,0.9752302067195815
rs35581723,18076947,0.5862414925776003
rs9606146,18078129,0.5028510870004421
rs4819835,18097320,0.7931732085072577
rs4819836,18097620,0.5764785301860932
rs5748410,18098144,0.1394863813629848
rs2871041,18098733,0.8580549396383257
rs5748411,18101473,0.6842324347268335
rs5748412,18101650,0.6908408798450333
rs4819840,18101766,0.8166041151162513
rs4819841,18101988,0.4959493623649728
rs5993817,18104055,0.6245113789562804
rs9618678,18104613,0.9721656341193338
rs739377,18106999,0.40081966192201157
rs2157731,18109091,0.3847878582135934
rs11089305,18109361,0.9579151463674873
rs5748415,18109424,0.33307496405339443
rs885988,18110592,0.5452560388054524
rs7293017,18113811,0.7683755425025327
rs6518580,18115854,0.012617345936160818
rs4819519,18116003,0.02161422501563703
rs7291533,18117610,0.005059803288337251
rs5993820,18117621,0.015665180628034583
rs1005133,18118355,0.47879811702334674
rs8138086,18118645,0.007749920636140468
rs5993825,18125481,0.5537523668618494
rs1978060,18129525,0.09110756816711711
rs2301558,18131829,0.008053364526926125
rs2238774,18137339,0.08931711189211317
rs2238777,18138228,0.13532896713410666
rs2238778,18138399,0.08931711189211317
rs4819843,18145182,0.16747592660202382
rs4819522,18146782,0.37600659482544674
rs5746826,18147051,0.29609220884250453
rs2073762,18151568,0.39484456775320775
rs5993830,18153308,0.32524990661103126
rs5748425,18155043,0.36049929142830295
rs5748427,18155287,0.2576085110479013
rs2871043,18161823,0.2550385755032698
rs5748432,18163362,0.3361087045825777
rs2269726,18165006,0.3361087045825777
rs2904561,18167309,0.2550385755032698
rs748806,18167736,0.9154083264179925
rs9606160,18168347,0.005771083533529983
rs12485220,18170308,0.9558462945250757
rs5748443,18172144,0.3539059033939046
rs5993834,18172712,0.005771083533529983
rs3788301,18175191,0.2576085110479013
rs2073765,18180322,0.2477587075325518
rs5748445,18182779,0.2477587075325518
rs5746837,18185263,0.1916757856107123
rs9606164,18187031,0.2769674937621648
rs5993844,18189434,0.43552044737881845
rs7285337,18194714,0.6496303734495875
rs1468089,18195044,0.05944743492437945
rs1468090,18195209,0.09450065295339928
rs10427769,18199577,0.3839616263005451
rs9680547,18201659,0.3492128741840168
rs6518584,18201819,0.05944743492437945
rs7285519,18205152,0.3492128741840168
rs7287254,18205223,0.049553254261724744
rs12167717,18206640,0.6496303734495875
rs11089314,18209440,0.052607159791069294
rs1053001,18213781,0.035878635696600825
rs13164,18213926,0.6496303734495875
rs1052978,18214026,0.035878635696600825
rs35077427,18215756,0.27050933916874986
rs7288631,18216148,0.05714214998745307
rs11705143,18216705,0.25578075216332163
rs3196628,18217275,0.05714214998745307
rs10372,18217298,0.15317900292545575
rs3747066,18217575,0.21939066314520617
rs17745302,18219438,0.27050933916874986
rs11704009,18220123,0.15006466233056978
rs11704083,18220413,0.046360792620951774
rs35169076,18221501,0.15006466233056978
rs13057784,18221642,0.27050933916874986
rs13057910,18222285,0.27050933916874986
rs17534001,18222310,0.07376723625624346
rs11913285,18224492,0.04040662698550924
rs13053155,18224671,0.8624019079763237
rs12106549,18226987,0.0572365295887295
rs6518585,18229501,0.0572365295887295
rs35374520,18231149,0.0572365295887295
rs9754418,18234733,0.0572365295887295
rs17745314,18237342,0.1579793501000203
rs7285948,18241127,0.025866130919817643
rs1044732,18243142,0.02904116654417922
rs16984299,18243593,0.06182610424714865
rs13054371,18247189,0.02855088576751517
rs1139793,18248218,0.650719877429786
rs8141610,18250147,0.013466147045159749
rs2239893,18250831,0.46044645783539895
rs12158214,18251691,0.013466147045159749
rs3788305,18251778,0.012140436233264865
rs3788306,18252009,0.4130893222929888
rs1015471,18258514,0.6901147969778665
rs3788309,18259020,0.859322592210832
rs3804047,18259637,0.5753039526190031
rs5993853,18259938,0.039824870874173794
rs4819845,18261027,0.7043025954223401
rs5992493,18261556,0.4009373575676255
rs5992495,18262984,0.49343578029205093
rs3788314,18269423,0.9398755411669578
rs3788317,18269825,0.8545833300985094
rs7410379,18279839,0.10319916947060154
rs1005873,18280075,0.49100604291949734
rs756661,18285802,0.31121787717631466
rs11541479,18286511,0.41519310933223097
rs5748469,18287099,0.2163474661569822
rs5748470,18287118,0.5559629933583099
rs8141691,18289426,0.4527972784047495
rs1012157,18289977,0.40520703392466717
rs7289747,18290716,0.8728631372474738
rs17210001,18294854,0.4836000558993456
rs5993875,18295326,0.508683609604961
rs7287604,18295680,0.5446657050690273
rs7290448,18295939,0.5476375867741463
rs9617850,18298231,0.5446657050690273
rs5746847,18301003,0.5835679639935667
rs9605030,18301137,0.1589127349479892
rs9605031,18301378,0.661947260959487
rs8140265,18301641,0.593171401689813
rs5748485,18303415,0.508683609604961
rs6518591,18304021,0.5446657050690273
rs11705619,18304579,0.5446657050690273
rs5748489,18307146,0.508683609604961
rs4646310,18308806,0.44739889098090446
rs2020917,18308884,0.661947260959487
rs737866,18310109,0.5455786278403433
rs737865,18310121,0.5112759911952081
rs9332316,18310274,0.2590339147677597
rs933271,18311407,0.16811546417913914
rs1544325,18311668,0.508683609604961
rs8185002,18313048,0.5455786278403433
rs174673,18313778,0.33026620684733976
rs174675,18314051,0.1327327107163413
rs5993882,18317533,0.5308042300345183
rs5993883,18317638,0.9723632063239003
rs16982844,18327942,0.5862422780685541
rs4646312,18328337,0.7338869538176724
rs9332362,18329103,0.5823206986133695
rs4633,18330235,0.23176788856974295
rs2239393,18330428,0.6356502746455307
rs740601,18330763,0.6356502746455307
rs4680,18331271,0.1699947519850289
rs4646316,18332132,0.218625561303619
rs174696,18333176,0.5500698016308305
rs174697,18333832,0.40449339251210015
rs174699,18334458,0.4178281395340647
rs9306235,18335157,0.17612564196907088
rs9332377,18335692,0.029164767192795274
rs165728,18337023,0.40449339251210015
rs165824,18339366,0.7366648752460492
rs165815,18339473,0.2897420597034802
rs5993891,18339746,0.28938805785788957
rs758373,18340394,0.28938805785788957
rs2240713,18341101,0.27510197495708166
rs887199,18341955,0.2897420597034802
rs2239395,18342203,0.27510197495708166
rs1110477,18342380,0.3920918259822015
rs1110478,18342769,0.34402506017639145
rs887200,18343666,0.22173526699929147
rs12158201,18346749,0.43675431196070647
rs887204,18347068,0.014748742348822692
rs2240716,18349696,0.363714275202324
rs1990277,18350502,0.1222764917727073
rs917478,18352824,0.6465790564400398
rs917479,18353205,0.7169993070086236
rs2238786,18355444,0.446283590276361
rs887201,18356834,0.4115879325557861
rs756653,18356845,0.446283590276361
rs2012714,18357647,0.8285813685620491
rs2073746,18358558,0.028617627719350676
rs2238788,18360300,0.1222764917727073
rs2238790,18363014,0.7454674989729617
rs2238791,18363111,0.0967131855473993
rs11089325,18364200,0.1219790667368545
rs2073745,18365507,0.24981326246806368
rs7285377,18367202,0.5257489509248408
rs4819852,18368167,0.5257489509248408
rs2073742,18369642,0.036442043438109195
rs2073741,18369890,0.036442043438109195
rs9617857,18370789,0.06726500326853774
rs9618725,18371067,0.06726500326853774
rs877118,18376570,0.9689763747411604
rs1989843,18376829,0.9689763747411604
rs41458445,18378088,0.2852962283214271
rs2531697,18379492,0.4639649067187237
rs4819853,18379760,0.8819802573600055
rs2531716,18384704,0.0394969951721745
rs3788322,18386040,0.2063966968159563
rs1858770,18386992,0.2984712066584031
rs5746851,18387619,0.2759924696065639
rs737985,18389078,0.1695084580648576
rs2518827,18390730,0.5408708583647157
rs2518829,18392286,0.8008082307387703
rs9606211,18394032,0.2256310594371509
rs2531706,18394473,0.6229478232801764
rs5748505,18395016,0.2852213445763423
rs9606213,18396971,0.8210830002605236
rs2531708,18397445,0.44998337887123807
rs2078749,18399768,0.5154193593502978
rs2008591,18400229,0.27372380242856986
rs6518598,18401938,0.2852213445763423
rs11703292,18405951,0.30669628087656875
rs374225,18409878,0.5213234385418476
rs455049,18411964,0.728744671730952
rs397701,18412327,0.5213234385418476
rs405342,18417315,0.7144509472677212
rs3804046,18419867,0.22394623176872386
rs17817689,18420602,0.5877339594949533
rs729894,18421741,0.5877339594949533
rs174876,18423370,0.97129131443226
rs440042,18425411,0.4473371567029103
rs399162,18426687,0.6722024344734678
rs17818431,18432420,0.6848669571680417
rs3804044,18432442,0.5877339594949533
rs3804043,18432481,0.6052742787189307
rs442277,18432566,0.43715060649999493
rs1054215,18433554,0.22394623176872386
rs7285397,18437143,0.9929877334456879
rs5992507,18437458,0.5877339594949533
rs446059,18439763,0.28650768898871803
rs9606232,18445370,0.43482490275588426
rs2269724,18448556,0.1504378807719251
rs9606239,18450285,0.8984387978360728
rs9606240,18451423,0.8984387978360728
rs17817767,18451630,0.20223763722067112
rs1558496,18451737,0.37345981086620494
rs1558497,18451899,0.8984387978360728
rs2302497,18453147,0.22394623176872386
rs2073778,18454575,0.456675837040351
rs9606241,18455858,0.719581948109747
rs2073779,18457863,0.22394623176872386
rs11089328,18459603,0.8587228454503715
rs2286925,18460447,0.22394623176872386
rs1640297,18461852,0.6012774871101003
rs2286926,18462074,0.15388383466310884
rs4476436,18462961,0.719581948109747
rs9606248,18467539,0.5983362068202278
rs9605062,18469880,0.719581948109747
rs9605063,18470038,0.9542006727114648
rs2904565,18471628,0.8984387978360728
rs9606251,18472777,0.8984387978360728
rs9606252,18472996,0.48153382004788436
rs443678,18473126,0.930763959401443
rs8139591,18473317,0.8984387978360728
rs1640299,18478359,0.6795748076414789
rs2286928,18478521,0.1483377725771265
rs417309,18478544,0.9300878994297923
rs720012,18478582,0.40483587463684634
rs720014,18478882,0.6373914262536866
rs1063286,18479246,0.8571897175197604
rs3757,18479331,0.7117818143750092
rs9605066,18479654,0.8984387978360728
rs1633445,18480596,0.6373914262536866
rs885980,18482090,0.8607008727106886
rs2073777,18482750,0.456675837040351
rs713982,18484819,0.9298855054702688
rs2238798,18487729,0.42574806343115734
rs11705021,18489677,0.5402630182338293
rs175162,18493253,0.719581948109747
rs175163,18493777,0.6739262456901434
rs175164,18495562,0.719581948109747
rs175165,18496015,0.8587228454503715
rs175166,18496182,0.719581948109747
rs2871052,18496972,0.1483377725771265
rs175174,18507554,0.7427560888870481
rs2286931,18508881,0.1483377725771265
rs8137258,18515961,0.1776234548596568
rs4819867,18516379,0.8354097813334017
rs9605071,18519204,0.16819824106911896
rs9606268,18522837,0.31637315840786784
rs649737,18524663,0.3168985139209656
rs17817803,18525526,0.21741364425229714
rs9605074,18526533,0.09450220320851134
rs373747,18535192,0.47896393571580664
rs28384,18536415,0.2971509553705419
rs1153418,18541424,0.721099924324453
rs175194,18543070,0.12938113248079527
rs8137965,18543462,0.15004998824917648
rs404060,18544360,0.7223900053449427
rs385773,18544589,0.23213694821882647
rs78908,18544709,0.9343744459393704
rs4474965,18545266,0.2619938141862854
rs175197,18545632,0.6378943081834934
rs175200,18548509,0.676286002361129
rs617427,18551368,0.18614998691760154
rs75766,18554853,0.14664933637417318
rs9618749,18555223,0.5737552027476274
rs175207,18557061,0.5801774316002886
rs2871058,18558147,0.8601207018169063
rs2871059,18558175,0.8601207018169063
rs175210,18558915,0.851739418947131
rs2537857,18558929,0.8199160548150405
rs701446,18559255,0.7405610796006199
rs696885,18561136,0.5264426117614376
rs696884,18563509,0.08358159686099144
rs613930,18565119,0.9168043888194567
rs625704,18565457,0.7947213240264248
rs681112,18566102,0.7947213240264248
rs655656,18567575,0.8087586343814352
rs672570,18569077,0.07729725835290596
rs9605084,18572331,0.2688771674117295
rs627235,18575591,0.005612305436150285
rs17746115,18576046,0.046144837637572225
rs589089,18576469,0.8214077787021351
rs9606282,18580513,0.046144837637572225
rs730669,18581954,0.3630891082402099
rs1000539,18582729,0.5802760900083105
rs5993934,18584924,0.724144741995788
rs1640426,18587825,0.01448727435646598
rs5748554,18589030,0.8821798338328671
rs9605090,18594783,0.004041769054663195
rs701434,18594899,0.04196046296487192
rs8141593,18596156,0.0037103220150712184
rs5748561,18596804,0.0037604055613424947
rs9606290,18598237,0.18929898547197055
rs5993935,18600764,0.13233331565684903
rs855072,18601844,0.26018969492930066
rs10212079,18602105,0.2843431134511142
rs759577,18605536,0.5678720421162201
rs701431,18606455,0.17659325332403575
rs701428,18608542,0.2261044699768341
rs854971,18613429,0.2440214284290072
rs887765,18614817,0.2049129223810121
rs696880,18615200,0.25375760426353056
rs1567871,18621160,0.22169762691074835
rs855050,18628391,0.1924697218321989
rs9606305,18638973,0.6647880662307208
rs854936,18640814,0.7528918894253731
rs854952,18647705,0.6867706368796568
rs701414,18648483,0.713283246116208
rs9606315,18656948,0.6578547289251558
rs854961,18658004,0.8236226090260039
rs855064,18658529,0.5230268685122093
rs9618775,18659128,0.4737580061180874
rs12628408,18659159,0.4877619440817863
rs12169202,18659718,0.8119041630288056
rs5993954,18662886,0.5881948033339849
rs741413,18666099,0.6204329593745508
rs2904577,18673625,0.46751902420576386
rs4995261,18676540,0.6694336521915839
rs2280117,18686993,0.583814482914807
rs1210829,18688800,0.2128483669040533
rs752689,18689393,0.9937464293598699
rs9617876,18710744,0.2128483669040533
rs3827282,19048116,0.39693375043739343
rs362064,19062809,0.24915963772835292
rs6003971,19063495,0.8112912278085355
rs362243,19063667,0.11094991914730243
rs361764,19066315,0.2558163564396788
rs9609699,19067903,0.23787366811656496
rs13055191,19068689,0.9850050657471788
rs7286096,19068879,0.42990094926526445
rs2108744,19071890,0.9533101340081691
rs361689,19072450,0.3437752912640544
rs887021,19077763,0.1474031485237916
rs2266945,19078053,0.9850050657471788
rs361877,19081136,0.09230347819868001
rs362075,19081339,0.14453105937044347
rs362062,19083041,0.12588774304496791
rs361640,19083615,0.09230347819868001
rs362181,19083771,0.09884961862478062
rs5761326,19084239,0.09230347819868001
rs2329377,19084506,0.1128145675270791
rs4546089,19084655,0.09230347819868001
rs1990249,19085098,0.11681328259141983
rs4581986,19085226,0.09230347819868001
rs737811,19088954,0.9513262087664385
rs4020,19091384,0.13612820952357016
rs887023,19091899,0.10446226465088
rs9610309,19091976,0.2365859336445043
rs1013634,19094595,0.5149237030031264
rs6005267,19094994,0.4859996046706865
rs5761913,19095021,0.6344268316180919
rs738089,19102598,0.48025130934602134
rs6005680,19104454,0.9017925911839522
rs5752676,19104614,0.6369747121129647
rs5752681,19104808,0.7582307044006249
rs1771146,19105247,0.31918351697107095
rs6005740,19106843,0.3010457620034148
rs738084,19108066,0.10045084333061774
rs1076486,19108770,0.7161699577530923
rs5997411,19113485,0.5036525685723878
rs8137004,19113721,0.3253564727556567
rs882745,19114217,0.5424312893658727
rs7289390,19114550,0.7161699577530923
rs4823021,19116810,0.7161699577530923
rs1123521,19118590,0.7161699577530923
rs2108746,19118969,0.10045084333061774
rs1005640,19119074,0.16488434772177574
rs1477177,19119574,0.2511741415186999
rs1477178,19119688,0.19006404967293
rs1035239,19123914,0.3281943203315518
rs5763655,19124484,0.27461510819868706
rs1153427,19125757,0.1983908429315978
rs9997,19126175,0.21580238828857123
rs5763911,19127289,0.45662552213387675
rs8748,19130835,0.761243008926803
rs1058990,19130983,0.2154176558274692
rs361727,19131221,0.16986167054507195
rs2329356,19135369,0.761243008926803
rs5753651,19139620,0.761243008926803
rs361988,19140054,0.18778905461324757
rs5749316,19141231,0.09624711643628897
rs361573,19141674,0.17415564236585135
rs5753802,19143247,0.17415564236585135
rs17819290,19147183,0.16986167054507195
rs165807,19148267,0.20946002075864745
rs165889,19151874,0.11556881211879613
rs165864,19152366,0.13770514214307583
rs177343,19152945,0.13770514214307583
rs5754388,19155189,0.761243008926803
rs5749587,19157264,0.13770514214307583
rs9623544,19158638,0.13770514214307583
rs5749656,19162190,0.761243008926803
rs4401303,19164564,0.13478467112821468
rs5749718,19165089,0.13770514214307583
rs1771144,19172362,0.20340227965850532
rs165613,19173885,0.761243008926803
rs12484813,19174663,0.95426870325233
rs4821372,19176641,0.13478467112821468
rs2079099,19180440,0.36952485779668987
rs1860127,19180577,0.9142135220670847
rs4820216,19184161,0.05982065576683614
rs738092,19190931,0.8444701170415518
rs6000569,19194940,0.44846156560148465
rs11704564,19195291,0.6330740546283802
rs997145,19196658,0.7272689264039138
rs2014654,19202855,0.15955871935419585
rs7291930,19206509,0.8700972926711855
rs1110462,19211385,0.29997162007735767
rs11090206,19211678,0.37296454058556416
rs1771149,19213449,0.26678948721081974
rs6519408,19214910,0.8700972926711855
rs5995708,19217080,0.6330740546283802
rs2269830,19221259,0.679040182574128
rs4821915,19221545,0.16831143542678795
rs2269832,19221842,0.7546031409912646
rs2269833,19221928,0.7272689264039138
rs7292126,19226926,0.679040182574128
rs5757984,19229186,0.26678948721081974
rs4821963,19230074,0.36473706703158226
rs886319,19233410,0.36473706703158226
rs165609,19238993,0.36473706703158226
rs165792,19240883,0.45493340838651974
rs5758468,19241756,0.7272689264039138
rs177421,19243757,0.45031584139592673
rs165685,19249755,0.15955871935419585
rs11705359,19251355,0.6330740546283802
rs17819434,19252470,0.37296454058556416
rs165918,19256625,0.26678948721081974
rs5759311,19257675,0.7272689264039138
rs5759314,19257716,0.7272689264039138
rs165666,19257802,0.25596035658874283
rs165772,19258266,0.26678948721081974
rs165674,19258809,0.36473706703158226
rs12484576,19259084,0.7272689264039138
rs177426,19259782,0.679040182574128
rs165908,19265731,0.29166774555774144
rs646164,19266334,0.3029044015144847
rs5759455,19268180,0.7272689264039138
rs165747,19268775,0.7783394689872265
rs741191,19271450,0.7272689264039138
rs165591,19276302,0.7443808970413968
rs361646,19277274,0.446905044402676
rs4822328,19280328,0.03686144229386419
rs362089,19280473,0.03498846495016815
rs554733,19280564,0.08364142440153227
rs165626,19284760,0.3489145793649452
rs552823,19286906,0.5492681052399195
rs561595,19290707,0.5836104633625043
rs13433634,19291189,0.5873684262481959
rs17819593,19292028,0.8102440628003315
rs17819599,19292978,0.4092173360659068
rs1557798,19293373,0.8984207349079001
rs680548,19295555,0.6818169709074282
rs1108099,19296396,0.5267267949614135
rs1108101,19296457,0.5267267949614135
rs738040,19296547,0.2532340007673669
rs473304,19297450,0.561246993080553
rs11090296,19300175,0.40098405070295984
rs853131,19300885,0.7736626090001181
rs654526,19303386,0.7736626090001181
rs687192,19307272,0.7557015657432413
rs687164,19307292,0.3962900288425265
rs5759632,19312876,0.44391416219370594
rs596235,19313592,0.3960732973229487
rs12483894,19313830,0.534249077611489
rs16988629,19315000,0.7461248375839415
rs16988632,19315012,0.4216053372618308
rs661440,19320057,0.15512771393690353
rs17757910,19320662,0.4061191078870382
rs580204,19321062,0.15412414114908046
rs5751615,19321129,0.5173332058302214
rs759224,19323328,0.02374113020024653
rs741193,19323467,0.7855734626487807
rs741195,19323766,0.621847693149779
rs2016016,19323797,0.312236775578586
rs9612548,19323961,0.4518011951693628
rs2539918,19324186,0.4518011951693628
rs658793,19326595,0.3703549447914757
rs673017,19327483,0.01695647667077636
rs526119,19329190,0.2634253041890413
rs41368547,19329626,0.6882886974288454
rs5996524,19331028,0.3677188247169325
rs612325,19331074,0.4646203157215558
rs624100,19331422,0.3650346372881189
rs2058554,19332437,0.1245650349785803
rs2058555,19332497,0.07608766434261792
rs2058556,19332822,0.12404825818667319
rs4822389,19333610,0.14884624535508137
rs7285501,19334476,0.8743010577282154
rs5759767,19334805,0.014861408370988552
rs17211605,19335422,0.014861408370988552
rs1339959,19335697,0.028205494931816663
rs13055518,19336192,0.7383729226278263
rs1076455,19337485,0.6189280389676953
rs635095,19338167,0.7383729226278263
rs651851,19339596,0.9133760343232177
rs653137,19339853,0.7383729226278263
rs9612573,19341132,0.971846919925957
rs9612574,19341216,0.971846919925957
rs2110412,19349125,0.38983539235270026
rs674478,19351264,0.037482751163686184
rs520698,19354880,0.16639422796376768
rs552668,19356003,0.3246729096661546
rs565979,19358946,0.680121516947541
rs491228,19363371,0.48994144394834704
rs28668558,19364809,0.8144593060139751
rs13055308,19383389,0.16220351442985592
rs5760087,19383670,0.6384759861724373
rs4820575,19390359,0.35326926339914777
rs1058552,19392168,0.33306934157600154
rs13471,19392268,0.0283657486992954
rs641901,19398659,0.3107277854740962
rs5751800,19405537,0.42309008426147376
rs4820579,19406129,0.4304321902909557
rs6004060,19410404,0.0243558895805507
rs11705170,19420148,0.1746869342748193
rs1558657,19424781,0.3107277854740962
rs2072513,19429297,0.48868524409913505
rs2072514,19429478,0.48868524409913505
rs2329483,19430842,0.31392002569308
rs2241138,19432490,0.5338064074086623
rs738057,19432973,0.5287996673524733
rs6004133,19433551,0.6073089834068943
rs2072515,19435343,0.48868524409913505
rs5751852,19436055,0.0243558895805507
rs2329583,19437153,0.5338064074086623
rs2072517,19445244,0.5287996673524733
rs6004160,19447060,0.46805225766029057
rs4822497,19448306,0.5338064074086623
rs9608386,19448524,0.5287996673524733
rs165764,19448918,0.46805225766029057
rs165818,19452412,0.46805225766029057
rs165848,19453247,0.6073089834068943
rs165618,19455198,0.4395342021569798
rs178028,19456344,0.46805225766029057
rs165730,19458206,0.46805225766029057
rs178029,19458576,0.6073089834068943
rs178030,19459295,0.5287996673524733
rs178031,19460129,0.46805225766029057
rs178032,19460331,0.5338064074086623
rs165866,19460549,0.533735252739745
rs165912,19462154,0.46805225766029057
rs165862,19465346,0.32848794894631506
rs165583,19465763,0.7151381500556039
rs5902,19468544,0.7687078775600872
rs5751939,19469242,0.0243558895805507
rs110374,19469955,0.5445113984142365
rs78656,19471434,0.0773487244136847
rs178040,19471734,0.08380566645826909
rs17820181,19475465,0.12118442468939276
rs165793,19477293,0.3107277854740962
rs165915,19479441,0.5287996673524733
rs13056862,19480012,0.12118442468939276
rs165924,19480340,0.5338064074086623
rs178042,19481655,0.6073089834068943
rs165622,19482071,0.5338064074086623
rs165813,19482179,0.46805225766029057
rs165758,19483590,0.5287996673524733
rs165742,19484282,0.46805225766029057
rs361556,19484390,0.6073089834068943
rs178047,19490584,0.6073089834068943
rs165811,19493327,0.5287996673524733
rs165902,19495675,0.5338064074086623
rs178048,19496338,0.5338064074086623
rs165854,19497787,0.46805225766029057
rs165701,19499122,0.5287996673524733
rs165634,19499875,0.6073089834068943
rs178051,19502498,0.5735135245838827
rs165660,19504356,0.5287996673524733
rs17758477,19504444,0.10956549472065297
rs3788327,19508723,0.7687078775600872
rs165729,19518732,0.6073089834068943
rs165860,19520756,0.5338064074086623
rs178058,19523604,0.5655431718745834
rs178059,19527679,0.5287996673524733
rs4822606,19528776,0.8522964953273704
rs165696,19534180,0.45260163805413023
rs178064,19538236,0.5338064074086623
rs178066,19541107,0.5287996673524733
rs178068,19542208,0.6073089834068943
rs165596,19542476,0.5338064074086623
rs1061063,19543380,0.6073089834068943
rs165598,19546695,0.6073089834068943
rs178069,19547575,0.6073089834068943
rs178070,19548339,0.5287996673524733
rs165686,19550004,0.636388237516171
rs165623,19550331,0.4059785628652349
rs10483104,19550733,0.0243558895805507
rs715579,19551805,0.7962223184240704
rs178074,19563270,0.6073089834068943
rs165783,19566141,0.5287996673524733
rs165905,19570108,0.466222520306394
rs165877,19571854,0.5287996673524733
rs178077,19572544,0.466222520306394
rs165801,19573253,0.4839399605587805
rs165861,19573643,0.6522477998006823
rs11577,19573687,0.6073089834068943
rs12162703,19576902,0.0243558895805507
rs178083,19577048,0.6073089834068943
rs165841,19583069,0.5287996673524733
rs178084,19583581,0.7127138372199262
rs178092,19588292,0.4304321902909557
rs9613260,19591449,0.43974454845258004
rs2329552,19593551,0.5655431718745834
rs2266951,19603441,0.5655431718745834
rs929202,19604338,0.482066523203024
rs4822687,19605029,0.4307320205207321
rs6004917,19605859,0.8172049893295705
rs5761368,19607471,0.48176695459031027
rs12628875,19615285,0.48176695459031027
rs5761386,19615846,0.48176695459031027
rs13057428,19616941,0.9823083601617504
rs5752284,19622744,0.5655431718745834
rs5761424,19623201,0.5655431718745834
rs5761433,19624414,0.0243558895805507
rs7292964,19626547,0.6770756849708717
rs4822700,19630308,0.5655431718745834
rs12484413,19631336,0.8522964953273704
rs17819409,19632320,0.8522964953273704
rs2266953,19632925,0.482066523203024
rs2266955,19633711,0.482066523203024
rs737894,19634408,0.5655431718745834
rs1548410,19634463,0.5655431718745834
rs9613388,19635473,0.455899065967759
rs1043242,19636743,0.44441328432263405
rs2285547,19637058,0.6974951806412559
rs178251,19641721,0.8053049854162388
rs178252,19642429,0.3298047963018671
rs2018682,19647432,0.45298204480829385
rs5761551,19647661,0.5222797305428191
rs756875,19648433,0.9910455600335987
rs2239959,19649041,0.936478424467697
rs178255,19652836,0.07699651737224586
rs178259,19654182,0.9886662157664097
rs178260,19654308,0.09985693623535383
rs733455,19659123,0.012504293101895922
rs178268,19660266,0.26159193404455416
rs178272,19661629,0.33004308234415836
rs178274,19661677,0.41025152599902515
rs178277,19662122,0.3343601238214754
rs8139975,19663505,0.4686880854698945
rs8140475,19664461,0.4686880854698945
rs8136699,19664662,0.4686880854698945
rs178278,19665259,0.29000673069742955
rs7292968,19665559,0.31308535823413275
rs16988950,19666362,0.7587635430816926
rs178280,19667266,0.5517574540111254
rs13054014,19667325,0.6795197012520158
rs7289487,19667964,0.21731007272208958
rs178282,19668543,0.22739541264546814
rs178285,19669751,0.24218487968384306
rs2269779,19672509,0.5434148686703484
rs4822783,19672811,0.2589069340769037
rs2073989,19674884,0.7484691904383536
rs112544,19676485,0.25446854157516585
rs756876,19676719,0.42190388343124685
rs178291,19678084,0.11231314064943268
rs178295,19680880,0.8166258244506625
rs3747081,19682120,0.6424506467840561
rs178296,19682181,0.7825333443282136
rs178297,19683328,0.32053906289139067
rs3747084,19683925,0.8004547545488004
rs369250,19686566,0.32053906289139067
rs1053775,19687153,0.8004547545488004
rs396130,19687602,0.3281993990601343
rs369935,19688204,0.32569225433245885
rs430305,19688522,0.8792383223595948
rs428214,19691060,0.9765078953919045
rs373092,19691870,0.10368140352078764
rs398577,19692849,0.29710549593255975
rs2516542,19693505,0.960309517757624
rs2075276,19693744,0.33238473795446377
rs2239961,19693960,0.8658675520134536
rs395938,19694849,0.9765078953919045
rs399647,19695384,0.9961069226348167
rs1003968,19697590,0.998567632443483
rs9625334,19701227,0.5064972157540943
rs2073598,19702405,0.6988935758967645
rs2541943,19706092,0.5408969177739775
rs1548411,19707301,0.24032202255763346
rs1548412,19707334,0.4953395391630796
rs2277838,19707650,0.5578940013559746
rs2541953,19711646,0.6620656576428218
rs2075277,19712482,0.9364147827361962
rs2270384,19714578,0.9364147827361962
rs2072549,19715843,0.7772764273334232
rs2072550,19716019,0.6694726741025374
rs5752500,19717967,0.7522663763190168
rs12627919,19722943,0.6170780005862042
rs6005346,19726528,0.9572939411251181
rs2002814,19729278,0.6525190952340951
rs12168111,19732726,0.8837437078403554
rs9625422,19734113,0.90994614023295
rs5762105,19739018,0.7569623978533419
rs2241223,19739191,0.9999943762216117
rs5762153,19745742,0.9346548195409963
rs5762158,19746404,0.9220412195038833
rs442656,19746442,0.8452398825066261
rs410356,19749799,0.7176478355503693
rs2106262,19750100,0.531479556754956
rs429738,19751425,0.9118798299959955
rs2075270,19751459,0.6517884988059579
rs365856,19751694,0.6506019757518127
rs9608678,19753036,0.732608308762045
rs2075271,19753908,0.5544707414920793
rs383331,19754414,0.3887392566206156
rs9620784,19754589,0.849480349743469
rs408718,19755769,0.6444454051199277
rs727497,19757379,0.504591862089202
rs403653,19757577,0.6876701110409509
rs9613607,19758294,0.504591862089202
rs428702,19759706,0.6536407134836567
rs400946,19761054,0.9830056858267129
rs439792,19761181,0.9971949012755159
rs1210585,19767561,0.832972919120704
rs421390,19768417,0.8730770457522934
rs382407,19770502,0.7735681651561447
rs444763,19773283,0.6984482272150707
rs17820836,19774374,0.5724297569734406
rs933582,19775396,0.7739236219358632
rs11913109,19776594,0.6231203339372541
rs431319,19779028,0.6830458085915947
rs9306459,19780020,0.5422874940943221
rs9608693,19780181,0.5422874940943221
rs6005625,19780264,0.5422874940943221
rs5997305,19780692,0.5422874940943221
rs1210601,19781097,0.7735681651561447
rs1210606,19782237,0.8638687480364533
rs2541925,19788082,0.8585520664017499
rs4822940,19788625,0.30447152947969647
rs2519458,19788772,0.6326836972399564
rs2519459,19788804,0.38896080494057794
rs2543397,19788925,0.6326836972399564
rs140390,19790008,0.12041523059463942
rs2543398,19790220,0.6386895578381167
rs5762401,19791607,0.9995246843725285
rs2845419,19793515,0.6384450168250724
rs2845421,19793730,0.06273394520287905
rs2845422,19795050,0.10803083011243365
rs2541930,19795835,0.7384486367526808
rs8136398,20128199,0.7631163337994995
rs465500,20128907,0.9570455988941595
rs460106,20136401,0.9559976730534776
rs34043275,20139133,0.7237546088055318
rs463426,20139185,0.9526187609721604
rs5997982,20141991,0.9977620361272893
rs9609710,20229201,0.6729009372104421
rs131654,20247190,0.833164756230782
rs131665,20250903,0.16807667004541826
rs140489,20251294,0.16807667004541826
rs140491,20252364,0.16807667004541826
rs2266959,20252904,0.16807667004541826
rs140492,20253144,0.15323152593979994
rs140498,20257064,0.16807667004541826
rs181359,20258641,0.16807667004541826
rs181360,20258916,0.1462325597147924
rs181362,20262068,0.16807667004541826
rs5754217,20269675,0.16807667004541826
rs4820091,20270189,0.15138772456697147
rs1034329,20273938,0.16807667004541826
rs5998619,20275851,0.16807667004541826
rs2070512,20279411,0.16807667004541826
rs9624480,20283033,0.8227577053541958
rs2283790,20286653,0.16807667004541826
rs11089629,20288872,0.16807667004541826
rs4821112,20294761,0.16807667004541826
rs5998672,20296442,0.16807667004541826
rs738127,20298221,0.16807667004541826
rs4821116,20303319,0.16807667004541826
rs5754387,20304703,0.11713378079719762
rs7444,20306934,0.16807667004541826
rs11089637,20309096,0.45022941363634317
rs4821124,20309289,0.16807667004541826
rs12158299,20309584,0.16807667004541826
rs4821130,20310894,0.24776962292350124
rs878825,20312249,0.2355056308250042
rs861857,20312340,0.07331019113315092
rs2298428,20312892,0.16807667004541826
rs2298429,20313260,0.16807667004541826
rs5754467,20315094,0.14848421969173756
rs34592211,20316101,0.9997753435340937
rs861855,20316827,0.22874577904067972
rs861854,20318524,0.1915425359593873
rs371513,20318599,0.654373570951967
rs12170285,20318833,0.07679768572044324
rs861850,20323067,0.21620476686010281
rs13054355,20327070,0.11334346105006458
rs861844,20336219,0.22315154631087464
rs447001,20340918,0.4869714543286707
rs9941935,20345144,0.15300144323559453
rs1103229,20352005,0.03804931174371846
rs2247115,20354150,0.0006386883418556516
rs108816,20355670,0.08745582393950746
rs1669125,20357348,0.0006386883418556516
rs3788329,20358124,0.08599303865053272
rs1669114,20365951,0.0006386883418556516
rs11703445,20366200,0.08599303865053272
rs881091,20366512,0.03804931174371846
rs1647712,20367223,0.0006386883418556516
rs5749643,20368458,0.0011217448821416159
rs861833,20369199,0.03804931174371846
rs396913,20369863,0.1616310924801534
rs861829,20372318,0.03804931174371846
rs861826,20375603,0.12717113452523932
rs12170039,20376787,0.06597096438255673
rs5999098,20378862,0.31494110221475835
rs12484060,20379783,0.251635696504799
rs3747094,20383880,0.09197327940606762
rs710172,20385280,0.04314569469727338
rs1860,20385394,0.04425334141097769
rs5754727,20387273,0.6848110323126059
rs762349,20392213,0.01859680275674929
rs5749696,20393337,0.8850415875604398
rs11914240,20395251,0.2866166874944356
rs8139619,20397722,0.36691084123666384
rs7349039,20398139,0.9044546404472036
rs17821327,20398517,0.03654849568005946
rs16997333,20399340,0.14900848920483886
rs8135758,20406405,0.018436664115793158
rs7292106,20409163,0.999657639333278
rs738857,20410865,0.2044818995182659
rs9607209,20411867,0.304917948193159
rs9607210,20412820,0.304917948193159
rs4821217,20416373,0.3121810803722531
rs743407,20423592,0.18045931017937977
rs5994885,20425771,0.011101450961457246
rs5999264,20425920,0.011101450961457246
rs13057442,20426802,0.016466370421504655
rs9610216,20428687,0.33518219006004957
rs5749779,20430288,0.23028163394904821
rs5754932,20430718,0.19962436139175255
rs9610228,20433423,0.1937534396974585
rs9607241,20434873,0.22261962611775798
rs5754968,20435582,0.1937534396974585
rs2876980,20436535,0.007360157911995226
rs9610271,20442527,0.49544654772344876
rs2276005,20443688,0.1937534396974585
rs2276006,20443887,0.1937534396974585
rs6928,20445004,0.4035866403218148
rs9340,20445353,0.22261962611775798
rs3810610,20445498,0.4035866403218148
rs13515,20445886,0.03266926995519619
rs1063311,20446467,0.22261962611775798
rs5755074,20451327,0.1937534396974585
rs2266966,20451554,0.22261962611775798
rs17759598,20452149,0.007360157911995226
rs2006893,20458678,0.4035866403218148
rs743409,20459215,0.46589073555993243
rs2283792,20461125,0.4035866403218148
rs9607272,20466398,0.1278911816232509
rs5749939,20471825,0.18855262513354076
rs5999515,20475101,0.4035866403218148
rs5999521,20476399,0.4035866403218148
rs7290469,20480982,0.27819501553135895
rs9610338,20481821,0.27819501553135895
rs2298434,20483239,0.1937534396974585
rs2266967,20486789,0.4035866403218148
rs5749986,20487661,0.4035866403218148
rs17821572,20505985,0.1785515508885498
rs7286558,20510183,0.740275618241406
rs4821367,20513980,0.1937534396974585
rs1892846,20516479,0.4035866403218148
rs9610375,20517093,0.3317050406226114
rs5999749,20517660,0.22373405159168513
rs17759796,20520163,0.011343789713204065
rs8141815,20521585,0.20685881360811775
rs12172554,20525075,0.3325489917898091
rs5755694,20530530,0.2413325374124159
rs8136867,20534793,0.19805196782190793
rs2876981,20535611,0.5004760054475199
rs9610470,20539139,0.377033993612753
rs2283795,20542974,0.1937534396974585
rs9610487,20543969,0.2976062437883149
rs5750113,20550074,0.33775527798051375
rs7285260,20575063,0.28487444883738555
rs9610574,20583023,0.36522284044990505
rs5755996,20587652,0.36522284044990505
rs6000043,20590441,0.01729858227334257
rs8142618,20592057,0.38784235575370396
rs8143081,20592369,0.26495347215081144
rs240054,20596577,0.47262441466831917
rs240055,20596808,0.5098911723363003
rs9610608,20602737,0.8624503800198409
rs5756076,20604211,0.36522284044990505
rs17759843,20604745,0.5101996414319314
rs2070507,20607571,0.36522284044990505
rs6000156,20611093,0.06290135834109958
rs240064,20611638,0.5428310756013901
rs915726,20611902,0.5594984059265153
rs894095,20612776,0.21884064329099195
rs2099792,20614513,0.03472425477631084
rs5995248,20615324,0.06290135834109958
rs3788333,20616791,0.7092807249198603
rs2027790,20617964,0.2459682357028281
rs9610645,20618560,0.7089565150727313
rs240068,20620403,0.9294517995431741
rs240066,20622995,0.3783941191418829
rs2083564,20625754,0.36522284044990505
rs240065,20626119,0.06387187722545153
rs1005579,20630941,0.6613815224673254
rs9610690,20634943,0.9814382480887719
rs381523,20635629,0.7571510178606546
rs412050,20637519,0.03118388224461504
rs239917,20644463,0.7670469578807292
rs2283797,20645312,0.16811123233929892
rs9610729,20648671,0.9814382480887719
rs743525,20656611,0.825002643816002
rs2266977,20658316,0.9814382480887719
rs2266978,20658349,0.9814382480887719
rs732466,20659747,0.9814382480887719
rs239927,20660082,0.6363261416867418
rs2266980,20662041,0.9814382480887719
rs11703249,20663025,0.23032709040921062
rs5756306,20663218,0.2525523313516964
rs5756323,20664795,0.7670469578807292
rs17760000,20665040,0.06446029734799603
rs5756326,20665639,0.36522284044990505
rs9607473,20666512,0.8870464720621727
rs9607474,20666708,0.9814382480887719
rs11705283,20669199,0.037427060256051345
rs5995345,20672247,0.06290135834109958
rs1866859,20673553,0.1701282987579955
rs4821537,20674848,0.07769203558238277
rs9607485,20675984,0.7320177653881996
rs238775,20679088,0.21206514469490845
rs5756378,20679965,0.07769203558238277
rs5756386,20681183,0.17054919394821633
rs5756388,20681365,0.07769203558238277
rs1016547,20685368,0.3989944292440587
rs1016548,20685496,0.3078976981397713
rs6000509,20688201,0.5667214570452428
rs6000510,20688231,0.5667214570452428
rs61139,20690650,0.6160629036150027
rs405698,20692353,0.5475052347180902
rs404868,20698797,0.600253542013144
rs460715,20701638,0.3497253224527548
rs9610872,20701734,0.7874177460496978
rs9610881,20705001,0.619746650798662
rs1441033,20709067,0.3497253224527548
rs436484,20711327,0.6160629036150027
rs9610900,20716617,0.9569781661805107
rs419893,20716829,0.23970001473284397
rs409381,20718332,0.6160629036150027
rs431733,20719011,0.5934056968265368
rs6000656,20722473,0.6160629036150027
rs417417,20722885,0.6160629036150027
rs365783,20724144,0.02755383666940775
rs366116,20724227,0.4816615015562198
rs368014,20724743,0.9194532545288243
rs1372070,20724749,0.632121388561462
rs4821629,20725035,0.25756885589480927
rs5750426,20727024,0.18435236383962894
rs986645,20728127,0.1488046030709589
rs986646,20728220,0.18522124387151362
rs738865,20730423,0.1669489958009326
rs4145409,20730890,0.7928653381683803
rs4145410,20731006,0.8851931774271544
rs1894239,20731536,0.4265915843291165
rs5750432,20732940,0.3798678698896557
rs1076852,20743165,0.5295208955229465
rs735455,20743793,0.10274208942218707
rs762470,20745546,0.5794188363558915
rs762472,20746006,0.10497047669314158
rs5756719,20746573,0.5959134807311022
rs714973,20749105,0.9576081473199752
rs7286238,20750124,0.5959134807311022
rs6000820,20751249,0.582193022087095
rs6519111,20754302,0.41099159495337756
rs4821680,20755493,0.21854172683992668
rs5750465,20757023,0.9252461545142037
rs9610967,20757124,0.16825866232087971
rs7291026,20757420,0.23393194520058003
rs9622817,20758363,0.3117603366426056
rs7291954,20758873,0.23393194520058003
rs4145417,20759868,0.12011348886451939
rs5750469,20760229,0.3712113481602817
rs928901,20760952,0.9252461545142037
rs4821685,20761045,0.4250960990450563
rs4821687,20763108,0.22137365077422455
rs16982618,20763637,0.4250960990450563
rs8139423,20764037,0.05583505635809931
rs9610974,20764654,0.08538277358680346
rs7285864,20764835,0.23393194520058003
rs7284771,20764891,0.5824267562815888
rs7284887,20764937,0.23393194520058003
rs5750487,20766162,0.23489812802741128
rs2329928,20766180,0.23489812802741128
rs5750488,20766273,0.33107692721226756
rs16982689,20766319,0.8559363510805115
rs5756807,20767655,0.03329747177570887
rs5756808,20767729,0.9586504098931617
rs737796,20768050,0.9502377380394855
rs13058341,20768959,0.6510348506219115
rs713638,20769105,0.7671887805312859
rs713636,20769298,0.7671887805312859
rs1894251,20770499,0.3117603366426056
rs5750496,20770788,0.7671887805312859
rs13058323,20770829,0.36942343222097007
rs4821718,20774576,0.7671887805312859
rs5756833,20776575,0.7671887805312859
rs11704841,20812637,0.13019741076996758
rs4820327,20814348,0.1848776188387773
rs9611098,20823026,0.7749067239552462
rs2213161,20827398,0.2741482007281165
rs9622968,20829309,0.3103589805154128
rs16984390,20829394,0.829130276078705
rs738902,20832179,0.2945804782736373
rs6001122,20834946,0.5445344739313981
rs9306334,20839601,0.8158198396211969
rs4821790,20841370,0.29482187334398546
rs987710,20842415,0.4224392073264567
rs5757123,20844424,0.8158198396211969
rs737842,20847205,0.9334084719092792
rs5757155,20849771,0.24678201607885664
rs4239891,20850067,0.17327831337955724
rs2877021,20850302,0.21913698889259814
rs743517,20851525,0.672351446800442
rs743518,20852265,0.7614832076533669
rs5757168,20852863,0.7836512591549764
rs5757170,20852882,0.7614832076533669
rs5757171,20852984,0.6412876792036344
rs4821796,20853687,0.7854781533601185
rs5757186,20854651,0.9412232364297183
rs5757246,20861525,0.5450300301253461
rs5757247,20861572,0.6378288347302594
rs1076851,20861828,0.6378288347302594
rs743520,20862639,0.4977316687512062
rs4991799,20863328,0.6378288347302594
rs4991801,20863348,0.6378288347302594
rs5750674,20863579,0.5640638087597005
rs9607653,20864867,0.8480348529113935
rs713644,20865137,0.6378288347302594
rs4145536,20866846,0.5731817617329862
rs6001217,20868194,0.8771156691624212
rs6001219,20868738,0.65844294069039
rs9623019,20869076,0.9383641296428057
rs5995615,20869640,0.65844294069039
rs928894,20870272,0.7254591285162242
rs928896,20870319,0.65844294069039
rs6001224,20870432,0.8217725951836434
rs5995616,20871057,0.65844294069039
rs6001229,20872083,0.65844294069039
rs1543779,20878492,0.7859386588242219
rs7293219,20878831,0.9498921002584584
rs5995628,20879168,0.7618047711652081
rs2073446,20880078,0.6413166940741943
rs2073448,20880510,0.5700687246139174
rs5757346,20881935,0.8668109554572024
rs2330020,20885078,0.3813935607559119
rs2330025,20885561,0.2909274060703141
rs1008560,20887954,0.2882490570145756
rs4821846,20888460,0.6289446561405012
rs1557492,20890489,0.9969487046395249
rs9623076,20890977,0.375735725308717
rs2040345,20891973,0.5464642544975579
rs7287401,20892874,0.1275252290621726
rs6001408,20898901,0.2630367422942925
rs12159423,20903637,0.7319122844212467
rs6001474,20909801,0.40577553274400113
rs12628686,20909822,0.9066700039828636
rs5757512,20910314,0.2646485228516494
rs5757568,20913571,0.07107966790812131
rs5750778,20914255,0.21513298519034607
rs8141482,20914809,0.26929956777954844
rs7286018,20920873,0.07107966790812131
rs1573600,20923041,0.2445784542725613
rs11089978,20929216,0.3887229834756549
rs9619852,20929380,0.8534377917149366
rs1320,20929537,0.4730505554939165
rs2285019,20929808,0.4583379264053462
rs4277621,21000011,0.18271338002138993
rs10483110,21011312,0.9118238212893779
rs5757914,21024656,0.9397663781402587
rs8140634,21027014,0.11723629399424974
rs1034362,21036190,0.19358914416463335
rs4395341,21036563,0.6513440346884303
rs736898,21041786,0.10333927332496
rs16987792,21056670,0.547955801393675
rs8140331,21059183,0.6598827069268014
rs6002030,21062213,0.21655048790120568
rs6519260,21063401,0.19575754080025087
rs1477442,21064158,0.21655048790120568
rs5995959,21080190,0.17906316261504862
rs5758117,21081104,0.7570757768805314
rs2051489,21092651,0.4250303368468412
rs16988279,21109652,0.36422302038818677
rs6002288,21115308,0.5437836429833496
rs377976,21161235,0.1511938407880559
rs403517,21163756,0.6682469559464228
rs2236729,21172957,0.405650203084327
rs965764,21178528,0.6682469559464228
rs2330097,21190580,0.4040637770148343
rs16989015,21199129,0.46752835838094586
rs8405,21220270,0.8415534955628377
rs2073725,21221308,0.6788038145903107
rs2266991,21232952,0.6957239050233919
rs4822138,21240416,0.8415534955628377
rs4822154,21243629,0.6788038145903107
rs5751346,21261688,0.8854390879491167
rs4306796,21274153,0.38266825776173574
rs8141949,21328124,0.1111219996859399
rs6003182,21328633,0.1472058329179695
rs6003185,21330030,0.1111219996859399
rs11912442,21330753,0.15691860163886825
rs456455,21331481,0.7429826748799646
rs455578,21332699,0.6251244293185323
rs2330132,21343007,0.10355973334081534
rs6003222,21361579,0.71076430199894
rs5751511,21362448,0.8590204549986729
rs5759373,21366105,0.9998354655436459
rs2164667,21386462,0.9733845552299959
rs2854095,21579040,0.5394180695292377
rs1475930,21580737,0.16415987430776569
rs6003387,21581602,0.6271306340393574
rs464805,21581857,0.07819401024316368
rs2854096,21585525,0.8869996643671305
rs2854097,21585556,0.9428100725332328
rs2854098,21585869,0.9509526344251961
rs370534,21587051,0.1819775002308074
rs390407,21588231,0.34945952992952556
rs451115,21588369,0.18490743473681792
rs6003388,21588438,0.420626258666717
rs364402,21588994,0.34945952992952556
rs6003389,21589859,0.40853563136006454
rs5996419,21591330,0.40853563136006454
rs375081,21592162,0.30541112824933014
rs11090195,21592360,0.9923380200521656
rs737885,21593708,0.08269612376935441
rs394409,21596118,0.37610174396329976
rs406696,21598052,0.37610174396329976
rs5759535,21598390,0.27328912434421604
rs374167,21598511,0.03168655746905546
rs8135996,21601250,0.08171351486365554
rs403478,21602656,0.6130001171034203
rs429942,21605227,0.0847271050175007
rs5759540,21605341,0.12901437311564767
rs436599,21606421,0.005135325057331885
rs4822351,21606454,0.011122622488632328
rs457938,21608515,0.6451566178456585
rs463235,21608593,0.6451566178456585
rs7288450,21608613,0.0032954757509352384
rs461915,21608658,0.6314138134728551
rs8139942,21609385,0.9999276679618447
rs2188131,21611596,0.24138325874539246
rs469120,21612877,0.22035279542185882
rs455929,21613083,0.537950535618557
rs469412,21613219,0.3644151718526063
rs915614,21614996,0.0032753040972537477
rs2012607,21615252,0.005025679461462018
rs8137688,21615694,0.002961160185331168
rs6003396,21618012,0.8214845779350924
rs6003397,21618557,0.0035627504821283827
rs9623979,21621613,0.8511312984347867
rs11705658,21622407,0.002466452418980845
rs9612177,21627877,0.0067304939213881304
rs1892724,21629622,0.8420199879250091
rs915613,21629769,0.0080445037614182
rs2013551,21631330,0.0080445037614182
rs9620193,21634323,0.8420199879250091
rs877728,21645906,0.0080445037614182
rs2213953,21650339,0.741959357727066
rs765744,21654839,0.0080445037614182
rs6003438,21656827,0.8420199879250091
rs6003439,21657745,0.011265325618416255
rs13053230,21665538,0.0037020561381604336
rs11913797,21667705,0.0037020561381604336
rs9612192,21668070,0.0037020561381604336
rs6003445,21668211,0.0080445037614182
rs6003446,21668503,0.8420199879250091
rs6003447,21669200,0.8420199879250091
rs6003452,21674094,0.0080445037614182
rs7285399,21675164,0.007604157772712589
rs7285534,21676497,0.0080445037614182
rs9306382,21680873,0.8420199879250091
rs2330333,21682933,0.004419136671814826
rs1023358,21685751,0.004408854004350464
rs5996446,21686738,0.0032274891514744654
rs876101,21694370,0.005922414418410349
rs4300938,21694587,0.003445097103199281
rs1297466,21696305,0.22249567803660264
rs6003472,21699826,0.00560215776304989
rs6003475,21702142,0.004653663151590344
rs6003478,21704143,0.004653663151590344
rs5996453,21704206,0.004653663151590344
rs5996455,21709255,0.0185157675118502
rs6003482,21709362,0.025699358914935966
rs6003484,21709985,0.025699358914935966
rs4434089,21713863,0.034266145034831975
rs875602,21725684,0.033282019981838905
rs756634,21728638,0.14917542564718275
rs6003495,21729743,0.025699358914935966
rs9624019,21737301,0.701137158040011
rs9608071,21738118,0.07954497198618506
rs13054904,21740918,0.07954497198618506
rs3788337,21742017,0.07377622722592002
rs5751574,21746005,0.2830267598114733
rs3788341,21747758,0.03410940178969045
rs9306383,21751058,0.91169208845414
rs5759580,21752052,0.7486049369861587
rs3827315,21752890,0.4689500565458641
rs3788342,21753107,0.6790688958427691
rs3788343,21753247,0.4689500565458641
rs5751579,21759224,0.541704959147262
rs6519411,21760410,0.4689500565458641
rs4820536,21761347,0.557567852322002
rs6003502,21762234,0.4689500565458641
rs5751583,21764327,0.6088366254736327
rs874138,21769530,0.49566089780769695
rs2266997,21775083,0.4689500565458641
rs2266998,21776386,0.4689500565458641
rs2330338,21779955,0.4689500565458641
rs2283802,21784722,0.5809986339607974
rs2267000,21785366,0.24887695362956086
rs756631,21793183,0.23649277101560828
rs4820537,21794810,0.9244645041677383
rs1051875,21796031,0.2403880392314519
rs9612234,21797080,0.22153456723604736
rs3788347,21797804,0.09373000299908314
rs756632,21799918,0.3089253384548507
rs13055979,21804085,0.06966491945436099
rs5751589,21805762,0.1710158820993528
rs4820539,21807970,0.1710158820993528
rs5759598,21810962,0.1710158820993528
rs4822360,21812460,0.1710158820993528
rs4822361,21812718,0.1710158820993528
rs4822362,21812744,0.1710158820993528
rs5751591,21819042,0.04982434759288246
rs2283804,21820335,0.058563909708165815
rs2267006,21820990,0.058563909708165815
rs4822363,21821000,0.06808221136122067
rs9612248,21822236,0.04490685017222369
rs5759603,21824833,0.04374483707778561
rs2301555,21824904,0.22668688079993904
rs5751592,21827674,0.2308787219361491
rs2267007,21832478,0.3332402436310683
rs5759608,21832708,0.3332402436310683
rs9612252,21832987,0.3332402436310683
rs5759611,21833121,0.843774523218366
rs5759612,21833170,0.3332402436310683
rs5759614,21833266,0.3332402436310683
rs5759615,21833319,0.3332402436310683
rs713682,21833651,0.3332402436310683
rs737818,21833756,0.4771564503505682
rs737819,21833819,0.2745252596340714
rs4820541,21834405,0.843774523218366
rs5751593,21834658,0.3332402436310683
rs5759619,21834862,0.3400718900101599
rs5759620,21834916,0.3332402436310683
rs5759621,21834959,0.3332402436310683
rs1807460,21835934,0.4163243390299425
rs8142746,21835952,0.3332402436310683
rs6003527,21836759,0.2543728672791826
rs5759624,21840804,0.929516154380558
rs5759631,21849046,0.6251941222071586
rs3761418,21851094,0.6251941222071586
rs5751603,21855082,0.6251941222071586
rs2267009,21860168,0.78983306496038
rs4820542,21862031,0.7537628125478069
rs2267010,21864366,0.6088366254736327
rs5759636,21868698,0.08289718771206007
rs2071431,21870414,0.7485913229159395
rs4822371,21870609,0.2413524423948814
rs2071436,21871488,0.7485913229159395
rs2267013,21875879,0.43740760633853093
rs17531828,21888754,0.23362777775277344
rs2256725,21892891,0.5794372356637487
rs2267016,21893980,0.4242379467772919
rs5751611,21896019,0.12178520717284273
rs762601,21898858,0.14357197124179338
rs2156921,21899063,0.09974373782464849
rs6003579,21903867,0.08688633772341026
rs1010609,21904494,0.08688633772341026
rs4822375,21905642,0.044952797222225165
rs1004040,21915132,0.010841257874273856
rs5759660,21916945,0.04915999958750742
rs5751613,21917894,0.03500345822451697
rs2267018,21918193,0.013413838271588655
rs5751614,21923051,0.010841257874273856
rs140500,21927030,0.04965182909128018
rs928781,21930013,0.027493954027123815
rs5759666,21932342,0.027493954027123815
rs5759668,21936384,0.4459228058838398
rs9612270,21942024,0.16092596106031887
rs743584,21942498,0.15980398489067094
rs9612272,21944026,0.16092596106031887
rs140503,21944625,0.021225971008177955
rs5759671,21945346,0.10302525220645094
rs12233352,21945801,0.4459228058838398
rs3788358,21946355,0.03491871675911552
rs12166802,21946433,0.09325226501974421
rs7289192,21948804,0.12346076102337529
rs5759676,21951387,0.09325226501974421
rs7288846,21953284,0.25227037828922627
rs9624074,21955330,0.25227037828922627
rs11912657,21955550,0.12346076102337529
rs11912682,21955655,0.12346076102337529
rs8139664,21956081,0.12346076102337529
rs140504,21957369,0.19621098122057246
rs5759681,21959552,0.02551992445056558
rs7291469,21959856,0.12346076102337529
rs11090228,21961639,0.032705421349280374
rs140506,21962333,0.049651144119036955
rs16802,21962513,0.03623370070768228
rs5759683,21962636,0.08005779702830447
rs131677,21962665,0.6088644993218587
rs131678,21963252,0.17663626195293747
rs2267022,21963473,0.14096979193874645
rs3788360,21963842,0.11347005256496875
rs5996516,21965924,0.3969236875884887
rs2267023,21966118,0.3969236875884887
rs2267025,21966541,0.7882695621067843
rs2239666,21967200,0.5096593644438506
rs17540103,21968025,0.06768368888755058
rs5759686,21968635,0.7882695621067843
rs6003605,21973212,0.4815915699840648
rs5759691,21973530,0.7882695621067843
rs12168342,21974425,0.5648146016222255
rs4822378,21974677,0.42074288128761506
rs9608102,21974794,0.09973139637116558
rs131682,21975414,0.12352068229624101
rs4822379,21975718,0.02847835766004533
rs131686,21976953,0.7519844638805506
rs131690,21978009,0.6569423028446072
rs131693,21979242,0.662850665924541
rs131702,21980987,0.72058987666059
rs5759698,21984436,0.7983958205933079
rs5759716,21996379,0.15360674235766952
rs5759717,21997731,0.15360674235766952
rs5751636,22006895,0.7710580253734396
rs9612318,22013796,0.9294331650258416
rs11090233,22020325,0.8426908899091359
rs6003638,22020388,0.538260353379524
rs8139654,22022738,0.3352793724954347
rs12165974,22023911,0.3352793724954347
rs6003643,22028819,0.3240629402925824
rs738776,22029269,0.24879097656499394
rs6003645,22030639,0.4338532070246931
rs5759742,22030907,0.2909025094243214
rs6003648,22031350,0.33227464783618277
rs6003649,22031395,0.3175359246574132
rs9612334,22038020,0.3689761006763982
rs5996528,22038833,0.4597366596023491
rs5996529,22042647,0.04580475379749921
rs9620258,22043809,0.6479884219678118
rs5751639,22047171,0.5639268033769602
rs6003667,22047556,0.5383454935684138
rs6003668,22047650,0.6220322252547594
rs5759748,22047987,0.7419907706208297
rs12168012,22048276,0.8712819232872593
rs8138608,22049206,0.9511796246616787
rs5759750,22050269,0.7041892118719231
rs5019659,22050420,0.6143574433481578
rs5759751,22050584,0.6347153653342399
rs5759753,22050661,0.5875395827705421
rs5759758,22053050,0.13296937211733884
rs9612340,22053721,0.5447887114300942
rs4822392,22059698,0.2583666045049877
rs7349056,22061801,0.2956299682746997
rs6003682,22063159,0.23145077420956062
rs17542290,22064015,0.9578961884464641
rs5996534,22069533,0.8977368025632037
rs2003752,22072105,0.9024261631217574
rs743356,22072709,0.8813204589063526
rs9612343,22077079,0.336567009650259
rs13056375,22082398,0.2307862206575838
rs4822398,22083059,0.812263583459633
rs6003692,22083105,0.7658830127708767
rs11913492,22083237,0.9625082931137044
rs4822400,22083349,0.812263583459633
rs5996540,22086423,0.3735627923442091
rs4822406,22087964,0.06842179251984686
rs5751652,22089573,0.08026102319392478
rs8141822,22090139,0.8792145743812992
rs2330456,22091236,0.812263583459633
rs2017342,22091356,0.3891761874580735
rs2017377,22091660,0.12035669185864982
rs8138134,22092667,0.31920078311256794
rs5751654,22093114,0.6032031737519836
rs17001543,22093149,0.8164002892030862
rs9612352,22093969,0.4922662970257119
rs4822410,22095265,0.15636223000646815
rs6003707,22099050,0.35146915771575804
rs6003709,22104625,0.02851762313658194
rs5751660,22111075,0.8234455334491051
rs5759811,22118591,0.8234455334491051
rs8139275,22119488,0.5972471306006084
rs5751670,22123801,0.7245661737734961
rs6519442,22143258,0.16496263685316293
rs4822416,22146428,0.018319674487316053
rs5759839,22147240,0.23530137815426933
rs5759841,22147414,0.11306639391852166
rs7289380,22147486,0.013281040028421209
rs5759844,22147891,0.23530137815426933
rs2330498,22149697,0.11306639391852166
rs131305,22156549,0.10292006316493969
rs140154,22156675,0.14349358625311084
rs7290879,22156866,0.6927702538885292
rs140152,22157304,0.14349358625311084
rs4822418,22159461,0.013214417933819058
rs131321,22164440,0.7456646049025109
rs17543753,22164889,0.03591009558095503
rs140156,22165039,0.1868986462969262
rs131338,22168833,0.1868986462969262
rs9612361,22169091,0.05620619977769731
rs5996564,22173439,0.820202377741116
rs131349,22173675,0.1608805859505561
rs140161,22175547,0.269046843266738
rs5759855,22179044,0.7451662416248567
rs5759858,22179802,0.34524484071756045
rs6003752,22181701,0.12439024633479659
rs4822422,22182494,0.38089755436488515
rs6003756,22183571,0.1845550131610394
rs5996566,22183909,0.1845550131610394
rs738781,22184282,0.12825396305321732
rs915583,22184860,0.1845550131610394
rs1811021,22184964,0.1845550131610394
rs2330512,22185154,0.1845550131610394
rs5759867,22185522,0.12439024633479659
rs5759868,22185657,0.3989161831180036
rs131356,22190188,0.7244577044315601
rs179290,22190255,0.7244577044315601
rs131357,22190506,0.6004384451582185
rs1892707,22191112,0.9379644138784725
rs5751691,22196318,0.4516048726726559
rs131384,22199391,0.7791918323989037
rs2330514,22199784,0.16530664521038707
rs9612370,22201042,0.855408931030683
rs131387,22201201,0.8399684247502389
rs9612371,22201825,0.4017928426682609
rs6003782,22202134,0.17711465625587475
rs131390,22202195,0.016555008061416684
rs4820556,22202936,0.6538740669177503
rs5759887,22204416,0.7740835945996413
rs4822424,22207733,0.9080091297059631
rs131393,22209339,0.6813680673242013
rs9624207,22211587,0.6950303817225267
rs7364197,22217749,0.29429597687915476
rs131408,22220836,0.49098730684129444
rs131409,22221107,0.65123863082467
rs179306,22224697,0.8330414906585969
rs179307,22225043,0.5005985930012767
rs17002476,22225625,0.14186764071339533
rs17002478,22225789,0.15088007798980654
rs8138979,22240746,0.8450554831044728
rs107017,22242723,0.41400065667468866
rs5996577,22251427,0.0746304350052336
rs2282474,22251581,0.13840749233840383
rs140174,22252983,0.45608316146137895
rs131422,22253425,0.6977543421287757
rs9620291,22255069,0.03374798556442955
rs12627824,22255335,0.312755662639685
rs131429,22255779,0.4268978490081684
rs7287616,22259852,0.6152563344214478
rs11090262,22260279,0.9707227059169489
rs9612385,22262181,0.6545772819787649
rs17002697,22264025,0.4820868468992052
rs6003807,22264030,0.8505223188129178
rs3747125,22267732,0.1548080094649614
rs7288250,22268204,0.5386534075406451
rs4820559,22270991,0.9540881402482213
rs11090264,22275369,0.7359335379025822
rs2154592,22277352,0.21665089428587614
rs9612389,22279555,0.23285482162595406
rs2298372,22280646,0.8902632056625188
rs9624230,22282627,0.5513691105761801
rs17627963,22285765,0.47517346881304157
rs6003815,22290187,0.36902565110525964
rs12484556,22292404,0.6843008123587022
rs9680742,22296720,0.5807405591539695
rs12167140,22301028,0.5807405591539695
rs12170399,22302141,0.5807405591539695
rs17002910,22303725,0.5754305784811828
rs3747102,22303849,0.699490611141453
rs3827318,22304200,0.8486755765254906
rs9306387,22309219,0.2273107251979074
rs10427870,22309342,0.19473343351825456
rs16994633,22310868,0.2821633503973875
rs11703537,22313422,0.9138400647117979
rs6003824,22323051,0.15356244468130678
rs6003826,22323358,0.15356244468130678
rs6519457,22325056,0.15356244468130678
rs3747106,22325213,0.15356244468130678
rs6519460,22326463,0.15356244468130678
rs7289879,22331837,0.9514539091906102
rs5751704,22331975,0.43143456233649113
rs5751705,22332030,0.363356877911988
rs12157657,22344229,0.9514539091906102
rs10427834,22350575,0.43143456233649113
rs5751708,22352307,0.43660532233369953
rs738785,22352631,0.43143456233649113
rs2330578,22352975,0.43143456233649113
rs2330579,22354430,0.363356877911988
rs3747110,22354815,0.9958234676517416
rs11090280,22358412,0.6259130399345101
rs5751710,22358627,0.5539154354210123
rs8140340,22359646,0.9958234676517416
rs6003842,22360367,0.5539154354210123
rs2070445,22360907,0.5539154354210123
rs7287369,22362015,0.9514539091906102
rs13057362,22362771,0.9514539091906102
rs5751713,22363466,0.3844907319961214
rs5751714,22363486,0.3844907319961214
rs17629631,22363869,0.9514539091906102
rs738786,22364288,0.6354990452298135
rs17003397,22365129,0.5601772452762019
rs2070446,22365970,0.5539154354210123
rs2070447,22366563,0.3844907319961214
rs2070448,22366657,0.3673800474476865
rs12170464,22367306,0.9514539091906102
rs1007298,22368847,0.27309759712646875
rs9624295,22374488,0.7809030075728477
rs6003847,22377657,0.9425354136421582
rs6003849,22379993,0.7337916154337478
rs17629956,22380471,0.9425354136421582
rs9608174,22382031,0.4806186704467026
rs915587,22385942,0.7543385127012118
rs2070444,22386537,0.4806186704467026
rs8143019,22387485,0.8565934265107804
rs2330580,22391698,0.9223569273486257
rs140179,22405670,0.6861077670314623
rs736860,22409243,0.35855116374042006
rs5759980,22410163,0.35855116374042006
rs9612413,22413873,0.38646974911813214
rs17630135,22415252,0.9806141271788038
rs2067621,22415854,0.38646974911813214
rs5759985,22416107,0.8557321123924514
rs2070451,22417319,0.45416651115396967
rs5759986,22418324,0.8557321123924514
rs6003870,22422597,0.2768475042869296
rs2070452,22424836,0.7302726510143143
rs2070453,22426400,0.7347720652509864
rs2070454,22426674,0.7347720652509864
rs1076123,22426783,0.9354903106940409
rs9612418,22427015,0.7347720652509864
rs5759997,22429143,0.015716297942387797
rs9612422,22432408,0.20701709250975242
rs2298375,22436448,0.2627485950183336
rs131442,22438977,0.3903555221977838
rs131444,22439550,0.7465827008304107
rs131445,22441044,0.9502808179130785
rs131451,22443544,0.6383006386297294
rs738791,22447525,0.2938768596273582
rs2267029,22447916,0.5021121412705174
rs738792,22451378,0.9477608801517199
rs28382576,22455892,0.5543708536791778
rs2073387,22459005,0.5234990014542332
rs2073390,22463570,0.5021121412705174
rs5760022,22464394,0.5021121412705174
rs17630758,22466542,0.14479062955653818
rs5760023,22468301,0.3302310414368942
rs738796,22472523,0.9463109698894093
rs17003912,22475809,0.9019405826768091
rs9620326,22476629,0.14479062955653818
rs11912715,22477595,0.9019405826768091
rs2267032,22478273,0.8017370625980281
rs5760045,22485614,0.5021121412705174
rs738800,22488315,0.7668713162548774
rs2073391,22488573,0.4691515015638076
rs2073395,22489620,0.7791594788546432
rs9608196,22493081,0.7791594788546432
rs11705032,22499707,0.7791594788546432
rs2186370,22501305,0.8956400492717987
rs6003904,22503394,0.7793104235605964
rs5760060,22504303,0.39383391551334934
rs9612481,22504510,0.9162634416914089
rs2267044,22505208,0.4691515015638076
rs5760061,22508279,0.8956400492717987
rs9612485,22509502,0.7793104235605964
rs6003907,22510449,0.9069779449407194
rs6003909,22511652,0.9831625974707523
rs6519476,22512500,0.24776101777487114
rs2070464,22513875,0.8208839353670414
rs5751749,22514850,0.9163880854898829
rs6003913,22516623,0.9163880854898829
rs6003914,22516637,0.9163880854898829
rs5760066,22517820,0.9848934578162509
rs738802,22522081,0.007569055646245851
rs738803,22522879,0.49764252746617
rs738804,22523103,0.36763154766368
rs5760071,22524941,0.30146707939082873
rs5760075,22528535,0.21945465306909873
rs17637865,22529519,0.24299961570368378
rs16986337,22529704,0.27136925378304955
rs17550765,22533746,0.24299961570368378
rs9620328,22533799,0.21945465306909873
rs4822441,22536355,0.30976509417702114
rs2330625,22537962,0.8619570912626972
rs2330626,22539759,0.9813502792453487
rs11913427,22542826,0.2032049378826617
rs12157360,22547449,0.11533667988809267
rs17004024,22550160,0.6948994926310601
rs9612496,22551405,0.19616750066584898
rs2236619,22552606,0.14885634581020615
rs2236620,22552710,0.19616750066584898
rs2236621,22552744,0.19616750066584898
rs6003939,22557246,0.11533667988809267
rs1129067,22558125,0.4699706898403294
rs9612503,22562875,0.28873649193014095
rs915591,22563462,0.44138874121969807
rs5760090,22563592,0.28536021170169734
rs12628766,22563914,0.09770777758388687
rs875643,22563998,0.28873649193014095
rs738806,22564172,0.7906604399878328
rs738807,22564245,0.9254609628197331
rs5751759,22564493,0.6746750718715973
rs2012124,22564664,0.9324774518454381
rs2012133,22564734,0.9324774518454381
rs4822443,22565198,0.6746750718715973
rs2000466,22567862,0.6746750718715973
rs6003942,22569065,0.9154253938287096
rs17004046,22570304,0.2693407369058548
rs5760093,22570340,0.19791661073041378
rs1007888,22571101,0.12510578074066495
rs2000467,22571533,0.11314271169414156
rs2000468,22571611,0.20404340941552923
rs4820571,22572973,0.1984838861950441
rs5751760,22573573,0.16990242285414403
rs5751761,22573736,0.16990242285414403
rs11703881,22575592,0.44138874121969807
rs11913559,22577073,0.7470798746496123
rs5760095,22577293,0.0733885827577525
rs5760096,22577310,0.2147724749911346
rs4822451,22578166,0.0836904831251556
rs5760098,22578314,0.058718795008169684
rs7293178,22578370,0.8992295508178468
rs5760101,22578712,0.21319453239212227
rs5760102,22578761,0.0836904831251556
rs1018744,22579091,0.2502105063016602
rs5760106,22580645,0.0836904831251556
rs2330635,22581344,0.0836904831251556
rs5751770,22582842,0.0836904831251556
rs2154594,22584055,0.06370373020723939
rs2186366,22584113,0.0836904831251556
rs1002286,22587337,0.21723502540473372
rs9608216,22587779,0.2791047012455383
rs8138536,22590743,0.92381426807286
rs915590,22591143,0.9638814321791287
rs6003959,22594395,0.09317088017016172
rs4822458,22595659,0.3042790828020171
rs4822461,22598120,0.9987124140295585
rs1892714,22599358,0.9313780949680567
rs1892715,22599430,0.9987124140295585
rs2330638,22600033,0.9987124140295585
rs6003970,22600733,0.9987124140295585
rs5996635,22600777,0.9987124140295585
rs2227965,22630634,0.4957503517715318
rs9624364,22641474,0.252176104756865
rs4822466,22642204,0.26487360380263203
rs1006771,22644006,0.20926984820514127
rs9612528,22644258,0.6928427216766754
rs6004011,22668071,0.4496566214616762
rs34382882,22728586,0.4424513187069369
rs405597,22734578,0.974976770133266
rs17004811,22734830,0.2016316597950506
rs738809,22735492,0.5642974460063086
rs422674,22736778,0.8409232555169619
rs11090305,22737483,0.26868663631419865
rs6004041,22749426,0.6430059319740641
rs9624387,22750128,0.2133392183849223
rs6004045,22753790,0.8001937387114173
rs4822469,22755114,0.26843524652791173
rs2267051,22757825,0.13534658197498015
rs873833,22757878,0.26843524652791173
rs4822470,22758001,0.21781619485923398
rs5996663,22759241,0.26843524652791173
rs7291031,22765843,0.8001937387114173
rs5760186,22765954,0.7131204739573007
rs5760189,22772459,0.28521053596846135
rs12485146,22773697,0.13534658197498015
rs17640355,22775320,0.7204793959135631
rs17004823,22777303,0.06033974218493181
rs762271,22778082,0.7131204739573007
rs17004824,22778398,0.13534658197498015
rs2073396,22781035,0.32584073351217746
rs2070467,22782885,0.26843524652791173
rs4306797,22783375,0.7131204739573007
rs8138467,22788096,0.7131204739573007
rs762273,22789438,0.7131204739573007
rs9624395,22790593,0.06407766662468471
rs6004051,22792072,0.7131204739573007
rs2282476,22793564,0.5557107804742663
rs6004052,22793748,0.8001937387114173
rs3827321,22794377,0.8001937387114173
rs2051198,22795672,0.26843524652791173
rs17854874,22798386,0.13534658197498015
rs5996665,22799115,0.8001937387114173
rs2283807,22802270,0.3335819758683466
rs5760201,22804704,0.7131204739573007
rs4820581,22810503,0.7131204739573007
rs738808,22818461,0.7131204739573007
rs2000470,22818861,0.26843524652791173
rs2236622,22822061,0.26843524652791173
rs2070468,22828665,0.13534658197498015
rs9608238,22833820,0.2232318679328995
rs176157,22833987,0.7131204739573007
rs176159,22844352,0.7131204739573007
rs176161,22846291,0.7131204739573007
rs9620358,22848086,0.06407766662468471
rs6004064,22848728,0.8001937387114173
rs2070471,22850375,0.32584073351217746
rs2267059,22855711,0.26843524652791173
rs2003756,22857749,0.26843524652791173
rs735863,22858058,0.3103268573147241
rs8139439,22862142,0.8001937387114173
rs2001106,22865229,0.7131204739573007
rs9612557,22865630,0.3103268573147241
rs2283808,22868040,0.8001937387114173
rs17004848,22868918,0.7131204739573007
rs5760216,22869734,0.9230124734931833
rs5760220,22872480,0.7131204739573007
rs2267062,22874482,0.26843524652791173
rs2267063,22874607,0.26843524652791173
rs2267067,22877071,0.8001937387114173
rs8140812,22883535,0.7131204739573007
rs6519501,22886507,0.26843524652791173
rs2267071,22889739,0.13534658197498015
rs17854875,22894477,0.03687898039635069
rs8137732,22897031,0.24275871611334943
rs3788368,22907986,0.1915665743721907
rs8141797,22912041,0.7131204739573007
rs2070469,22912739,0.13534658197498015
rs2070470,22913879,0.26843524652791173
rs5760244,22914970,0.26843524652791173
rs5751813,22916071,0.26843524652791173
rs9608247,22917303,0.2232318679328995
rs4521150,22930438,0.26843524652791173
rs8141627,22935185,0.7560853871731491
rs35146655,22935938,0.9230124734931833
rs5996674,22938329,0.9907842820078928
rs6004094,22938924,0.7699005766079572
rs5760262,22940158,0.846207690537775
rs5760263,22941330,0.9045218090806562
rs743359,22941717,0.7711535213118023
rs738810,22945506,0.7249432816189874
rs5996675,22948331,0.5416152775492749
rs7288670,22951826,0.43902308855182204
rs8142702,22952470,0.5259505602827264
rs2275984,22952648,0.3633033530427242
rs35676668,22958763,0.7817126717999465
rs9624434,22959380,0.1689707544309308
rs2275985,22960093,0.799166627541519
rs4822473,22961791,0.9730676641574147
rs4443101,22962403,0.8218772156033147
rs5760273,22966822,0.9336418454102658
rs2267073,22969069,0.621860342188433
rs5760293,22992171,0.9988250248772399
rs5760294,22992649,0.10616860848000965
rs4822481,22996340,0.7805799198917123
rs5760301,22999465,0.7932525227588711
rs9624447,23011555,0.8887438925057701
rs5751838,23011579,0.8934245562922996
rs17004892,23014511,0.3003177314166411
rs1041748,23030854,0.8887438925057701
rs5760331,23037112,0.43857837027528046
rs5751846,23045049,0.8131901696777413
rs3747113,23047518,0.8887438925057701
rs2298378,23049605,0.8960792046539525
rs5760345,23053644,0.10616860848000965
rs2298380,23056718,0.8934245562922996
rs5760351,23060587,0.8934245562922996
rs4822485,23062045,0.4077148473471629
rs738811,23067868,0.4556822395215485
rs7293001,23072493,0.10616860848000965
rs4820585,23074079,0.8934245562922996
rs2082733,23075498,0.8131901696777413
rs2330783,23077031,0.3003177314166411
rs5760359,23082835,0.9988250248772399
rs5760364,23085025,0.10616860848000965
rs9608277,23086865,0.43857837027528046
rs8137515,23090101,0.10616860848000965
rs8137517,23090102,0.10616860848000965
rs11703914,23097602,0.8887438925057701
rs5760382,23105644,0.4556822395215485
rs6004146,23119632,0.21549177492491312
rs17004911,23123239,0.3003177314166411
rs1347387,23123716,0.43857837027528046
rs17004913,23123892,0.10616860848000965
rs5751862,23132564,0.45918478815872465
rs1003774,23136804,0.8934245562922996
rs5760401,23138993,0.8934245562922996
rs3747115,23142377,0.8934245562922996
rs7678,23143165,0.10387229744827062
rs5751869,23145288,0.7831282870168068
rs5760410,23145406,0.6813384111372744
rs7285057,23152663,0.5546280193947077
rs3761422,23156672,0.295445618647336
rs8141793,23157079,0.04819894419471119
rs2267076,23160595,0.6267691329151264
rs17004919,23162547,0.10279293248267052
rs2236624,23166024,0.6986138135867341
rs5760423,23170118,0.35299676057048035
rs17004921,23170676,0.5546280193947077
rs5760425,23172452,0.4210614292932693
rs17651189,23174883,0.15226013360531163
rs17004922,23174948,0.3003177314166411
rs1041749,23176391,0.35299676057048035
rs1008932,23185182,0.35299676057048035
rs1008931,23185541,0.32964617740650304
rs9612627,23186329,0.35299676057048035
rs9620388,23189667,0.5546280193947077
rs738813,23192738,0.35299676057048035
rs5760440,23195187,0.3113015690552018
rs3966269,23197882,0.16458359761113817
rs5760444,23208218,0.12332628731633886
rs1547358,23208430,0.35299676057048035
rs1547359,23208741,0.3003177314166411
rs5760446,23208804,0.35299676057048035
rs5760447,23209289,0.35299676057048035
rs17004936,23210174,0.10616860848000965
rs4822502,23211781,0.12332628731633886
rs5760450,23213528,0.4056036051403086
rs5760452,23215223,0.35299676057048035
rs2070475,23221355,0.9048892710508416
rs3788371,23223336,0.3003177314166411
rs3788372,23224856,0.9238842478998839
rs2232866,23228310,0.9940016351354961
rs738814,23232606,0.5438674395632398
rs140324,23235288,0.7587224028908873
rs140335,23243423,0.26869845351876875
rs41446544,23248246,0.3837952456187541
rs6004175,23248447,0.4863628526828505
rs1892721,23249329,0.8675657326573643
rs1314,23252452,0.8675657326573643
rs28461882,23259025,0.1847361832241612
rs11090327,23259771,0.6238050366436279
rs8136239,23262967,0.4617170334975954
rs6004179,23263069,0.7704917473012969
rs9608295,23264370,0.40298897923870325
rs9704,23266970,0.7704917473012969
rs12170895,23273294,0.6238050366436279
rs762283,23273582,0.5603648116988107
rs743368,23276924,0.5828287766710445
rs738820,23277452,0.7704917473012969
rs12160660,23279306,0.6238050366436279
rs16978673,23280691,0.5828287766710445
rs5996717,23282498,0.6238050366436279
rs2298386,23283227,0.7704917473012969
rs2298389,23283349,0.9988250248772399
rs3788374,23284832,0.7704917473012969
rs4822507,23288017,0.9988250248772399
rs17574411,23288116,0.3837952456187541
rs3176991,23294128,0.7704917473012969
rs5760479,23295885,0.9988250248772399
rs762286,23300107,0.7704917473012969
rs9830,23300486,0.8089574310303609
rs9608299,23307286,0.8110583709204554
rs2236626,23309447,0.9290979252341494
rs16978740,23313264,0.4554683583412409
rs5760485,23316473,0.8676488763857333
rs874852,23317964,0.8571006211203642
rs2154611,23319920,0.9875025919592473
rs4820599,23320213,0.8571006211203642
rs5760489,23320646,0.8571006211203642
rs2070477,23320916,0.8447563127653226
rs6519519,23321863,0.734146852221728
rs6519520,23321895,0.8571006211203642
rs5751901,23322266,0.674892194714641
rs4820600,23323367,0.8249242528832958
rs5760492,23325202,0.5591288699636291
rs5751902,23326630,0.08130826629831617
rs2017869,23327309,0.8249242528832958
rs140344,23394534,0.19716930952673917
rs5751921,23397875,0.40233357063390907
rs5751930,23406598,0.7914854939789322
rs5760575,23409925,0.7914854939789322
rs2330910,23411241,0.7914854939789322
rs2154612,23413914,0.5441781470660602
rs5751940,23416734,0.6549249833425448
rs5751944,23417674,0.9562528716479415
rs4822532,23418629,0.9562528716479415
rs4822533,23420370,0.9562528716479415
rs5760590,23420768,0.9562528716479415
rs5760591,23424393,0.025888083286355563
rs915610,23425440,0.025888083286355563
rs915611,23425452,0.025888083286355563
rs743377,23427248,0.5046956306688505
rs9612740,23429115,0.09666326706871357
rs5751950,23432715,0.021841434746002968
rs5760596,23433024,0.12393850191912847
rs6004247,23435347,0.12393850191912847
rs5996751,23436411,0.14050015832475082
rs2007382,23439027,0.0379785031155838
rs131481,23440876,0.8004549302001492
rs115525,23442325,0.043668081066249566
rs5751957,23443330,0.12556869325732617
rs131478,23443562,0.043668081066249566
rs131477,23444396,0.043668081066249566
rs131476,23447920,0.6962443857105203
rs738825,23454711,0.04596006980761875
rs5751960,23457865,0.9881475299119401
rs9612745,23460311,0.6314874196284745
rs5760613,23460948,0.7624720153025222
rs8139987,23461425,0.08547851214645677
rs5751963,23462498,0.9905847582376196
rs5760614,23462558,0.9905847582376196
rs5751965,23463355,0.07067125413176505
rs11703684,23474912,0.6213122081051692
rs1892723,23475453,0.42591278362247154
rs1475853,23475753,0.4427872692999282
rs7286060,23484776,0.8881074433014093
rs6519530,23487311,0.943497491281337
rs8137801,23487455,0.7094145127974276
rs5751975,23488326,0.9496755217241915
rs9624586,23490785,0.9347121468215841
rs6004268,23491574,0.9085064911122784
rs6004273,23493624,0.9946681935979836
rs5760627,23494888,0.9379429798005574
rs5760628,23494960,0.8394588277721972
rs5760629,23495001,0.9379429798005574
rs5760630,23495047,0.881548605116935
rs2027609,23496320,0.9430205332755079
rs1001445,23498397,0.563527066106899
rs6004274,23499549,0.881548605116935
rs8141311,23500136,0.6868211380082985
rs5760643,23502117,0.8011176678776406
rs16978950,23503344,0.9943636357485129
rs6004279,23507308,0.6243178089077348
rs9306399,23512624,0.9912945035065587
rs5751997,23517544,0.9537353730098103
rs139606,23519055,0.5068687870450267
rs5996761,23529298,0.28522480897970703
rs139621,23534514,0.26992151018500055
rs139622,23535100,0.5004502974057148
rs5752002,23535719,0.45815903441536077
rs7287595,23538398,0.45815903441536077
rs3818061,23539377,0.405019002949373
rs5996763,23539724,0.9092030811563455
rs2295102,23539753,0.15059186498451127
rs1883993,23541229,0.2010366180728267
rs5760680,23541793,0.17092726066490316
rs11704456,23542702,0.34252483688522295
rs1883994,23545305,0.12120495558411816
rs7293112,23545934,0.670008417192941
rs9612777,23547740,0.7567193312541588
rs5760687,23547890,0.5012206652216111
rs2330929,23549930,0.44973956986034935
rs9608342,23550446,0.5521441746684455
rs7291051,23551330,0.8185570582235719
rs4820614,23551969,0.18985015983686926
rs4820615,23553662,0.26894847986439707
rs139630,23555248,0.7875178824872963
rs7288359,23555580,0.0925210331732031
rs139633,23555879,0.15050812069319983
rs16979022,23556157,0.1286629486986065
rs713651,23558089,0.3533781222640955
rs713715,23558296,0.12930423486882583
rs139637,23558375,0.15050812069319983
rs16979031,23558577,0.702121692022995
rs6004306,23560909,0.43697873698132206
rs6004307,23561408,0.3585047255095656
rs4822549,23561422,0.43697873698132206
rs139643,23561570,0.6197958893795992
rs12170917,23561706,0.7991294300579957
rs139644,23562065,0.20180933073528418
rs139645,23562692,0.7896052015108015
rs139646,23562862,0.08961364690156468
rs139647,23562918,0.3641503249860739
rs139653,23564461,0.7181773313526848
rs2877251,23564481,0.06460797307293249
rs139654,23564890,0.7181773313526848
rs7291798,23568729,0.048680266529875865
rs12485138,23568806,0.10252687557479526
rs1997889,23569557,0.9042953060707425
rs139661,23571381,0.7694100965041806
rs139662,23572592,0.3706135080466638
rs139663,23572708,0.6980520633595557
rs139668,23575118,0.3706135080466638
rs139675,23578749,0.7998357782049287
rs139676,23578765,0.1689402101118873
rs139677,23578855,0.38879003024627623
rs139681,23582192,0.9873283627544134
rs139683,23582387,0.9921517060426222
rs139686,23582661,0.9873283627544134
rs41516144,23586011,0.3308128706209166
rs11090351,23588827,0.5545004583728919
rs5996780,23593240,0.5545004583728919
rs13054678,23595790,0.41303772727974397
rs9612797,23595811,0.29609469775558506
rs9624632,23595882,0.5545004583728919
rs11703103,23595972,0.41303772727974397
rs16979118,23598215,0.10252687557479526
rs6004338,23599518,0.5973585677730011
rs139715,23601044,0.9788279131274905
rs2273144,23602453,0.5545004583728919
rs6004341,23604327,0.9873283627544134
rs737769,23605393,0.5545004583728919
rs16979152,23610841,0.3308128706209166
rs16979179,23612711,0.3308128706209166
rs4541332,23613602,0.1131234365940571
rs139724,23614829,0.020627413026253583
rs139729,23616983,0.9332349318486699
rs5752014,23617889,0.5884790257939455
rs2877253,23620487,0.9600230806641992
rs5760712,23621076,0.5395007441808681
rs5760713,23621095,0.7602325378352488
rs5996789,23621682,0.6223468726735413
rs139731,23622977,0.6925025968373675
rs2073201,23624369,0.15309891702374814
rs139735,23627338,0.5732285989897625
rs139738,23627755,0.38259836783380863
rs139740,23628169,0.7913979707460953
rs139746,23630658,0.6353684129546352
rs139748,23632284,0.49550420609495516
rs11914055,23633941,0.7044441534472703
rs11913911,23634011,0.5896893341927972
rs139753,23634473,0.6353684129546352
rs139756,23635370,0.5163446056794239
rs139762,23637571,0.37939963493619966
rs139763,23638272,0.37939963493619966
rs139764,23638506,0.29834745072774604
rs139773,23641304,0.4589568272092587
rs139776,23643446,0.37939963493619966
rs5752018,23645753,0.20398883754504638
rs5752019,23646350,0.3156614782296745
rs9620460,23647044,0.8790776370802968
rs2024647,23649168,0.3822626841430382
rs2024648,23649244,0.3517110828522755
rs2179876,23649537,0.3156614782296745
rs5760738,23650371,0.3156614782296745
rs5996792,23650738,0.2595236069310065
rs5760741,23654627,0.2595236069310065
rs9612814,23657959,0.7203748853433072
rs5752023,23660434,0.46212787822162826
rs5760747,23664869,0.3279152779639497
rs5760748,23664977,0.3279152779639497
rs5760749,23665794,0.3279152779639497
rs5760750,23668498,0.25791108304293564
rs5752024,23671203,0.25623724690074157
rs5760752,23675537,0.49221907327371617
rs4140486,23680087,0.6909692515190102
rs715554,23681379,0.7504217228086381
rs5760760,23687408,0.6909692515190102
rs5996801,23694428,0.9441898160906471
rs5760764,23694707,0.6909692515190102
rs5760766,23695714,0.932338723931531
rs5760767,23696411,0.932338723931531
rs2142843,23698543,0.7970285714411457
rs742167,23703985,0.6441956384105625
rs2103586,23704434,0.30752568910400946
rs2103587,23704503,0.3896706397841182
rs11090362,23711045,0.8393591400055106
rs5760779,23718318,0.49871255175597984
rs5752036,23718965,0.49871255175597984
rs5760780,23719080,0.43001936534117446
rs5752038,23720704,0.45120190645248914
rs5760781,23720855,0.7828055204503646
rs7287818,23723014,0.9400781985065683
rs5760783,23723897,0.2887210822917299
rs5752040,23727740,0.30566427553406783
rs2064136,23733114,0.9211695807270519
rs9612827,23733765,0.582629780598988
rs5760796,23735113,0.7499530333591098
rs965197,23740266,0.16063362305568674
rs7287331,23741878,0.7692733521048979
rs7290901,23742570,0.8355817884412077
rs5760800,23744988,0.7123143009700321
rs5752043,23746023,0.7448262260030759
rs5752045,23750033,0.5620509628189301
rs11912332,23750696,0.31758493381881825
rs13056641,23750792,0.224610104701648
rs16979431,23751011,0.1515658023907474
rs5760804,23753062,0.4749456253616039
rs13054858,23754579,0.8935729632834987
rs17667531,23755282,0.5777963007923905
rs12330067,23755439,0.46165173975837814
rs7286373,23757646,0.22339845547259096
rs2076120,23764364,0.3720158409695644
rs11705626,23765959,0.9964420888881582
rs1040421,23766904,0.1703447137105052
rs713696,23769882,0.42287532165681063
rs4552284,23770392,0.35957132361758815
rs16979472,23772369,0.45080238392277294
rs9624709,23774874,0.45080238392277294
rs5760813,23775405,0.11144099925763828
rs13056205,23778198,0.8960471564215287
rs742169,23778604,0.4475679107896031
rs742170,23778653,0.45080238392277294
rs5996821,23779213,0.8960471564215287
rs6004408,23779268,0.6634064747368418
rs9624712,23779764,0.477826296127006
rs5760815,23783554,0.26319242451755476
rs11704260,23788733,0.45080238392277294
rs5760820,23789113,0.27240064532580555
rs5752051,23791452,0.16357327080169815
rs6004417,23794310,0.8623814318021112
rs6004418,23795065,0.8447900737277257
rs6004419,23795142,0.8795171809026742
rs6004420,23795240,0.9909631451307209
rs5996830,23795256,0.8017110640189513
rs6519550,23796323,0.4301118081531473
rs6004423,23796553,0.3706938193066812
rs17668150,23798830,0.702791562381367
rs726133,23803134,0.4326136570451754
rs5760831,23807703,0.44552628767679325
rs5760833,23808292,0.8408768466494493
rs5752053,23809065,0.8408768466494493
rs5760834,23809479,0.34938874558013666
rs742163,23809684,0.8408768466494493
rs5760836,23810981,0.14330403030854408
rs6004430,23811215,0.6586389654519402
rs6004431,23813767,0.38435306445949446
rs5996834,23813921,0.09461057959682191
rs713880,23817844,0.06409205369845407
rs17668511,23820044,0.9600689806432562
rs9612858,23821727,0.916295005508934
rs5760855,23830496,0.3213721888730273
rs5760857,23831854,0.365975446980887
rs713989,23836779,0.46654456328807725
rs2294371,23839030,0.916295005508934
rs5760863,23840459,0.9826240700008462
rs7289890,23840694,0.5517129944524533
rs760738,23841130,0.4279390611143028
rs5752064,23850095,0.5337447137679115
rs9612869,23851183,0.06689584527882889
rs4627697,23854916,0.5337447137679115
rs9612872,23857632,0.5350296442045632
rs2142842,23860059,0.5337447137679115
rs5760868,23860896,0.9699441166519035
rs4476445,23861002,0.916295005508934
rs738327,23862553,0.037613857700519365
rs17606056,23863796,0.9325390383238794
rs5752068,23866538,0.4214638950694878
rs6004447,23869631,0.4992113971813297
rs1534917,23870842,0.9826240700008462
rs984814,23872519,0.39518942303334914
rs4331616,23872843,0.7328255357548651
rs9612876,23874987,0.8390419490698637
rs875353,23875612,0.7038177726919712
rs9612877,23878213,0.22734426997287205
rs5752073,23879183,0.9141968610996584
rs6004449,23880247,0.7038177726919712
rs2027886,23883479,0.7893361678283786
rs2027887,23883537,0.7696617076346983
rs16979674,23885283,0.5188367091173514
rs6004454,23885789,0.7038177726919712
rs6004456,23885948,0.7038177726919712
rs132893,23886577,0.7391113895799535
rs9608373,23887634,0.9141968610996584
rs16979683,23890579,0.7038177726919712
rs16979684,23890601,0.7038177726919712
rs132898,23891215,0.8389396169204332
rs713725,23893892,0.6291096966994634
rs7285325,23895420,0.5188367091173514
rs5760891,23900273,0.45309654605546945
rs2011102,23901301,0.6182109541513849
rs5752075,23902748,0.7570102218800974
rs5760892,23902922,0.5941292442378295
rs12168578,23903431,0.11379381373157081
rs1009989,23903514,0.11379381373157081
rs763279,23907688,0.4990458009252742
rs6004466,23907846,0.5524162722186973
rs5996852,23913080,0.7659235183587844
rs4822568,23915047,0.47625820504416716
rs17607104,23916662,0.49955849989818757
rs2330986,23916744,0.25560035491528765
rs5996855,23919256,0.6196256075147968
rs5996856,23919383,0.5138999911614539
rs9608377,23919542,0.5138999911614539
rs3948757,23919570,0.5138999911614539
rs1547435,23919792,0.8003393861874002
rs1547436,23919948,0.5138999911614539
rs3747118,23921200,0.5138999911614539
rs916442,23921278,0.6724520536522474
rs3747120,23921847,0.6728796749266561
rs3747121,23921883,0.5138999911614539
rs763280,23923452,0.7450951785822831
rs763281,23923658,0.5138999911614539
rs763282,23923690,0.5138999911614539
rs5752079,23927842,0.9162786120274423
rs739314,23928101,0.3825613500500966
rs17670506,23929849,0.49955849989818757
rs2252878,23932708,0.788230315659638
rs5760904,23933553,0.4448207485484694
rs5760907,23934477,0.9759045444968241
rs8138250,23936665,0.13184558484866987
rs5760911,23936861,0.6408062658859849
rs6004483,23937259,0.6753974673228496
rs5996858,23938162,0.06852891162897343
rs12169716,23938296,0.06852891162897343
rs4820621,23938548,0.8643158160170191
rs12171004,23938615,0.06852891162897343
rs2001160,23939191,0.5592672718219519
rs1054476,23939572,0.6408062658859849
rs12167370,23939680,0.06852891162897343
rs5760912,23940710,0.6062353433160176
rs4822575,23941492,0.8741732547736202
rs4822578,23943103,0.30228620321977906
rs4822579,23943183,0.2179680857656353
rs12169700,23945059,0.05285382086996448
rs8136087,23945710,0.04565140038760245
rs969623,23946213,0.030773906162221986
rs16979774,23947346,0.440838259404132
rs739315,23947602,0.13319434290955248
rs5752083,23948562,0.6236642063260285
rs5760918,23948890,0.5649296676067705
rs7286982,23949025,0.31300828093010946
rs8142586,23949267,0.7416725037535565
rs9608379,23950142,0.23986457362902336
rs9306412,23951123,0.34691802853241505
rs5752084,23951591,0.33358784095311134
rs9608380,23952442,0.7538899193167963
rs4404377,23953323,0.2756867870101114
rs6004493,23957999,0.14199654906381468
rs5996863,23958097,0.21747818445019296
rs5752088,23959682,0.4286617196520095
rs5760932,23960597,0.7872497393139177
rs10483117,23962266,0.08976781713146056
rs4822591,23966680,0.17520635311971966
rs9612906,23970628,0.1675494164448712
rs2330995,23971025,0.13483677235893915
rs3896251,23971210,0.052113109169686006
rs9612907,23972206,0.052113109169686006
rs2016805,23972992,0.04159703603634004
rs11090379,23974827,0.09953748445645204
rs5752092,23980460,0.15366946834386133
rs2187966,23980648,0.36579544562182387
rs17608968,23982183,0.7078365233119963
rs8139262,23983992,0.4626607331888425
rs9612921,23991725,0.45560542833336937
rs138558,23994408,0.44196111624074885
rs6004549,24016040,0.16270080118936237
rs5752118,24017514,0.7824571878359222
rs5996898,24017568,0.2896709753886848
rs133118,24026997,0.47155091015024186
rs8139965,24037472,0.9714190146096648
rs16980113,24037786,0.511095202115427
rs5761017,24055567,0.5911073202580364
rs5761018,24056992,0.5911073202580364
rs133176,24061233,0.7556757450742303
rs9620520,24079793,0.5911073202580364
rs17616994,24085878,0.4730979966002443
rs133201,24087268,0.8877793421008582
rs133203,24087786,0.47311220571889445
rs713847,24091936,0.797349009454822
rs713878,24092010,0.7710306955979004
rs133220,24105834,0.8588782707252236
rs11704398,24110117,0.5459096512933819
rs10222306,24114405,0.5738880901361381
rs16980203,24118591,0.5493326239330769
rs13057190,24135224,0.5118959667346199
rs469997,24136949,0.9378569198349761
rs133265,24139960,0.4225663056736466
rs5996933,24145104,0.6114411012519018
rs11090391,24159084,0.2609228307700526
rs1207587,24165514,0.19053786720470678
rs5752150,24172086,0.669782223005678
rs17680597,24172934,0.8922660829804402
rs574946,24173884,0.9915243560516926
rs6004658,24186231,0.19260810893908265
rs11703229,24198241,0.210680597982296
rs760554,24202592,0.19260810893908265
rs760555,24202837,0.19260810893908265
rs6004667,24204464,0.13388267213657826
rs6004668,24204502,0.19260810893908265
rs7285549,24204580,0.19260810893908265
rs5996945,24205573,0.1862801688004141
rs19999,24216661,0.2667218824145031
rs6004675,24219385,0.19260810893908265
rs5761092,24234257,0.10799838451053158
rs2013369,24235668,0.737623579798085
rs476240,24236803,0.5276994410956565
rs507715,24237905,0.10799838451053158
rs641296,24239204,0.7825031122405555
rs2780695,24239811,0.10799838451053158
rs7286366,24240315,0.210680597982296
rs484400,24240555,0.8488309651172402
rs4822639,24255187,0.9700194054611596
rs4820650,24255358,0.17814813910160798
rs565308,24255641,0.7212594579615024
rs12160908,24258620,0.9865089946262109
rs599794,24260479,0.2590538496889524
rs1467387,24261372,0.25839927861819856
rs9612986,24261437,0.8685802475792621
rs576895,24261580,0.10600037759864452
rs577596,24261606,0.9245328645231767
rs496796,24262542,0.22246311415355646
rs652099,24264878,0.2998990280754511
rs542162,24268025,0.2998990280754511
rs5752176,24270733,0.20700095578780908
rs2331111,24272595,0.536698966398592
rs2331112,24272670,0.4254765656813262
rs590643,24274478,0.3338524265221787
rs478655,24275176,0.8896902364408656
rs5752177,24275704,0.19675620888428313
rs5752178,24275826,0.2304942372780865
rs5761116,24280750,0.6443618292323368
rs5752182,24281739,0.23250557725244136
rs5761118,24283686,0.8600967652510819
rs5761119,24283851,0.901616983064994
rs2205971,24288952,0.44981456514585194
rs7286954,24294880,0.33832824003819373
rs16980496,24302963,0.44981456514585194
rs738344,24308356,0.33832824003819373
rs713921,24309234,0.33832824003819373
rs4822643,24323776,0.1349582122666809
rs1008673,24324013,0.2344893914638042
rs2179243,24325783,0.21827227065798294
rs9612998,24352728,0.6961723525416211
rs6004726,24363507,0.44981456514585194
rs8142086,24376513,0.44981456514585194
rs9941971,24381000,0.44981456514585194
rs16980525,24388622,0.671681281120353
rs16980526,24388774,0.44981456514585194
rs738340,24389276,0.44981456514585194
rs9613003,24397566,0.6502495252523545
rs7292634,24399727,0.4624339613796795
rs16980542,24401476,0.8655944006995652
rs5752196,24401558,0.49614469090765656
rs3817819,24405188,0.3256515102893426
rs12158437,24410422,0.4305020271734986
rs718163,24411873,0.2383336212963354
rs16980567,24417447,0.4155915398057506
rs7285470,24418602,0.9997741906668927
rs3730114,24421306,0.8655944006995652
rs8142414,24423187,0.8655944006995652
rs11912611,24424540,0.8655944006995652
rs715534,24426177,0.5485440656992608
rs16980590,24426968,0.9997741906668927
rs9613011,24437700,0.2885749732920301
rs9608415,24437868,0.4842793154514322
rs28763891,24440305,0.07582519132643396
rs9608416,24441018,0.26826435824546313
rs6519621,24441816,0.8655944006995652
rs7290234,24446963,0.8655944006995652
rs6519623,24448976,0.9997741906668927
rs133839,24453488,0.08503576451250004
rs12627968,24456015,0.9110438664900521
rs8139277,24457420,0.49521357123547693
rs2748226,24458840,0.6003648987091301
rs10212011,24462612,0.9163576117090834
rs133845,24462839,0.7858194297666982
rs133847,24463775,0.4025400225338791
rs4822644,24464163,0.8153867608594833
rs9608419,24465929,0.8349446673961576
rs13054927,24467873,0.45343138824754936
rs5761163,24469378,0.1832980665022107
rs133852,24469746,0.3109619009062523
rs133858,24473280,0.7221899888607791
rs133860,24474760,0.7221899888607791
rs11090409,24476429,0.8435315101844092
rs6004755,24477557,0.7128579457352
rs133866,24478077,0.7436078882278814
rs9620553,24480584,0.7766031002696654
rs9613013,24482738,0.4626348343631913
rs133871,24485822,0.790701880877852
rs133876,24486554,0.2966846487720354
rs3859865,24488284,0.5408102722895829
rs133882,24488628,0.43358994942560813
rs133883,24488659,0.3195103762218686
rs133885,24489289,0.4625726998486447
rs133887,24489759,0.3195103762218686
rs133890,24490161,0.4625726998486447
rs12628806,24490370,0.353470612935466
rs133896,24491389,0.27650863945364657
rs4822648,24492775,0.12196876276408802
rs4822649,24493003,0.28317793742702113
rs133901,24493996,0.7452328609216756
rs133902,24494079,0.2537786695657287
rs13058434,24494413,0.22443847326917754
rs133903,24496011,0.8389658988449242
rs3859866,24496900,0.1656377755917312
rs713816,24497085,0.7141521169056433
rs713822,24497114,0.798246529536995
rs9608422,24497705,0.7141521169056433
rs3848858,24498558,0.4477006942324153
rs3859869,24498923,0.8334517230747596
rs9624894,24500627,0.5421461615778903
rs9613018,24503202,0.21737514156042026
rs12170856,24503484,0.616132185090244
rs5761170,24503661,0.36488854471553644
rs2076706,24504168,0.49531213774832383
rs17624687,24508247,0.8585138573074464
rs8138167,24509042,0.6550889820124828
rs8142661,24509312,0.6550889820124828
rs13058364,24510032,0.8167569467438851
rs4822651,24510170,0.1656377755917312
rs13053299,24511594,0.76421023651271
rs9613021,24512559,0.8184772964387064
rs12484281,24513417,0.9524292389434964
rs5752207,24513531,0.8769415874375921
rs4822654,24513851,0.49340868506590896
rs5996973,24515235,0.8691064838490221
rs3848860,24516191,0.49340868506590896
rs4822655,24516598,0.49340868506590896
rs2038326,24519026,0.34643860109286284
rs4820656,24522077,0.41598319236779824
rs738640,24522675,0.41163052018157664
rs2877299,24523824,0.5268768632884225
rs16980756,24524941,0.5066068771968864
rs5752212,24525430,0.5102035016259281
rs7292491,24525440,0.9625716801149587
rs17625580,24525481,0.41043167880533216
rs5752214,24527283,0.4843823079619791
rs13313869,24529849,0.5066068771968864
rs5761221,24531172,0.6282225989947015
rs5752216,24532924,0.9877681474655395
rs5752217,24533690,0.5033935889374554
rs5761250,24539553,0.31363143220037903
rs3859874,24539678,0.5268768632884225
rs3859875,24540850,0.5268768632884225
rs5761251,24542226,0.5192512274027321
rs11703640,24544942,0.5586053020355237
rs5996980,24545263,0.44307869985492176
rs6004774,24546160,0.5007830510124756
rs6004775,24546360,0.607252261614237
rs6004776,24546843,0.557667243124448
rs5761256,24548164,0.4283195159080424
rs4820658,24549605,0.039468391672462126
rs3859876,24551770,0.27266888455732363
rs8143030,24552247,0.27266888455732363
rs9624909,24552454,0.42581222791267015
rs2331162,24552505,0.32466977027135446
rs5761260,24554096,0.28455336355828387
rs3848861,24554632,0.4348881501567069
rs7286591,24555384,0.03796787839508116
rs13056293,24557039,0.4480989733642242
rs6004787,24557767,0.41225159820271506
rs6004788,24558540,0.4480989733642242
rs4822660,24559211,0.04556082654227398
rs4822661,24559502,0.039188269747803255
rs2331163,24560559,0.6720341413672857
rs3887776,24560640,0.15182993175265255
rs2748219,24561951,0.4375946928585469
rs3859880,24562110,0.3079824467268276
rs12167251,24562271,0.07285268839862928
rs3925154,24562616,0.09160977831102102
rs9624915,24563343,0.0035231420215323505
rs6519629,24564080,0.1812259417338079
rs4822663,24564918,0.002186064198759263
rs17626577,24565417,0.17683911220949866
rs9624917,24565594,0.04847224476501945
rs2748238,24567781,0.22295763371298238
rs5761268,24569850,0.025027395997820678
rs5761269,24569906,0.025027395997820678
rs6004793,24570234,0.0018894776735779233
rs6004794,24571771,0.12772311671479813
rs4822665,24575805,0.02849656165988369
rs2859410,24575987,0.2438961725289598
rs695665,24576287,0.3000213007432988
rs5996988,24577456,0.02849656165988369
rs6004798,24577607,0.02849656165988369
rs11703880,24578998,0.9582198754734423
rs5752235,24579277,0.38419572715365224
rs5761279,24580110,0.38419572715365224
rs9624920,24580235,0.0017148325254134418
rs9624921,24580248,0.0017148325254134418
rs695748,24580271,0.2438961725289598
rs695613,24582865,0.014382427944785827
rs695427,24584248,0.028247274859792074
rs5996991,24587761,0.42073449492538106
rs5752239,24590052,0.09840693738271433
rs2285193,24596134,0.28975077479019673
rs2285194,24596391,0.28975077479019673
rs11090417,24596482,0.885171004098273
rs2301492,24596939,0.5525720621611845
rs2269634,24598340,0.28975077479019673
rs2269635,24598413,0.205410034935674
rs2269636,24598463,0.5475112905885858
rs1573755,24600464,0.09840693738271433
rs2072013,24600632,0.9582198754734423
rs695821,24601505,0.07635836199649502
rs4822667,24603836,0.9129083222152857
rs1158340,24604949,0.3775422861788921
rs1158341,24605014,0.3775422861788921
rs5761294,24605161,0.5780907683364536
rs5761295,24605460,0.6112825726884878
rs695408,24605549,0.5705261841919141
rs739280,24606188,0.2035222392830206
rs2301497,24606870,0.7522741783399826
rs2301498,24607029,0.3818196976428472
rs739281,24607148,0.8257358014736247
rs2285196,24607555,0.9522756347948641
rs695540,24607720,0.3840189790061661
rs5761296,24607937,0.7152152309446633
rs695809,24608128,0.5176233005088031
rs695407,24608175,0.40716300470862365
rs695430,24608427,0.24247524663179976
rs695670,24608468,0.2961603795293587
rs695317,24608679,0.9976906898940029
rs2157538,24610462,0.06367503978913709
rs4822669,24610942,0.799584312281505
rs6004809,24611210,0.13948911970519523
rs739282,24613020,0.10714655667847275
rs2285199,24614108,0.8256618793339686
rs16980985,24615639,0.9408121791020185
rs17706905,24615895,0.3408118001265067
rs6004814,24620588,0.029406124829209616
rs6004815,24622607,0.3095080353408943
rs973523,24622659,0.6243589905433804
rs6004816,24622808,0.21657951838779255
rs2066935,24624513,0.3095080353408943
rs16981003,24625033,0.22427059614244627
rs8137311,24626347,0.49373668347251376
rs6004818,24627194,0.37041799687645593
rs2072016,24628754,0.2092919996119229
rs9613035,24633610,0.3968569833597324
rs5752242,24634057,0.8389067534497443
rs5761308,24634988,0.8389067534497443
rs2285200,24635682,0.8553007970206148
rs2331192,24636022,0.2092919996119229
rs5996999,24636750,0.947881226567602
rs2285202,24639139,0.2092919996119229
rs763492,24642260,0.24807928703965143
rs5761313,24643745,0.6848401275920155
rs9613037,24646491,0.272578809341961
rs5761316,24648236,0.8368976072959502
rs1006208,24649112,0.9266457379324453
rs1006209,24649391,0.5778019260823041
rs2301504,24650015,0.5778019260823041
rs1006210,24651051,0.2092919996119229
rs2269637,24654616,0.4771706699007857
rs10427777,24655203,0.7850846476444295
rs969975,24655360,0.1454547956564436
rs2227235,24656313,0.638975191330305
rs2285204,24657243,0.8068425580157492
rs2187938,24658932,0.347488081131356
rs5997003,24659339,0.47017564830875
rs1034461,24661185,0.5495332575829436
rs1012480,24661264,0.2852499204802248
rs3948759,24664630,0.7171207357129459
rs9613041,24664683,0.4104915981308377
rs5997004,24665739,0.7246932286218355
rs9613042,24665980,0.5719323698802594
rs2269640,24667911,0.5761945531956625
rs2105945,24672529,0.9629852647890932
rs2072006,24673593,0.5644782800026691
rs2072008,24674024,0.7246932286218355
rs2249582,24675067,0.7003480418457306
rs9613049,24675603,0.6920118161599111
rs882432,24677844,0.5808682247488532
rs4822675,24679933,0.620514768793196
rs4820663,24684655,0.4401012199344916
rs5997009,24689733,0.9423965572240449
rs11703998,24689777,0.9741171022594493
rs1894677,24691327,0.6305876734773475
rs9306419,24699358,0.1542456365013359
rs7284984,24701211,0.31962255822163566
rs6004859,24705073,0.2045617588444063
rs7287110,24706541,0.36320011712158395
rs6004862,24708073,0.06705551884632599
rs6004866,24709969,0.3893491577394248
rs6004868,24710079,0.3464046160085904
rs9613060,24710389,0.29873379124690647
rs6004869,24710870,0.25321734899171955
rs9613063,24712004,0.6528935035200931
rs17635540,24712764,0.9694243969475107
rs6004875,24713274,0.27865592827993846
rs2157537,24714470,0.2103673567845099
rs7292258,24716720,0.27577127691795433
rs916423,24718119,0.3443873062787929
rs12166988,24718304,0.431130816044364
rs916425,24718337,0.3443873062787929
rs9613067,24718548,0.48091144241125594
rs5752249,24718706,0.6743247785591681
rs5752251,24718897,0.7061933599303616
rs5761340,24719349,0.34228692704052655
rs16981163,24719510,0.188582624999174
rs7286230,24719846,0.7883101601696546
rs2331197,24720903,0.4325418931580851
rs5761347,24722234,0.9140461996085938
rs9613070,24722705,0.45787268514148505
rs9613071,24722729,0.3443873062787929
rs9613072,24722874,0.82341606017309
rs2009111,24722981,0.7192493924181492
rs8139267,24724587,0.4730576034146986
rs8139900,24724724,0.25746463003304365
rs16986621,24725302,0.49686900164731984
rs5752252,24726647,0.63641300862195
rs7287184,24729432,0.431130816044364
rs8139384,24730319,0.934904410712965
rs1004535,24732623,0.15179210788201425
rs9680735,24733268,0.4812353396465803
rs1001022,24733488,0.8421703439522956
rs1001021,24733599,0.6743247785591681
rs9613081,24734101,0.6632270764669761
rs16981208,24735526,0.23298251082443255
rs6004888,24736382,0.6975774400818511
rs12166654,24737957,0.23298251082443255
rs7288885,24738660,0.9661675463950821
rs6004895,24742755,0.2865223890476317
rs5019557,24745294,0.5955440478500456
rs5752254,24745475,0.8441859024677232
rs1983666,24745565,0.3017267809905537
rs1033589,24746570,0.8974004073421973
rs761670,24747956,0.8886480929928734
rs4822682,24748568,0.592218504363663
rs4820668,24749808,0.5796793415204277
rs5997024,24751591,0.6349393006825726
rs16981226,24751793,0.6334302331274746
rs41531549,24752292,0.38385225024270975
rs2236005,24752980,0.48345113181694144
rs7284177,24753477,0.39899044359510094
rs16981230,24754404,0.24057553522417474
rs17295779,24755144,0.11978577224452264
rs16981234,24755187,0.13873576789469638
rs11913497,24755299,0.16058019989968864
rs8143085,24759336,0.13873576789469638
rs5997026,24761850,0.11142657597420648
rs4820669,24762526,0.09873696619341402
rs8141254,24762820,0.11457978175566548
rs12157917,24763054,0.5996501110059498
rs6004904,24763170,0.1692236222493675
rs5997028,24764963,0.08009332699557038
rs7292706,24766287,0.21071439613675502
rs16981272,24767821,0.13873576789469638
rs10212037,24768107,0.9149180629971597
rs6004913,24768495,0.1280642031260715
rs9620587,24776611,0.5468532687688887
rs8141524,24778643,0.13873576789469638
rs9624968,24783030,0.5426121070490804
rs6004919,24785216,0.8517669887438624
rs5752262,24786367,0.49619680162175117
rs1003547,24788134,0.7304958460601274
rs9613094,24788388,0.6089196154180894
rs5761367,24793024,0.331631100835565
rs12628683,24795266,0.2321959992516387
rs2331169,24796765,0.541061900807283
rs972996,24797382,0.6488761330380889
rs9613096,24799229,0.033449250501580825
rs4499534,24802006,0.22290189184232967
rs5752264,24802646,0.5940699246942904
rs6004929,24803392,0.6016635307082248
rs738621,24804659,0.14631596552527903
rs8140357,24812842,0.1042938192264357
rs134695,24813608,0.8617964795773808
rs134696,24814207,0.7058505913078293
rs134697,24814948,0.20324391903798755
rs11090428,24815668,0.21732049826401867
rs5752266,24817166,0.5386180516318164
rs4607039,24821170,0.38536259477888357
rs16981384,24824514,0.39773108455332984
rs134702,24824612,0.726835543335018
rs16981387,24825865,0.39773108455332984
rs2049990,24826622,0.532854801736266
rs9613100,24827107,0.2167916235144558
rs9613101,24827371,0.49791137742993763
rs8139129,24828721,0.4510243927505496
rs7364171,24830384,0.4510243927505496
rs134703,24830417,0.2158564616200359
rs9608458,24830958,0.11482001027286667
rs9613102,24831277,0.3793354500465044
rs134704,24831884,0.8421868014620153
rs134709,24833944,0.83006362958549
rs134710,24834002,0.15493267081514384
rs134711,24834037,0.83006362958549
rs6519640,24834839,0.2215426831015621
rs134717,24837645,0.20184969357756855
rs134733,24846836,0.1107756607242476
rs134734,24847370,0.1837121787434285
rs134735,24848455,0.5714706055476375
rs9613112,24850564,0.1484441054461049
rs134738,24850808,0.3194633554471775
rs134739,24850939,0.8212253280979338
rs12165991,24851029,0.0067201813270141965
rs134743,24861916,0.05369245423273393
rs6004947,24871422,0.0712107986596125
rs134748,24873287,0.8069993374069273
rs9608464,24887350,0.0509533510437466
rs2223338,24887486,0.09512722086403488
rs1883304,24889771,0.490052651619461
rs9608466,24891478,0.08199356967895206
rs2049988,24892140,0.08199356967895206
rs134755,24895156,0.5142356247309355
rs134757,24896757,0.46482475680851365
rs134759,24903240,0.5103201601422361
rs134760,24903345,0.46482475680851365
rs16981470,24907346,0.13834928992623935
rs9613119,24907566,0.08702279867025078
rs9613122,24908256,0.08702279867025078
rs2092201,24910475,0.30493716772709334
rs134761,24911298,0.32778013135458484
rs134762,24912436,0.15456958032085483
rs2049989,24916795,0.11831716125448917
rs134764,24918406,0.8684049943067776
rs134765,24918745,0.6275048141097626
rs16981495,24919752,0.2121822851085935
rs5752275,24920200,0.12378279748058676
rs134767,24920622,0.32254749347127865
rs5997051,24923779,0.09660893843260511
rs134769,24927805,0.4410566893002311
rs5761403,24931559,0.30493716772709334
rs5752280,24936256,0.30493716772709334
rs4553919,24941463,0.041931471344954015
rs5761411,24945238,0.664698829783076
rs969539,24947787,0.2628703398190737
rs738651,24947905,0.6135646323148929
rs738652,24948065,0.6135646323148929
rs17301280,24949159,0.1884317955804382
rs7292403,24949760,0.1884317955804382
rs1535145,24950244,0.3344933989098202
rs5997055,24951676,0.08514674010433754
rs9608471,24952161,0.9700070496567856
rs9613134,24952279,0.3206312535690149
rs9624998,24954155,0.16059317783433835
rs9613135,24954817,0.45228886415494185
rs9620594,24955605,0.16059317783433835
rs4822691,24957142,0.3344933989098202
rs7511475,24958105,0.3344933989098202
rs4822692,24959288,0.3206312535690149
rs11705602,24959678,0.23075165468529635
rs12485236,24960019,0.3344933989098202
rs2067970,24960688,0.35959961254108586
rs6004968,24961997,0.2917764042329092
rs4822693,24963178,0.3344933989098202
rs1028494,24963357,0.3206312535690149
rs9613137,24964067,0.9700070496567856
rs12166576,24964163,0.16059317783433835
rs17373858,24964463,0.1884317955804382
rs9620595,24964750,0.23283276236221062
rs1207401,24965548,0.46113248196914447
rs17301856,24967256,0.6126714096071895
rs2847316,24967298,0.3016368198549496
rs9608473,24967448,0.21713969725598414
rs1207402,24968161,0.8924864407672395
rs5761435,24968677,0.06889715143992765
rs5761437,24968998,0.3621870680032312
rs4822695,24969117,0.9400134211365836
rs16981574,24970200,0.4966993375762283
rs1207405,24970849,0.38369319232682253
rs5752291,24971081,0.38369319232682253
rs4822697,24971235,0.35894096299055733
rs17302009,24971384,0.21687341963264672
rs17374185,24972235,0.3443377992950404
rs717191,24972679,0.9392083143199039
rs2073257,24973743,0.38369319232682253
rs2073258,24973779,0.2810394406101895
rs1209383,24974628,0.7144467217908689
rs12169625,24974715,0.9208267550518952
rs1941120,24978940,0.41372853757284145
rs9613142,24979421,0.41372853757284145
rs1207386,24980662,0.6038162912469963
rs1079665,24980883,0.9816602644247608
rs713745,24982930,0.3934936383908154
rs713738,24983212,0.9104221802541864
rs1941129,24984236,0.41372853757284145
rs9608476,24987664,0.9754237732060959
rs1207397,24987779,0.8337245908495612
rs2144350,24988299,0.49073257464139997
rs948335,24988556,0.6717381104264075
rs5761458,24989254,0.3595082332962042
rs5752300,24990760,0.3595082332962042
rs4640491,24991500,0.41372853757284145
rs12628828,24992042,0.6971433816977461
rs667270,24995099,0.9284740562123481
rs137180,24995674,0.2611367270476018
rs17394336,24995807,0.5675562565210834
rs585244,24996235,0.8127657895494105
rs684503,24996590,0.41576981216201403
rs16981638,24996611,0.39281350557299366
rs6004984,24998246,0.8556989611353323
rs137182,24998524,0.9709866326145526
rs137183,25000085,0.9262170629934853
rs604101,25000128,0.8121070386143919
rs637395,25001039,0.8464587810700276
rs9613148,25001594,0.6729677349100441
rs12158079,25003399,0.8556989611353323
rs137190,25005608,0.9752676483990274
rs586156,25006419,0.7091276364550236
rs6004985,25006580,0.6676314932007194
rs5997062,25008128,0.43713410952610066
rs9613152,25008473,0.3335744240142954
rs8138440,25010672,0.9638274878958497
rs11702984,25011209,0.9085272301085742
rs677499,25011640,0.6167938297295186
rs738401,25013328,0.6167938297295186
rs17303828,25013635,0.5749224371126178
rs909742,25013793,0.6167938297295186
rs612275,25014218,0.5859687185342612
rs639183,25014958,0.5859687185342612
rs17304075,25018838,0.6271174672475692
rs688034,25019635,0.8748073258247061
rs688425,25019700,0.870945806139101
rs688480,25019741,0.9836081098835623
rs137205,25020539,0.8191425873881071
rs137206,25020561,0.6663390654831722
rs137209,25022186,0.7887162174843211
rs137210,25022456,0.9328343111028856
rs137211,25023227,0.72574640072482
rs3788377,25024214,0.12018428052112522
rs663048,25025077,0.7075625426579153
rs7284428,25026970,0.6475192054815546
rs591044,25027195,0.9880047984989812
rs670530,25028892,0.5913918254121113
rs1210894,25032015,0.9564538120028505
rs662329,25033553,0.13053313422064078
rs604459,25033588,0.8383639800556781
rs1007015,25034436,0.45645016216516177
rs2018293,25034561,0.49055090272979773
rs635755,25034915,0.38198990513736897
rs2847315,25035391,0.38198990513736897
rs633132,25035531,0.38198990513736897
rs666999,25036826,0.38198990513736897
rs666627,25036885,0.38198990513736897
rs5997067,25038252,0.49055090272979773
rs5997068,25038471,0.4026540381769891
rs1115764,25039307,0.49055090272979773
rs6005007,25040270,0.49055090272979773
rs592861,25040535,0.38198990513736897
rs6519647,25043964,0.6135377589687188
rs581562,25045393,0.20474420358189271
rs3788378,25045923,0.4241030217829078
rs7292528,25046227,0.7627634629776749
rs596633,25046432,0.45823619870166876
rs639526,25049135,0.42754191703454447
rs16981740,25052146,0.5348868023002569
rs16981743,25052351,0.39683486240063803
rs4822702,25052513,0.5348868023002569
rs624390,25054561,0.3555514388562495
rs4822704,25054763,0.2482411518212977
rs6005015,25056045,0.3121027508093006
rs5761476,25056856,0.31621853317766246
rs607989,25056954,0.17306329487952177
rs17305413,25057129,0.4828517283646975
rs713821,25059005,0.04027703634078061
rs2187971,25059373,0.109007929593984
rs17305608,25059579,0.6951591221930578
rs4822706,25059721,0.5834203820831481
rs2331245,25060172,0.19218958215163118
rs3788386,25062144,0.34236917493497276
rs3788387,25062208,0.03543145650769259
rs3788390,25063244,0.39683486240063803
rs6005016,25063299,0.39683486240063803
rs3788392,25063770,0.5309889429476482
rs678655,25064141,0.611262895279874
rs9613160,25065570,0.611262895279874
rs17305959,25065632,0.3118278845708218
rs5761484,25065648,0.49204860762356284
rs5761486,25065765,0.7075050066084249
rs17306064,25065813,0.3118278845708218
rs6005018,25067148,0.07624361637836909
rs688700,25067544,0.7751401500771662
rs11703437,25067680,0.15486576316945677
rs629429,25067966,0.454352317436877
rs629491,25068011,0.7503577405347022
rs5761487,25068225,0.6919824875579722
rs3788395,25068732,0.23606214749497578
rs1941116,25069840,0.6919824875579722
rs5752309,25070087,0.6116689668463887
rs1033427,25070281,0.6919824875579722
rs4822710,25075320,0.6919824875579722
rs6005020,25078225,0.7290702808441787
rs9613162,25078765,0.9592723696132146
rs582028,25078910,0.9613829563798593
rs655581,25080230,0.6836692549787202
rs671499,25083731,0.9648454276835758
rs9613163,25084350,0.7857040819939156
rs685163,25084405,0.8000113698725007
rs7290719,25087126,0.7220391697468012
rs5761494,25087514,0.3254557044282399
rs1941126,25088375,0.4480473857444667
rs738404,25088637,0.4480473857444667
rs4822711,25089069,0.4480473857444667
rs4822712,25089177,0.4480473857444667
rs4822713,25091183,0.40511200764148114
rs6005031,25095167,0.8064573457155205
rs595817,25096024,0.8104706750070618
rs608520,25096607,0.8449829659076016
rs5761499,25097018,0.7775799090759277
rs1209380,25097140,0.7864912481381321
rs654245,25097267,0.8992454926264183
rs669184,25099308,0.4203192223315545
rs731276,25100390,0.8146765631970264
rs595042,25100876,0.4203192223315545
rs1893221,25101294,0.9038633550209249
rs622654,25101386,0.4203192223315545
rs5752314,25102006,0.8146765631970264
rs738400,25103254,0.7150950241972642
rs667577,25104580,0.743414874871519
rs16981987,25105654,0.30288899925791324
rs587471,25107094,0.2949988543446359
rs5752315,25107440,0.9461212357041616
rs601548,25107951,0.2949988543446359
rs489363,25108461,0.43556987706050043
rs16981995,25108747,0.30288899925791324
rs627229,25111250,0.8617075653792348
rs5752316,25112251,0.5572419020033919
rs8137987,25112661,0.4203192223315545
rs646593,25116522,0.9447229345272128
rs2212611,25119768,0.25131665583688567
rs2226691,25119849,0.25131665583688567
rs2226690,25119906,0.25131665583688567
rs5752318,25122113,0.34033157090341215
rs650276,25122236,0.9954152801051961
rs8135154,25122576,0.33538427315489727
rs5752319,25122643,0.20528651502991602
rs9613168,25122793,0.6312093773436226
rs569472,25124938,0.671097120496794
rs10427741,25125029,0.16761770588174973
rs17399844,25126863,0.5566060769180814
rs501927,25128774,0.7263586239916496
rs8140344,25130199,0.835171125409138
rs613718,25130409,0.7398452145903199
rs600878,25130975,0.8975924802298791
rs6005042,25131287,0.5654707849920715
rs598573,25131527,0.7263586239916496
rs13054742,25131751,0.4489341016906718
rs13056467,25133206,0.4489341016906718
rs547083,25134215,0.8975924802298791
rs761603,25136031,0.8246960511297177
rs16982054,25136186,0.4489341016906718
rs674436,25137117,0.8368863116080703
rs587179,25142756,0.6876618075481303
rs567600,25142913,0.39669980382432724
rs713800,25144608,0.8314428519617642
rs11912371,25146558,0.21348125583095168
rs8136086,25151469,0.23795858006860504
rs3747128,25159914,0.5574629050325288
rs3788398,25160478,0.549411520479185
rs1000815,25161077,0.40084089189311756
rs3788400,25162103,0.865444870909046
rs5761523,25163186,0.5632904668200986
rs5761524,25166008,0.5632904668200986
rs6519650,25166780,0.5632904668200986
rs1046453,25170477,0.9632755200719532
rs11913750,25171390,0.3132813137264323
rs2012729,25171519,0.9124624348393373
rs16982107,25171643,0.24864843607181852
rs3213582,25172061,0.3132813137264323
rs5761529,25173708,0.7718745517118801
rs5752327,25174070,0.7718745517118801
rs929131,25174769,0.9724382488774915
rs5752329,25176690,0.9724382488774915
rs3752589,25177586,0.7026975255503591
rs9625029,25179364,0.14493201151088306
rs722997,25179666,0.7718745517118801
rs1894704,25183905,0.9403679574317096
rs1894705,25183980,0.7718745517118801
rs1894706,25184441,0.9724382488774915
rs1894707,25189086,0.5632904668200986
rs5752330,25189942,0.5513322274347893
rs16982145,25191721,0.3252521868946726
rs6005054,25191970,0.509640721337171
rs3747129,25192041,0.8725004925934873
rs739289,25192153,0.5513322274347893
rs713998,25192212,0.5513322274347893
rs737800,25193559,0.6984291658040869
rs739290,25194658,0.9493414496444768
rs5761549,25197490,0.5632904668200986
rs877593,25197655,0.722107027997577
rs5761552,25200502,0.8072758723799264
rs9608491,25200985,0.860267561600277
rs9613187,25205370,0.7230993495846667
rs739291,25207539,0.5513322274347893
rs3747134,25207981,0.5513322274347893
rs5761557,25208024,0.7468855840419191
rs5752333,25208967,0.5513322274347893
rs6005059,25209297,0.8929953368048442
rs3747135,25209562,0.5574629050325288
rs3747137,25209691,0.5574629050325288
rs4822724,25210556,0.8072758723799264
rs5761561,25212142,0.8072758723799264
rs4820682,25214039,0.5513322274347893
rs2032574,25218725,0.6984291658040869
rs4822727,25219564,0.9198423143112054
rs5761562,25222898,0.8004456097112553
rs17402286,25224879,0.3787762824003579
rs2187956,25224985,0.5513322274347893
rs2157586,25225061,0.7718745517118801
rs1008530,25225337,0.5513322274347893
rs713900,25228242,0.7718745517118801
rs134134,25228891,0.38144254854191373
rs12628373,25234541,0.5133463814582111
rs2097470,25234965,0.4053895758666587
rs134143,25237899,0.28827794675293616
rs3213558,25238433,0.4053895758666587
rs134144,25238970,0.7718745517118801
rs134145,25239750,0.25012012111180415
rs134146,25240295,0.6984291658040869
rs134147,25241418,0.6984291658040869
rs5761574,25245762,0.6419614436527953
rs134157,25246722,0.7493412730234283
rs13056218,25247626,0.6419614436527953
rs3088103,25250048,0.4564992119945014
rs1057890,25250270,0.6259968493720074
rs4275,25251725,0.7819981558615976
rs4149485,25252228,0.3211849434545653
rs2283817,25253155,0.13326289843958175
rs2283820,25253907,0.13747051705620153
rs2283822,25254312,0.33196917886283983
rs2283823,25254336,0.33196917886283983
rs2283825,25254535,0.47700375786414007
rs2283826,25254995,0.20906080150099804
rs5761585,25255782,0.6139373668601913
rs16982287,25255953,0.5024194106490173
rs2283827,25256047,0.13747051705620153
rs1011312,25257221,0.8034134536533921
rs5752341,25259558,0.17627086698399363
rs7364248,25259814,0.7023064187398484
rs8139804,25260065,0.7023064187398484
rs4822733,25260156,0.17627086698399363
rs4149478,25261221,0.7023064187398484
rs4149476,25261381,0.13639596157551379
rs3752523,25262150,0.7023064187398484
rs16982302,25263195,0.6911846770838785
rs8136604,25263253,0.13639596157551379
rs9613199,25265969,0.4585035613536508
rs732933,25269781,0.8640413945855078
rs11703123,25270428,0.790277603862352
rs7288210,25272127,0.5947458269219215
rs2267085,25275043,0.8512354458260327
rs9608498,25275288,0.9277785313171757
rs4822736,25275702,0.2427489550432229
rs3788402,25278694,0.5687634534512851
rs5761599,25279650,0.45872436707880804
rs4820685,25281589,0.9272138484880459
rs13056233,25285854,0.6885144503950571
rs9613208,25285896,0.7143246761530546
rs9613209,25286392,0.7107959762594258
rs9613212,25287774,0.9835411478094946
rs5761603,25288331,0.8706686450927498
rs2283831,25289826,0.8847586521593017
rs2283832,25289859,0.6122452041031345
rs2267094,25290789,0.5586782112862966
rs13055271,25292033,0.7879563725542249
rs763088,25293438,0.8931393704912884
rs5761606,25293743,0.5298147310505417
rs5752349,25296602,0.8931373093754149
rs2283838,25297499,0.2762419515557979
rs2267095,25298211,0.7261602683996474
rs2267096,25298506,0.7912355850851399
rs2283839,25299061,0.7261602683996474
rs17404166,25299802,0.8087635955379456
rs763089,25299857,0.7261602683996474
rs17404243,25300902,0.7855523210469959
rs2267097,25304741,0.1253402245168097
rs6005084,25305517,0.8268668252409842
rs5761613,25310075,0.0431515908680896
rs4822743,25311039,0.8719910203168423
rs9613221,25316826,0.14608262800045022
rs5752351,25320807,0.03601306640634107
rs5761618,25323706,0.004738616977977813
rs3830148,25327275,0.14747015361708854
rs2301439,25327383,0.9998101586679801
rs2301440,25327482,0.1575628978531609
rs2877327,25330117,0.04323008823884207
rs9613228,25332223,0.8712790778713806
rs2071859,25334300,0.03114248942854998
rs4822748,25334964,0.14747015361708854
rs2267103,25336189,0.9451352781100061
rs5761630,25336698,0.12506509350095577
rs4822752,25341420,0.27502542644621264
rs4822753,25341460,0.31868888570667986
rs5761635,25344467,0.8131461546295227
rs2283843,25347300,0.4898018946929247
rs2071860,25349128,0.4898018946929247
rs2071862,25351401,0.011874158016324689
rs4276,25351425,0.1271549767821136
rs1573709,25356804,0.21235642318034476
rs5752370,25361721,0.020207405227104378
rs6005101,25363321,0.18925897840022077
rs5997110,25366505,0.11242330281116433
rs4822756,25367919,0.4004416655375297
rs5761655,25368853,0.5953114091079091
rs2017127,25369994,0.05841920984763927
rs744016,25372106,0.31668289076682243
rs2269671,25373728,0.8847479116850291
rs763275,25373883,0.20657710613580937
rs11913541,25375504,0.351106329106312
rs4822761,25376685,0.5565059706089353
rs2331289,25377254,0.868381774357402
rs16982543,25378858,0.09331668390536435
rs1018833,25379011,0.8880874261260184
rs16982554,25379119,0.21024556000360395
rs7284198,25384199,0.6870445655897185
rs1007476,25386649,0.4049721835249188
rs5761665,25387439,0.978576018994316
rs2331290,25388525,0.6584150174916767
rs2331291,25388821,0.6584150174916767
rs4822763,25390641,0.7997653096583359
rs1061540,25392038,0.1098711994284072
rs2301523,25392669,0.4643671682736844
rs4274,25394287,0.048393147875738424
rs3752603,25394494,0.3249749815568217
rs4822767,25395681,0.5745288753203057
rs7985,25396535,0.4500261115463421
rs8142049,25397792,0.5258982286317904
rs5761671,25398592,0.5745288753203057
rs9625066,25398702,0.7728141989715904
rs9620625,25399254,0.0776032906101462
rs5761672,25399439,0.4500261115463421
rs6005127,25399557,0.7728141989715904
rs5752378,25399835,0.367455574775735
rs713720,25400451,0.4889041687032978
rs4822768,25400749,0.3889848336929581
rs1045363,25402146,0.3936134451824156
rs739312,25403858,0.06226956146433492
rs736689,25404685,0.39575919789399205
rs5761676,25406576,0.4616316797804194
rs6005133,25406984,0.6690025431842875
rs9625070,25412992,0.07301058947281475
rs1573764,25415223,0.0824521462883817
rs1573767,25415491,0.6244339965646415
rs1573768,25415554,0.0824521462883817
rs4820699,25418298,0.0824521462883817
rs766070,25418638,0.0642545028068388
rs766071,25418786,0.0824521462883817
rs4820700,25421167,0.47837335312385043
rs975325,25421750,0.09615885283029937
rs978695,25425014,0.4287341986400687
rs9613255,25434705,0.14769794185237067
rs5752388,25439475,0.029103739317622612
rs5761697,25440259,0.029103739317622612
rs5761698,25440827,0.10248213361992103
rs9613256,25440974,0.12182569249459009
rs9613258,25443697,0.010949549250026521
rs739225,25443741,0.5348641174496798
rs2001121,25448181,0.9069461298481227
rs8139445,25448416,0.872751473877905
rs5761704,25449061,0.8670215735700701
rs12159376,25450433,0.6906495729051658
rs6005150,25452480,0.8253054239012462
rs5752392,25452923,0.5078231002149394
rs5761709,25453638,0.6795979469372189
rs5761710,25453944,0.8253054239012462
rs5761711,25459747,0.7934870662117555
rs5761715,25463681,0.9230310452913706
rs763105,25467135,0.9952213735031069
rs6005151,25467639,0.3703848700731598
rs5752401,25467761,0.7051917970974311
rs4822787,25469303,0.5252551301239456
rs5997120,25471026,0.9209349722490282
rs6005154,25471605,0.29182748350850873
rs1041901,25472276,0.7882601511831085
rs6005155,25472366,0.6962011465371822
rs5752402,25473245,0.5515130639794099
rs7290369,25473319,0.2507274936226844
rs8140216,25474070,0.6030623872279525
rs715508,25474722,0.7375198061382691
rs3885457,25474734,0.7375198061382691
rs1015067,25479053,0.41631859283010597
rs5761729,25479561,0.23861911050149254
rs5761732,25483785,0.6396305871050234
rs6005159,25489832,0.7261210335634256
rs11703244,25491589,0.30342067776024184
rs6005162,25492907,0.5092516636581936
rs2051623,25493999,0.9006487957365392
rs4820706,25497348,0.4805846000963412
rs5752410,25501576,0.5436305711019729
rs5761744,25501638,0.4948446449991224
rs5752411,25502005,0.7896484771252944
rs1004970,25502826,0.8820412004173657
rs2331328,25504663,0.7916053016936873
rs5752412,25504996,0.6401954291638305
rs4321459,25505038,0.9847629691226252
rs5752413,25505858,0.6401954291638305
rs4820707,25509453,0.716583686096246
rs4820709,25515955,0.11359222840856345
rs4820710,25516111,0.09709246941585992
rs4820711,25516355,0.11359222840856345
rs5761758,25518947,0.45739529063753603
rs5761760,25519042,0.45739529063753603
rs2285155,25519536,0.45739529063753603
rs713752,25519774,0.38824897095891875
rs713751,25519835,0.3420479843961757
rs737774,25520734,0.10223778514522863
rs4822799,25521942,0.432200781254067
rs4389412,25523844,0.8190931032956762
rs7292381,25525033,0.9994662245900681
rs4822801,25528719,0.8858542195360779
rs9608521,25529237,0.15889077065820512
rs9613266,25530942,0.8685835515809905
rs1476033,25536289,0.48604915103077284
rs4591440,25536530,0.48604915103077284
rs1894621,25538422,0.48604915103077284
rs5761769,25538861,0.48604915103077284
rs713974,25540691,0.932191157158375
rs2331331,25540985,0.6820512545541647
rs2213707,25541191,0.5499482810459407
rs5761771,25543968,0.5085738713973815
rs4501037,25545976,0.409587702949029
rs739226,25546426,0.42336193101041675
rs1573718,25549371,0.47870844111314637
rs720914,25549881,0.5082139002190251
rs13054025,25552059,0.22002469179003148
rs10483127,25552286,0.23385891209219456
rs713702,25554108,0.34219225113070595
rs5761777,25557454,0.4998740808595987
rs4822806,25558712,0.8325098777986462
rs6005198,25560983,0.534222163178098
rs136493,25561130,0.7112400992182895
rs136494,25561633,0.38955650952215715
rs5752431,25563872,0.534222163178098
rs136499,25564171,0.8209237663560244
rs17323675,25564290,0.3047691009529857
rs136503,25566071,0.16988151699047105
rs136504,25566439,0.16988151699047105
rs136505,25566603,0.3252709897346021
rs7285447,25569805,0.08037100003011984
rs136511,25570025,0.18703109484565106
rs136513,25570293,0.18703109484565106
rs2213769,25571464,0.08037100003011984
rs136519,25573234,0.8211854628757248
rs136522,25574109,0.9447078060274148
rs2213770,25574685,0.6804476981677868
rs136525,25574876,0.05430613055035569
rs136526,25575137,0.16134234506750622
rs136531,25575485,0.06748915142275322
rs136534,25575963,0.6356453243961104
rs136535,25576070,0.14196277431858323
rs136539,25578025,0.13661829319214316
rs136541,25579352,0.06138379202303911
rs6005206,25579884,0.33903557749473856
rs9625099,25580195,0.14805986546269118
rs9620642,25580280,0.14805986546269118
rs136543,25580786,0.06748915142275322
rs16982952,25582185,0.14805986546269118
rs9306427,25582454,0.20297624281310567
rs136547,25582859,0.5310912689985263
rs6005209,25583020,0.33903557749473856
rs136549,25583560,0.14196277431858323
rs136550,25583791,0.638782602560251
rs136551,25583905,0.5310912689985263
rs12167218,25584122,0.20297624281310567
rs5761792,25587321,0.14196277431858323
rs8142203,25587658,0.5310912689985263
rs136557,25588572,0.6232926201093723
rs5997130,25588653,0.22694208974602215
rs5761801,25598143,0.048119898238023234
rs9613280,25598535,0.163714477293173
rs2157468,25600068,0.13876821095046596
rs9608535,25604720,0.13550552997652943
rs9613287,25607262,0.10482549860354323
rs16983019,25609559,0.2740686112807993
rs6005220,25609702,0.48861911131362423
rs6005221,25609749,0.17321476049142215
rs12484426,25610626,0.10482549860354323
rs713954,25613680,0.07334864506090243
rs4242,25614022,0.015433306604460682
rs5761818,25617053,0.02240693742113858
rs17332313,25620892,0.9139080322134318
rs16983066,25621244,0.9947762156232292
rs16983069,25621924,0.9947762156232292
rs5761823,25622868,0.01052998546156979
rs9608537,25624773,0.756462097622292
rs9620643,25625234,0.9947762156232292
rs11705120,25629487,0.033706252393411934
rs1071957,25631137,0.04015130485261296
rs5761826,25632631,0.0048860049465090614
rs4822815,25633145,0.024216157951293577
rs1041916,25633755,0.0048860049465090614
rs9625108,25634394,0.029370541788184937
rs7364302,25634495,0.024216157951293577
rs16983113,25634645,0.002964061975698404
rs6005232,25635180,0.024216157951293577
rs11704127,25635781,0.005295091037178976
rs4497966,25636830,0.0024081932877082985
rs9613296,25639798,0.0379771327518156
rs5761830,25642985,0.08913309471101724
rs5997142,25643765,0.023746457371454817
rs9613297,25644016,0.8882046088870134
rs9613298,25646368,0.11101530218235242
rs9306430,25646435,0.8817086391247992
rs6005235,25650076,0.023746457371454817
rs6005236,25650093,0.08913309471101724
rs5997144,25650185,0.023746457371454817
rs2213758,25651172,0.08913309471101724
rs5761837,25653117,0.11291169902334298
rs6005239,25653691,0.023746457371454817
rs739250,25653867,0.08913309471101724
rs5752443,25654152,0.8216985313648569
rs5752444,25655049,0.42367097958822597
rs5761839,25656221,0.3020101512330544
rs11914229,25656555,0.7703635448744719
rs5761842,25657701,0.2411061370646591
rs5761843,25657741,0.2411061370646591
rs6005241,25658318,0.4427759418196958
rs7290832,25658787,0.697877631468423
rs5752447,25661206,0.6306494188140881
rs5761848,25662590,0.6306494188140881
rs2097508,25664951,0.49471788086252666
rs10854796,25665459,0.49471788086252666
rs4269019,25665790,0.49471788086252666
rs2213760,25666747,0.8591910432329356
rs9625119,25667228,0.6528716080972073
rs4822823,25667854,0.6528716080972073
rs4822824,25667886,0.6528716080972073
rs2157461,25668819,0.4895230952325572
rs739256,25669184,0.11863547932790541
rs739257,25669284,0.14426070341359776
rs1109081,25669453,0.5748858377989424
rs9613302,25669624,0.33966923777023184
rs1011772,25669652,0.434131307851472
rs4643634,25669872,0.23720567776358448
rs4525793,25669913,0.965928422427801
rs4525794,25670003,0.8914449946569212
rs16983190,25670346,0.6913589605147171
rs2157462,25670510,0.9990015907086981
rs5752450,25671117,0.5809569315663606
rs5761855,25671413,0.49944767273728585
rs2187897,25671568,0.48844234931483954
rs16983214,25673454,0.8914449946569212
rs16983218,25673533,0.8914449946569212
rs8142063,25674151,0.9084416946535349
rs5761861,25677681,0.8315689260580532
rs5761862,25678446,0.8315689260580532
rs5761863,25678456,0.5414399000455957
rs2331359,25678896,0.8315689260580532
rs966560,25679234,0.8315689260580532
rs2213762,25679602,0.9754586816347958
rs11702998,25680166,0.3789338010692518
rs8141551,25683309,0.9002038736130014
rs763136,25685348,0.8383681523005085
rs5761869,25685733,0.04835648899209167
rs739259,25686579,0.45045589361191984
rs5761871,25687975,0.852827493693137
rs5761875,25690964,0.4694140893734561
rs5761877,25691465,0.6123056013034895
rs9613310,25692148,0.409710004724521
rs12628085,25692767,0.2907796450656437
rs16986703,25693632,0.314207497157326
rs5761880,25694300,0.04835648899209167
rs2331360,25696972,0.7456783560120978
rs5752458,25698478,0.04999163238544893
rs2877347,25698751,0.6803416219101376
rs5761885,25700273,0.00809225058421905
rs2213767,25700782,0.01342712693136783
rs5761886,25701685,0.006265143295266908
rs16983313,25703538,0.6869972905667152
rs6005252,25703562,0.5754078728178458
rs4822830,25703720,0.006265143295266908
rs5997150,25705529,0.4507802568331263
rs11090463,25707569,0.7686912520454658
rs16983325,25707796,0.006265143295266908
rs5761891,25710713,0.01096759849057415
rs6005257,25710730,0.8905718410377628
rs5761892,25710743,0.006265143295266908
rs2001135,25711036,0.18869136783173668
rs2001136,25711136,0.5222108381548669
rs9613317,25711193,0.5222108381548669
rs2157465,25711346,0.18869136783173668
rs7290257,25711389,0.8905718410377628
rs4345013,25711837,0.03487609490365661
rs9608549,25713140,0.7940554513987849
rs9608555,25714762,0.5133664601533041
rs2331362,25715700,0.7940554513987849
rs16983356,25715773,0.4758516109026172
rs5752462,25716488,0.006265143295266908
rs9613326,25717695,0.7940554513987849
rs5761894,25718110,0.01624206867222458
rs743958,25718405,0.01624206867222458
rs9613331,25718842,0.01624206867222458
rs743959,25719201,0.4758516109026172
rs9613333,25720040,0.7940554513987849
rs9608561,25720477,0.7940554513987849
rs12166741,25723381,0.17957032598013545
rs16983370,25724733,0.9587789935770621
rs9306432,25725426,0.6111245275989388
rs6005261,25725609,0.9202726441684566
rs8137218,25725937,0.9746142303329964
rs10212091,25728938,0.4587892995674828
rs2516083,25729494,0.6918002163286888
rs4820727,25730354,0.6994240925658063
rs2516086,25735012,0.3244728383174398
rs5761898,25735169,0.9535909978914263
rs2516087,25735385,0.19102621844781897
rs2516088,25735625,0.6478449602444263
rs2516089,25735992,0.01876503754510399
rs6005264,25737146,0.4093787005154689
rs6005265,25740371,0.4638625398881674
rs6005266,25740749,0.3205203715789814
rs11912520,25741302,0.09943808481416157
rs5761900,25741710,0.1391435742320454
rs134907,25742029,0.5634859133983626
rs134908,25742632,0.07585098515211092
rs134912,25743392,0.10118457578646933
rs17343637,25745255,0.31872978340055647
rs16983396,25746197,0.17899118462886832
rs1883114,25746593,0.08171670311770529
rs7292569,25748259,0.040889569811953574
rs16983406,25748911,0.014657468764894899
rs114559,25750113,0.6792672133898043
rs9613347,25750318,0.1569088363109528
rs134926,25751136,0.7383443182198133
rs4418,25751632,0.15935432733497268
rs134931,25755162,0.15935432733497268
rs134932,25755365,0.13696548803541747
rs2331363,25755592,0.6792672133898043
rs134933,25755790,0.0071699606736425805
rs134935,25757304,0.056580950493834756
rs6519690,25757698,0.5871289498037472
rs11090468,25759111,0.16347104009333457
rs11090469,25759276,0.23465401118271478
rs2142541,25760078,0.6539872158835696
rs2179053,25760304,0.6539872158835696
rs134936,25760432,0.8768271622109495
rs2223201,25761791,0.5589528528801045
rs134938,25762357,0.9233118348145094
rs79037,25763179,0.9205825539794286
rs4822835,25763250,0.6545896349792915
rs742001,25764836,0.16347104009333457
rs742002,25765086,0.483653937128771
rs760525,25765140,0.705819152965425
rs760526,25765577,0.705819152965425
rs16983494,25765613,0.9975592725459697
rs9608568,25766049,0.21514040696023629
rs738157,25766164,0.21514040696023629
rs738158,25766289,0.21514040696023629
rs5761918,25766778,0.21514040696023629
rs4822836,25768108,0.23232869444124926
rs1157611,25768196,0.8729687175824932
rs1157613,25768359,0.7606136701044313
rs5752472,25768543,0.06059912877620731
rs5752473,25768603,0.8802442492863256
rs5761922,25768631,0.7280493450110677
rs17429199,25769443,0.1964490088735127
rs7285361,25769543,0.8710767928199064
rs5761923,25769582,0.7280493450110677
rs4549212,25769704,0.06059912877620731
rs16983522,25770266,0.7280493450110677
rs9613353,25770291,0.330429198106043
rs973902,25770326,0.27386401313835684
rs5761924,25770536,0.42048221240602823
rs12160816,25770602,0.3544758553178563
rs973903,25770683,0.28128494374494173
rs713890,25771789,0.705819152965425
rs713706,25773484,0.5350379671310013
rs713812,25773584,0.46099152993002124
rs738161,25775437,0.658258632183266
rs9608571,25776868,0.330429198106043
rs9613356,25777297,0.330429198106043
rs7291811,25779770,0.5422950220498751
rs4820729,25780510,0.9511823192300797
rs35399009,25782743,0.9511823192300797
rs9613359,25782796,0.9051895837789247
rs9613360,25783771,0.330429198106043
rs16983560,25784981,0.548367260468111
rs763788,25785409,0.330429198106043
rs13055147,25789210,0.19001636309918446
rs5761936,25790793,0.7563631561032971
rs13053916,25790810,0.1569024259886613
rs5752477,25794033,0.4075591733762528
rs5752478,25794053,0.4075591733762528
rs9608573,25794157,0.9360181069966218
rs5761937,25794401,0.4075591733762528
rs4820731,25795477,0.08758683559822229
rs4820732,25795597,0.862844143490332
rs4820733,25795628,0.862844143490332
rs2179054,25796232,0.4075591733762528
rs16986745,25796629,0.08758683559822229
rs16986747,25796842,0.28261422570593675
rs713899,25799165,0.3534680906652873
rs5761940,25800329,0.07001617921332948
rs1543305,25800763,0.6968969733201572
rs4822842,25801415,0.08758683559822229
rs4822843,25801525,0.3534680906652873
rs4822844,25801567,0.08758683559822229
rs16983590,25802516,0.09043913296532115
rs6519694,25802988,0.22607097690544642
rs6519695,25803028,0.42307002493552714
rs16983592,25803169,0.26773406153837065
rs5752479,25803772,0.9990273272163539
rs909487,25805512,0.45830960601764903
rs2205645,25806685,0.8644173778619004
rs5997166,25806884,0.45830960601764903
rs4239926,25807259,0.6968969733201572
rs5761945,25808521,0.6572600942067535
rs8137199,25808856,0.45830960601764903
rs5761946,25809173,0.6572600942067535
rs17430741,25809480,0.16012116437448887
rs5761948,25810367,0.45830960601764903
rs8138470,25811022,0.3547135977927225
rs8140194,25811176,0.2181865879705629
rs16983597,25811284,0.33629143729098887
rs1474559,25811614,0.4425940707143601
rs1883115,25812481,0.16672766513085846
rs6519698,25813719,0.06359700876790972
rs6519700,25814180,0.16672766513085846
rs5997168,25814451,0.23245246866053937
rs10854797,25815111,0.5338936601623824
rs760529,25815345,0.8559948375578302
rs760530,25815959,0.708367832512985
rs4547629,25817232,0.8633026963016723
rs9613372,25817242,0.07172586313217387
rs4822847,25817580,0.08589657038110385
rs7288957,25817797,0.44793482799074347
rs4822848,25817815,0.6023587530975774
rs5761957,25819310,0.052141022458309726
rs1160262,25819583,0.7223511328727947
rs4820735,25820728,0.7350191840119399
rs5752486,25821043,0.36477315333223415
rs5761959,25821198,0.9445314888813966
rs5761960,25821363,0.38109769068122645
rs4820736,25821699,0.6665299893441807
rs6005292,25821861,0.029503022973486993
rs5761962,25822463,0.6067517323029376
rs5761963,25822536,0.7634359691093617
rs7287491,25823153,0.849433808219029
rs760531,25823361,0.7930465627615848
rs5761967,25825297,0.6067517323029376
rs9613373,25826594,0.7299761842482491
rs5761974,25827704,0.13179431173953984
rs5761976,25828426,0.14183546722164533
rs5997172,25831071,0.038165643128484084
rs9613374,25831083,0.01343151288502014
rs4822857,25832567,0.11900388162868289
rs713911,25833371,0.009964772707147457
rs4820740,25833582,0.3091319387812993
rs4820741,25833837,0.05109029361442743
rs738163,25836926,0.1856244139358787
rs738164,25837131,0.009964772707147457
rs9613375,25837715,0.009964772707147457
rs16983720,25837968,0.38373624284698304
rs5761984,25838510,0.3338264831276646
rs4822859,25838858,0.033236811617953006
rs730826,25839377,0.14355580400995455
rs1997634,25839769,0.4084988862547331
rs738150,25842225,0.9078922279192465
rs11703440,25842234,0.5462661055638677
rs6005301,25846947,0.6307919560951811
rs973896,25847691,0.6307919560951811
rs737768,25848815,0.26414601585979425
rs737767,25848948,0.07107510914908845
rs134943,25849787,0.028099643562830092
rs5752494,25853485,0.7326342239447892
rs134949,25853864,0.8310010237147389
rs134951,25855363,0.9204750523844035
rs11704703,25856095,0.3550730732475892
rs1003704,25857005,0.6316727328117067
rs134955,25857107,0.6237083941397492
rs9608580,25862474,0.4826314325746185
rs9613383,25862926,0.3593738874160495
rs5997178,25863271,0.09846741308779956
rs956548,25867502,0.3454823017571479
rs5762004,25869202,0.48361201990028146
rs7288294,25874908,0.45419035287344334
rs1028285,25875209,0.5648580229913112
rs1028286,25875303,0.5648580229913112
rs5997182,25876776,0.827525934131176
rs17432756,25876917,0.637150939124845
rs6005311,25878094,0.037100564143681514
rs6005312,25878374,0.24576114759417067
rs6005316,25880744,0.04052512696123384
rs2223200,25880764,0.659888940372303
rs9625159,25882564,0.4156790094052478
rs6519702,25883046,0.3607364156204881
rs134966,25884630,0.8999435352547813
rs9620666,25887040,0.25326849820044217
rs17433244,25887349,0.08944192768894253
rs9625165,25887351,0.25326849820044217
rs9625166,25887735,0.25326849820044217
rs134967,25887929,0.9803487810819751
rs7287230,25889902,0.8892180634676264
rs2342398,25891952,0.2823404110042135
rs12170239,25892201,0.026727610209504482
rs714000,25895888,0.6143675421334809
rs713842,25895909,0.6143675421334809
rs760523,25895958,0.9671399401278389
rs849453,25896619,0.6212020880042954
rs566185,25897320,0.7768288457221106
rs17349101,25897545,0.5399332765101896
rs12165374,25898824,0.8005303404126611
rs475069,25899081,0.7629025389836291
rs13056281,25901639,0.6619087733603997
rs134164,25904630,0.1107084996000726
rs13058659,25904804,0.5473650190504294
rs550260,25905542,0.49300796301359184
rs17434355,25906017,0.5603766425245901
rs738217,25911642,0.9451348676347354
rs8135764,25914176,0.9940413794840155
rs8143105,25914291,0.9940413794840155
rs510197,25914316,0.6477699224024094
rs9941926,25914594,0.753149190280555
rs530536,25917222,0.9570786131580957
rs9613394,25919382,0.7240587026041867
rs491735,25920340,0.751873608248288
rs555860,25922742,0.7951610709842557
rs5752502,25924098,0.30983265930081905
rs13055948,25924180,0.4469793132764227
rs492416,25929846,0.5813270630093045
rs9613396,25930828,0.4337948735052527
rs561417,25934149,0.6399960736201333
rs7285459,25938087,0.9299303161784368
rs551334,25939597,0.8390916136031096
rs554059,25939860,0.7639090863077238
rs16983960,25941328,0.5764107435586204
rs536459,25943130,0.6150822930590025
rs538293,25943318,0.6322899446793175
rs559631,25945410,0.8792638783048812
rs16983971,25946325,0.7028293816558759
rs5997198,25946993,0.41917416882629055
rs9613403,25949844,0.929553394996872
rs535842,25951151,0.3231075699237762
rs5762032,25952115,0.9246691584021255
rs7285915,25952616,0.1664148900009177
rs1519221,25952907,0.9707580908382539
rs5752506,25955720,0.8446923559892434
rs497856,25957316,0.3896693713117769
rs498789,25957416,0.6398770675888259
rs16983991,25957524,0.9380227032799496
rs10483132,25957598,0.5821995335720436
rs546339,25958151,0.3896693713117769
rs484971,25961699,0.6754557179902252
rs5762040,25962418,0.6595559522772714
rs479694,25963517,0.7454517961471168
rs512856,25964799,0.8887770222441363
rs5762042,25966606,0.6324996260489335
rs5752508,25966841,0.48231028442157187
rs573273,25968420,0.8326314075383908
rs9625187,25968662,0.13353139711475234
rs9625188,25968996,0.10962642932609623
rs509143,25970814,0.9406610395696761
rs508338,25970853,0.2821979433108599
rs552212,25974949,0.45567639086247314
rs541963,25975095,0.2432310240270733
rs549378,25975258,0.16894065509942313
rs9613411,25976582,0.016228289058348434
rs738488,25977504,0.4596166568262967
rs6519704,25978272,0.9402342884821727
rs4410,25979704,0.24215268976354243
rs134781,25980779,0.12084633748427995
rs134783,25981715,0.07043927467451314
rs134784,25982075,0.13722162147635494
rs134785,25982289,0.40532831107716305
rs134788,25983252,0.3466951521954561
rs134790,25983397,0.3466951521954561
rs1076620,25985945,0.6194249293965683
rs13058209,25986948,0.23255420229242374
rs79137,25987507,0.4386624533196569
rs518350,25987544,0.1450278310691721
rs486375,25987604,0.2829410844115906
rs569308,25988292,0.5786032439963971
rs760591,25989029,0.91227393934063
rs1519217,25989347,0.8943491597669461
rs738211,25989629,0.5044496594076255
rs738214,25989774,0.6188293771985256
rs4820748,25990461,0.6004215678033119
rs549601,25991878,0.9732448086510731
rs5762049,25992213,0.19727630711016997
rs5762051,25993166,0.6819453632889071
rs713855,25993248,0.09881834523334011
rs4412,25993643,0.9220502455655986
rs12628370,25995142,0.15722909503509305
rs713914,25997795,0.27767484156310784
rs134794,25998370,0.22225838449495405
rs134795,25998544,0.05737794901415467
rs4413,25998750,0.07390326620174441
rs4414,25999376,0.32523226282680406
rs134798,26000020,0.09874287665838664
rs47808,26000885,0.1320976811151626
rs874822,26001082,0.14665407673927117
rs134806,26003211,0.5227312734468789
rs134810,26004832,0.9564028922289617
rs6005355,26005538,0.08460574816083283
rs9625197,26006577,0.2048694474141306
rs564666,26008463,0.48517147103192226
rs542981,26009808,0.48517147103192226
rs13054977,26012597,0.12356551486169783
rs7293113,26012627,0.8221939988532972
rs525250,26013031,0.7295851283993335
rs1519220,26013477,0.8221939988532972
rs134815,26014158,0.6219941988578319
rs1963140,26015544,0.874905280203927
rs1807718,26015669,0.5057553185542168
rs5997216,26017022,0.3688575254307074
rs12628710,26017072,0.5466852067936825
rs5997217,26017437,0.3734199432847639
rs516252,26018707,0.33236187616698054
rs768784,26020377,0.5010008394389024
rs563325,26021026,0.17829136167044335
rs6005365,26021285,0.24885540840348686
rs480666,26025057,0.03685443590134221
rs11705104,26026194,0.7821961899384586
rs9625200,26030318,0.013087545099424688
rs507070,26030919,0.16048842137511032
rs79136,26031317,0.16048842137511032
rs513674,26035776,0.16794365404786238
rs516155,26036005,0.018237840335307346
rs13058071,26038313,0.49971014199889097
rs528686,26038852,0.531103237513237
rs5997220,26039560,0.1451180486003524
rs563522,26040343,0.04885581648002036
rs477611,26040703,0.07031343803884404
rs8141513,26041993,0.00770051176226161
rs8137296,26042520,0.00770051176226161
rs543981,26042996,0.7568571138110541
rs1607498,26045209,0.22415422386103667
rs497150,26047716,0.004431782040418886
rs84312,26048617,0.016742822334142867
rs736950,26048775,0.07149044757211588
rs536730,26049151,0.9752997914857231
rs8135866,26054696,0.005636993941837648
rs498513,26055233,0.10855655297157385
rs480029,26056026,0.6935553971302639
rs479229,26056071,0.10855655297157385
rs2176659,26056947,0.20046179988097979
rs9613427,26057464,0.8053030281806335
rs12628937,26058405,0.63472884188971
rs545614,26059548,0.26348589656947174
rs572159,26060109,0.26348589656947174
rs490362,26061470,0.7923573255478829
rs9608600,26062598,0.1467427704407908
rs16984314,26062664,0.9434270179570661
rs8136465,26063540,0.025509989729232872
rs9620685,26065210,0.013213111231801213
rs5762070,26065268,0.9434270179570661
rs16984323,26065575,0.7435764658494877
rs1121443,26067157,0.9434270179570661
rs2030297,26067254,0.5930667953646724
rs483997,26068226,0.6637240774970421
rs4820751,26070599,0.5930667953646724
rs494702,26070843,0.05791822008408073
rs849357,26072732,0.06504664722018524
rs1401525,26074608,0.8844890500703438
rs533794,26075625,0.6298374000791499
rs6005382,26076906,0.9757417473041168
rs4302309,26081796,0.8844890500703438
rs4822870,26081975,0.9808306071961858
rs9608606,26082084,0.8844890500703438
rs5762086,26084138,0.7760598244357559
rs2179099,26084774,0.8325862406923008
rs5997228,26084802,0.9821088644020387
rs2142619,26086300,0.8820781373559119
rs2179100,26086439,0.8058803543558396
rs2880497,26086513,0.8820781373559119
rs13056418,26087077,0.964743529954329
rs12158925,26088706,0.9612604140328738
rs5997236,26090086,0.8596388974285261
rs2342936,26090796,0.8731316629019921
rs13054267,26092566,0.964743529954329
rs4820754,26096318,0.9574049828590031
rs9613438,26096758,0.9366211273788403
rs6005405,26097093,0.8898303759567251
rs8137706,26103685,0.11963634899586978
rs2205720,26105511,0.5646551195251903
rs7288551,26105797,0.5986105868772
rs11705660,26106343,0.3410388059666498
rs8139418,26107382,0.8593210543892938
rs4822872,26109272,0.421894091080219
rs4822873,26109392,0.8868768223982639
rs11090489,26109409,0.9585802087758687
rs5752530,26111570,0.8563638817399759
rs6519707,26112226,0.9585802087758687
rs6005414,26113185,0.47326039990199664
rs6005415,26115102,0.7636880419998083
rs738504,26115119,0.9328825683377875
rs136922,26115695,0.9791348308563431
rs136926,26116725,0.9045440449454287
rs5762110,26118451,0.15371469904516868
rs16984485,26121806,0.16972941429681643
rs16984494,26122426,0.14071507369137282
rs5752534,26122500,0.8797100050619889
rs6005420,26122588,0.6520829193476366
rs9613444,26122770,0.5326352534439702
rs12627862,26123289,0.14161058815769942
rs136928,26126846,0.5447120942261507
rs136933,26128655,0.39508234763747707
rs5762125,26128832,0.37186817389225935
rs136934,26129006,0.1063975701950922
rs12158509,26130029,0.42965313365133273
rs136941,26131334,0.24913808342748656
rs136943,26133409,0.2588066434089821
rs136944,26134019,0.2817287730035767
rs136945,26134079,0.2817287730035767
rs8184960,26135183,0.4175375718906851
rs136947,26135463,0.8424156278522723
rs16984543,26137098,0.8500071663351578
rs136949,26137573,0.2101339607731746
rs136950,26138186,0.1521389970314978
rs136951,26138478,0.6641252220250327
rs7291247,26139402,0.563954041870036
rs738505,26144070,0.37796656225380143
rs79556,26144314,0.3003765596052028
rs136957,26144604,0.18085349341953838
rs136958,26145491,0.2285230745331479
rs127190,26146514,0.07141935959635755
rs733164,26146784,0.7532168971965367
rs1159794,26148428,0.5537716847608541
rs1159795,26148596,0.7774355598197962
rs6005431,26148982,0.6533674465907231
rs13055229,26149250,0.7566557080336536
rs6519708,26149961,0.7814819935793493
rs4140448,26150751,0.5038232958859168
rs4822875,26151656,0.5490693594473165
rs12627850,26152043,0.9142973748523926
rs5762138,26152562,0.7566557080336536
rs1884128,26153368,0.5585808856683814
rs5762141,26154063,0.9566854914041497
rs7288389,26154316,0.5829036053478368
rs2207361,26155804,0.10114016213403126
rs5752545,26159565,0.07125443788461717
rs6005433,26160579,0.2680238883322119
rs9625228,26160956,0.3690982534549089
rs9306441,26161461,0.43600660313089823
rs1884134,26161650,0.8502032473470378
rs16984654,26162985,0.15180421767882912
rs999224,26164500,0.020708622861398802
rs999223,26164539,0.04228434656961701
rs2342943,26166075,0.5847967935353191
rs4822879,26166850,0.8374001945532166
rs6005437,26167974,0.8203473324457666
rs6005445,26171518,0.7451319097018886
rs6005447,26171691,0.9223433380532107
rs1569826,26174101,0.7765573670507019
rs5762151,26177318,0.9903471253029547
rs12157480,26180544,0.5713764095810235
rs6005451,26182183,0.5713764095810235
rs4822881,26182867,0.5713764095810235
rs738572,26184694,0.8721137754272628
rs738571,26184979,0.7581999330940559
rs2342945,26185335,0.28617467161498733
rs9613450,26186190,0.7655483054529184
rs1884133,26190965,0.7655483054529184
rs5762162,26191922,0.7582755476601957
rs5762164,26192191,0.9673046244747815
rs5752553,26192769,0.6018087902761756
rs5752554,26192808,0.9769151797982085
rs5762167,26193694,0.9673046244747815
rs5762171,26194255,0.8857411091943652
rs5762176,26197934,0.5560820367355161
rs4822887,26199192,0.7425768449221664
rs9613451,26199375,0.4567910061705792
rs9625241,26200265,0.27174665041727886
rs1474816,26205332,0.6693316399588523
rs5762179,26206151,0.46236518624904865
rs5762182,26206939,0.9312774964674524
rs5762185,26207298,0.1987192654934964
rs12484788,26208619,0.816468119024694
rs1884132,26208857,0.650830918927507
rs17463891,26209042,0.7737789367849829
rs926838,26209083,0.7526037180069443
rs926837,26209170,0.9892973600544678
rs11704264,26209965,0.32535079647117715
rs12170273,26210501,0.47040021606938875
rs5762189,26211377,0.47040021606938875
rs1474813,26211885,0.47040021606938875
rs2880494,26212282,0.9093495131726366
rs11913002,26216736,0.1447678867535573
rs962537,26217829,0.13580585479736912
rs5762198,26217895,0.9967432604924593
rs2092741,26218434,0.09375108883258088
rs5762201,26218455,0.34923158525554054
rs17464499,26221715,0.9095216081879571
rs4822888,26222976,0.06476914471000854
rs7292844,26223497,0.16518634337852856
rs4822889,26223974,0.12887806595801668
rs738570,26224536,0.5624642908726036
rs926833,26224675,0.9955239953101594
rs738568,26224740,0.5624642908726036
rs5762206,26224921,0.9435814983139017
rs9625251,26225305,0.8468255231639854
rs4299423,26225347,0.34923158525554054
rs5762209,26225825,0.8101927965717252
rs6519716,26226011,0.13688237325514896
rs7285001,26226321,0.16750699667663627
rs996241,26226369,0.04135226271342652
rs6005480,26228321,0.014415776222218629
rs6005482,26228793,0.04010473191536982
rs5762212,26229801,0.2096208001356632
rs5762213,26229867,0.014332716082945183
rs4820763,26230025,0.8858513566143338
rs2342931,26230057,0.4485021420955595
rs1884131,26230129,0.6935991891581995
rs926832,26230255,0.9583594327612073
rs5762214,26231505,0.281849596405385
rs738565,26231804,0.059420416623162324
rs5752570,26233420,0.37427053286354295
rs4822897,26234834,0.13348728316768396
rs742942,26235428,0.396742090037867
rs8141487,26235762,0.7197352819893719
rs2024682,26235826,0.1999483281356269
rs9613463,26235926,0.39331514725279526
rs6005492,26235989,0.8547429526482027
rs9608617,26236244,0.8071695762527644
rs12168219,26237429,0.5020019412037597
rs5762222,26239106,0.9871615291414394
rs5762224,26240349,0.2431803958172788
rs11703864,26240759,0.42296025511593327
rs11704730,26241980,0.281849596405385
rs735746,26242171,0.446336873753577
rs9625253,26242970,0.8864872941316048
rs2207362,26243387,0.3540715000674818
rs7288394,26244054,0.13943094685271554
rs12485124,26246393,0.2938439335675561
rs8136304,26247070,0.8986979760677686
rs2064506,26249779,0.6496850554652474
rs4822899,26249967,0.656390495553024
rs6005497,26250144,0.1511419545018774
rs5762232,26250173,0.49969175853728565
rs5752573,26250547,0.44003698053944673
rs6005498,26250961,0.19154086033926354
rs1983659,26252759,0.7357774547721732
rs4822900,26253343,0.7105300678867785
rs8140987,26253399,0.02182491779916357
rs8140407,26253635,0.28362406406539076
rs11704443,26253992,0.0902957990807313
rs7285940,26254516,0.28362406406539076
rs16984937,26254906,0.23845346886654062
rs16984939,26255017,0.23845346886654062
rs6005500,26255078,0.05210119728349683
rs5762235,26255288,0.5530633587885536
rs8137397,26255604,0.5530633587885536
rs926937,26259853,0.07011542571773045
rs4820764,26260080,0.4684132769471362
rs12628847,26260375,0.28467899617579506
rs5752577,26260781,0.22680969521924343
rs11703110,26260851,0.1461533639350738
rs17381914,26260902,0.6246367733144391
rs79880,26261552,0.8895363762776997
rs137147,26261842,0.9264862293477033
rs13056582,26264138,0.7090216299241052
rs6005503,26265369,0.6585935602431495
rs9608621,26265424,0.8533264618347349
rs5752585,26266871,0.5168472920646513
rs738757,26267085,0.1558017904548433
rs743262,26267982,0.3496816907671675
rs12628909,26271726,0.5733817633272186
rs16985013,26274404,0.8946135607060092
rs910545,26276986,0.3176791039661442
rs5762249,26281176,0.14765977200799313
rs4822907,26283418,0.32544432663396816
rs762065,26286628,0.15218911590390363
rs5762250,26287277,0.6046102308424427
rs6005515,26290580,0.38598601092454954
rs881460,26290790,0.5126547890920867
rs5762251,26291199,0.637869445616941
rs723184,26292517,0.38598601092454954
rs723183,26292718,0.549988521953447
rs1884291,26293416,0.38598601092454954
rs5762254,26295370,0.3299292914115235
rs6005516,26297233,0.10210206877202017
rs5752591,26297275,0.6700775257463722
rs5752592,26297652,0.6046102308424427
rs713599,26297803,0.6645104591139886
rs4822913,26297966,0.549988521953447
rs5762257,26298208,0.555834325487705
rs4822914,26299925,0.6108126253078017
rs4822915,26300129,0.7597976959252224
rs12169130,26300568,0.4383615827495342
rs13053396,26303264,0.6228428425112024
rs1547072,26303569,0.8945102205730666
rs762064,26304819,0.2826056543928226
rs2065057,26305321,0.7949197858735624
rs4822917,26305451,0.7784060042501748
rs1012769,26306203,0.2826056543928226
rs6005518,26307011,0.1818652650933722
rs8141427,26307562,0.8224526255556188
rs2103861,26307955,0.31851466552491736
rs5762263,26310876,0.5879040576213488
rs5997275,26311370,0.23255533275759466
rs11703695,26313422,0.5689930887143649
rs7287557,26318228,0.007178388488390227
rs2016820,26319166,0.14579977558753082
rs9613476,26319777,0.7792801758692323
rs9613477,26319890,0.6496223788776505
rs9613478,26322262,0.9850257879920953
rs9608623,26322413,0.6208345236735442
rs5752596,26322747,0.43958671454805676
rs9608624,26323597,0.5479730203552828
rs5997276,26326532,0.531708111858505
rs735848,26327290,0.8187018841457298
rs5752597,26328709,0.5784944405416923
rs743260,26329140,0.8087476884156448
rs12484213,26330527,0.7956073711987317
rs738756,26333266,0.6225783370887509
rs9613480,26334494,0.8143137499607565
rs6005524,26337741,0.10018484159844034
rs5762275,26342011,0.04623146666544237
rs9306445,26342503,0.6532249588111971
rs743254,26343445,0.08045584535827058
rs732110,26345322,0.061483422714476134
rs5997278,26345487,0.41016965272233175
rs12160358,26346068,0.41016965272233175
rs1885362,26346883,0.8258123329417324
rs5752599,26347801,0.15624843475152891
rs9608633,26349060,0.8997265547954024
rs16985162,26349493,0.3376562044545105
rs5762282,26349908,0.0627253825680702
rs9613493,26350187,0.996263409883534
rs4282001,26350528,0.1571193203564717
rs4282002,26350555,0.18675756036808333
rs5762284,26351788,0.07982722516564328
rs5762286,26352195,0.18241426419358386
rs133980,26352728,0.0627253825680702
rs133981,26353003,0.6819534318396666
rs133985,26353875,0.6223060095909433
rs133986,26354182,0.5786544440283519
rs16985179,26359538,0.02123788696814354
rs133996,26359685,0.24229581542534906
rs79317,26362457,0.8609609905807576
rs4822926,26362831,0.6063941522681873
rs134003,26363030,0.10625748962117293
rs134005,26363628,0.21942128265520233
rs134006,26363824,0.26666193526649484
rs11705386,26364350,0.18599702795426787
rs134009,26364554,0.43911748474505385
rs9625282,26365394,0.7354767221956856
rs738349,26365544,0.1442158475280112
rs6005535,26365777,0.7354767221956856
rs16985231,26367690,0.6054701664406994
rs84510,26368608,0.472207746054926
rs6005539,26370974,0.03202093184207459
rs16985255,26371883,0.3563230076958036
rs134021,26372040,0.37690172063302096
rs2040699,26372532,0.17208039443975887
rs6005542,26373820,0.019070036702627975
rs16985263,26373913,0.999842911943867
rs5762295,26373959,0.2661611743462191
rs134025,26374057,0.1708772589082379
rs9613498,26374325,0.17605649524152267
rs6005543,26374594,0.160089751159458
rs926335,26376423,0.525371862274008
rs5762296,26376606,0.2583214346445507
rs134028,26378449,0.8761271722024357
rs9613502,26379550,0.12109683150138262
rs9613504,26380390,0.12109683150138262
rs6005551,26383797,0.6214998754678717
rs5752606,26383874,0.7173244759195447
rs134040,26384280,0.20335004379212862
rs9608637,26384814,0.22559579658242623
rs2106973,26385460,0.22559579658242623
rs134041,26386338,0.15432455878863344
rs134049,26388812,0.8254182726240706
rs134052,26389740,0.3624418294141146
rs134079,26393730,0.5610688737880649
rs134086,26397235,0.47741694733197226
rs134087,26397389,0.8910895235099987
rs134099,26401675,0.7097179741061981
rs134100,26401706,0.9716305892057018
rs17384972,26402029,0.6728347319734149
rs134106,26403495,0.5066303738451579
rs134107,26404256,0.5201160305167076
rs820,26405256,0.1792931124101792
rs715559,26405879,0.24208637451772574
rs715565,26405992,0.24208637451772574
rs134110,26406058,0.4812041665970831
rs5762305,26406208,0.6446700534853665
rs134112,26408535,0.2521713881302208
rs11090504,26411203,0.2736754222718627
rs134116,26412093,0.9686326805229603
rs738351,26417123,0.25228728634665165
rs5762311,26420207,0.3177398241284488
rs13054357,26421982,0.9292589634946649
rs9613514,26423392,0.9138359849892161
rs4822929,26423463,0.5246563202019294
rs9625297,26424573,0.5246563202019294
rs1885364,26424845,0.9764324277150681
rs5762317,26424989,0.9747736606614589
rs5752613,26425783,0.7136414945022911
rs5762319,26426963,0.9747736606614589
rs9608642,26428144,0.9995798185596833
rs5752615,26428326,0.7010664579141292
rs6005575,26428566,0.9747736606614589
rs5752619,26430261,0.6894844199336108
rs5762322,26430436,0.6894844199336108
rs7290472,26431265,0.3870192212464967
rs1977167,26431772,0.8313631656742249
rs1124311,26432048,0.6358781049569548
rs4820771,26432382,0.6358781049569548
rs4820773,26432627,0.6358781049569548
rs4820774,26432894,0.3257991698774072
rs9613515,26432970,0.7067844400437565
rs1569950,26433259,0.4157431325142843
rs6005580,26434051,0.853230372857052
rs6005581,26434062,0.853230372857052
rs6005582,26434907,0.4157431325142843
rs6005583,26434977,0.9038812063037532
rs11090507,26435851,0.57890383259244
rs9625305,26436208,0.14157248382783358
rs6005585,26439665,0.27983613202233737
rs9613519,26440312,0.7676304743418945
rs2344405,26440477,0.535476847185679
rs1072461,26441578,0.752227390621507
rs10427951,26442070,0.752227390621507
rs4822932,26445346,0.6280966980138942
rs2005114,26446769,0.9682644807323254
rs7285204,26450707,0.35941997377750967
rs5997299,26453686,0.0857755870077642
rs84512,26455740,0.9905114090565295
rs10222334,26456152,0.0857755870077642
rs7290305,26457260,0.0857755870077642
rs134131,26458858,0.4531209053435551
rs134133,26459239,0.5385254774210047
rs909700,26459287,0.513326928645087
rs11913308,26460044,0.06833439950375887
rs738353,26460072,0.16303550508259756
rs7291248,26460130,0.17490987292308358
rs5762336,26464147,0.32411900145123007
rs5752628,26465297,0.3778226246618481
rs2079095,26466977,0.2544820106911241
rs6005605,26471301,0.06105267889926933
rs5762338,26471968,0.35283257341010965
rs17476776,26475605,0.273653308116214
rs2189132,26478813,0.5596018573975892
rs5762341,26479160,0.1437428234723283
rs4822935,26480109,0.7469972244415284
rs2283844,26480815,0.79249635852244
rs2267107,26482601,0.44367876918835103
rs2267110,26484618,0.30910179798857884
rs2267113,26485404,0.4641811377857237
rs2014274,26486788,0.7320604791511454
rs8136505,26488414,0.7834638579819577
rs5762347,26489672,0.4907855828883839
rs3819658,26490074,0.6427489994689681
rs4822936,26490972,0.6178661372670512
rs16985531,26491703,0.9703991670247702
rs4820777,26493994,0.3674122899463138
rs4822938,26494050,0.230915325737579
rs5752633,26495003,0.4367300719027144
rs17477193,26495101,0.3351090492847789
rs2283846,26495334,0.758150043008435
rs5997301,26496402,0.5947021006587941
rs2073784,26498252,0.21649508005530604
rs5762351,26498347,0.9490674283980477
rs434737,26498585,0.8830905780556702
rs372418,26499499,0.38349515988821503
rs1297593,26499521,0.3742272752396032
rs9613527,26499949,0.43309053650018725
rs1807510,26500166,0.43309053650018725
rs2005397,26500217,0.12621532334009103
rs738456,26500690,0.32910333312158335
rs8142823,26501510,0.7595456656203678
rs392277,26503030,0.547838403756942
rs427736,26503898,0.2725045750657219
rs402048,26505741,0.14049729634251515
rs1297595,26509823,0.6302847837383962
rs2283847,26511399,0.07682002138608886
rs382819,26511436,0.13324544791539392
rs715627,26514328,0.1250270082374036
rs12166473,26515452,0.07208747521900304
rs5752638,26518203,0.42060812980098805
rs3788407,26529417,0.37233552761456223
rs5752640,26533750,0.30838634433804757
rs11704546,26534797,0.35922784254930706
rs11705555,26536912,0.7218359450924372
rs11703195,26537630,0.7218359450924372
rs13058508,26543044,0.5987160547466885
rs16985575,26547319,0.12276537907304531
rs6005641,26547846,0.37632804551937116
rs1883472,26554350,0.734163550784293
rs6519730,26554483,0.3321413804064721
rs11704453,26559830,0.3321413804064721
rs882455,26561270,0.8638562017509416
rs882456,26561351,0.7016106255783849
rs5997314,26562383,0.8006282086059836
rs4820778,26564347,0.760094844944775
rs6005657,26565087,0.5110506701902056
rs1004236,26565162,0.6334079314931884
rs722343,26565790,0.7519955432480059
rs5762375,26565902,0.5439734812832191
rs9613537,26571274,0.6130106526987944
rs5752647,26571457,0.6359377099541152
rs11090516,26574191,0.46458387083186836
rs9613538,26576308,0.7611674542224209
rs1062731,26578840,0.8147385909589521
rs1997739,26580172,0.44708781710289935
rs5762388,26585055,0.9748396360415925
rs12160891,26586019,0.8352191362200915
rs714743,26591630,0.3165346511528625
rs5997320,26600372,0.6948847020282731
rs926467,26609594,0.7503059898169333
rs17480137,26609688,0.21190447243713606
rs2267122,26609766,0.9999689134935651
rs2267123,26614061,0.35651220360855396
rs1016495,26618136,0.9050599270144164
rs738451,26623980,0.7612451619014153
rs2143180,26628336,0.6578122062669566
rs1983592,26631484,0.12180038924814013
rs738453,26631743,0.7015528962378278
rs738454,26635509,0.9050599270144164
rs5762399,26636607,0.9401151088264119
rs720621,26643583,0.6842717761122662
rs7292046,26644113,0.8737009777332543
rs5762404,26644330,0.9369309982489514
rs16985722,26645465,0.407652977924424
rs2267128,26646173,0.7036547184472248
rs12168582,26646227,0.5153071910585831
rs12170161,26647401,0.7551128226675585
rs5752658,26648032,0.6927425693065987
rs6005671,26651217,0.9463170085876347
rs5762416,26667711,0.9269758445867324
rs5762419,26674525,0.9143512419006155
rs7288331,26674979,0.5153071910585831
rs12169936,26685449,0.5153071910585831
rs5762422,26687674,0.6927425693065987
rs5762424,26690869,0.9143512419006155
rs12169097,26694148,0.5153071910585831
rs7292562,26698096,0.5153071910585831
rs7292859,26698266,0.9334093111268763
rs9613552,26700232,0.7061892305518687
rs7286237,26701305,0.5462779800109372
rs5762425,26701485,0.818535189153226
rs5762426,26701541,0.9355046182248775
rs5752673,26702703,0.9355046182248775
rs138631,26702834,0.6721438493097289
rs470097,26703744,0.950770867252947
rs5762430,26708472,0.5767340837250371
rs138636,26709868,0.5153071910585831
rs138638,26710588,0.5580824043065014
rs118840,26711082,0.5153071910585831
rs138639,26711837,0.5153071910585831
rs138642,26717749,0.48844478042884376
rs138644,26718379,0.945728378263944
rs138646,26719012,0.6463204098371729
rs5752679,26719258,0.20296793204891084
rs470101,26719453,0.795089224037267
rs138648,26721157,0.6019246951660333
rs138650,26723540,0.7629111662932668
rs138657,26728528,0.8571150968991071
rs6005693,26732624,0.6314663668463489
rs470103,26733268,0.6530970178926219
rs138660,26734006,0.6530970178926219
rs9613560,26734167,0.6525209653127251
rs16985863,26735165,0.6305393232689567
rs138664,26735291,0.7893301176879125
rs5762448,26738444,0.6996351746549017
rs138679,26741748,0.9280353866005336
rs470105,26741918,0.5535725646477228
rs3747141,26746547,0.948936807666262
rs9620762,26748577,0.6530970178926219
rs1548235,26751300,0.7712653597796408
rs4140571,26753378,0.7579668486643126
rs12166077,26753482,0.6530970178926219
rs17483887,26753844,0.8057015636901913
rs2073028,26756022,0.8233252960550904
rs2073029,26756128,0.9688200113638503
rs5762456,26757336,0.7941961007715195
rs2235713,26760652,0.7036547184472248
rs9620764,26771471,0.6530970178926219
rs5762461,26774744,0.6846765002143411
rs12167128,26779353,0.746653739550462
rs9625391,26780331,0.6530970178926219
rs12166740,26786751,0.5414518365290928
rs2143420,26790766,0.6036502544643731
rs10483141,26791138,0.8450190008567304
rs138685,26799630,0.7298130916287504
rs10483143,26799795,0.37077363503484306
rs130412,26816416,0.7324383968269819
rs16985967,26817192,0.294811415205111
rs9620768,26817731,0.5414518365290928
rs130413,26818105,0.7454939796159339
rs5762474,26818295,0.3922658387375002
rs135113,26818450,0.9294931731550757
rs10154425,26823429,0.6530970178926219
rs13058493,26824756,0.9111102116968054
rs9306452,26827820,0.37077363503484306
rs9620769,26832867,0.512088664177041
rs2345714,26838025,0.199102499814921
rs9620770,26838216,0.294811415205111
rs16986037,26849110,0.5414518365290928
rs28360522,26858745,0.9328887206413455
rs5762492,26867115,0.22693089771307173
rs135642,26868999,0.8582112942692117
rs135644,26869193,0.8450190008567304
rs9608667,26870492,0.7075215822857094
rs9613569,26871025,0.6525209653127251
rs135646,26871075,0.6305393232689567
rs2064360,26871350,0.5276964906897871
rs16986077,26878967,0.5414518365290928
rs5997341,26879292,0.199102499814921
rs135648,26880006,0.9814144061262026
rs16986103,26889595,0.199102499814921
rs5762511,26905543,0.9050599270144164
rs6005735,26909487,0.199102499814921
rs7284814,26913738,0.7789405771152155
rs8140229,26916674,0.7789405771152155
rs9613573,26928630,0.6525209653127251
rs5762520,26933212,0.9337502087044637
rs9613574,26934583,0.7436317915825759
rs7285440,26942297,0.8582112942692117
rs134169,26942399,0.6940264147347088
rs134170,26942645,0.6074968267611525
rs12167735,26946080,0.5414518365290928
rs134173,26948454,0.7309186610464823
rs9620778,26950584,0.4145865072257734
rs5752710,26950907,0.3513037724870772
rs9625433,26950996,0.5047632197901277
rs5762528,26953364,0.5483173661850302
rs134176,26954319,0.8236606839885352
rs5762532,26958209,0.898821947121983
rs134180,26960787,0.7698522292013663
rs5762534,26963571,0.840507470825445
rs134185,26965673,0.4629133105308547
rs17409195,26968354,0.8940351736318454
rs134187,26971134,0.45958293347290957
rs738996,26975300,0.45429612038457134
rs2223369,26977371,0.5011336412581389
rs134195,26986691,0.9936933451836403
rs9306454,26993405,0.7062992145436897
rs5762541,26996961,0.6992196469571585
rs2056962,27002406,0.5011336412581389
rs6005752,27006252,0.8847854306757136
rs6005754,27012616,0.7909134506857587
rs5752718,27021681,0.9704892999044599
rs16986266,27022174,0.8450190008567304
rs5762553,27034361,0.8995378238037152
rs16986290,27035589,0.199102499814921
rs5997355,27044212,0.17447765164576634
rs1297607,27049656,0.5092561706180352
rs1303845,27052535,0.9783924842634738
rs134488,27058344,0.5092561706180352
rs134489,27059767,0.8961135112478011
rs9608677,27071745,0.6137468745078623
rs134503,27074586,0.8450190008567304
rs134506,27082505,0.5092561706180352
rs134507,27083833,0.8628941439523065
rs12157518,27084042,0.199102499814921
rs16986354,27084648,0.761697785844461
rs134510,27086039,0.8450190008567304
rs79107,27086710,0.8450190008567304
rs5752726,27087950,0.8934305394662487
rs134514,27092034,0.8991192954547136
rs1534884,27102817,0.8934305394662487
rs134529,27111758,0.8343040504395829
rs738200,27122887,0.4145865072257734
rs5997363,27124069,0.3113186061879437
rs134541,27125263,0.9783924842634738
rs134545,27129080,0.7799898427858974
rs7288416,27129436,0.9206566955675417
rs134547,27131009,0.5092561706180352
rs134548,27132478,0.8961135112478011
rs6005779,27137277,0.199102499814921
rs695591,27141329,0.9783924842634738
rs695625,27144890,0.8961135112478011
rs16986398,27145629,0.3889681427618352
rs16986420,27157214,0.9842857156728013
rs695388,27163502,0.778018360605119
rs9613613,27166928,0.6230041713835326
rs17504185,27166969,0.9919779289310412
rs16986431,27167904,0.9954374125539661
rs9625475,27171839,0.4145865072257734
rs5762632,27177006,0.6764165203178438
rs9613617,27177896,0.983443506632842
rs9625477,27188248,0.4145865072257734
rs12166475,27190167,0.5092561706180352
rs35286648,27191979,0.4270652749728171
rs9613630,27201570,0.8527982811134238
rs6005790,27206170,0.7185601222137237
rs5762656,27207335,0.9724490917960624
rs695318,27212973,0.6144873219178131
rs2346397,27216805,0.80336138841713
rs695567,27219735,0.7124673976326568
rs5762664,27230001,0.36036720959221447
rs16986489,27230677,0.6869034661479421
rs9608689,27245317,0.8513024611487489
rs2144922,27253317,0.5182245252531782
rs16986509,27273477,0.5559237253334209
rs2180460,27294174,0.9423746803711678
rs738748,27323183,0.6322692514807269
rs16986548,27331380,0.199102499814921
rs5762713,27331789,0.8586687060648901
rs7293232,27345590,0.6604929063948053
rs7289534,27346057,0.6604929063948053
rs4638900,27363458,0.6869034661479421
rs12165893,27363545,0.6604929063948053
rs5752764,27364964,0.9457145188023334
rs9625520,27367864,0.6604929063948053
rs1474961,27369427,0.6716706856921869
rs5762730,27369615,0.8225642076203643
rs5762734,27376240,0.44685522085952367
rs9625524,27382951,0.6604929063948053
rs5762736,27383003,0.9439931843653115
rs9620811,27388409,0.6604929063948053
rs9625533,27418590,0.9457145188023334
rs17507045,27422181,0.8586687060648901
rs1547014,27430711,0.6328280583837266
rs743185,27433217,0.889740128472306
rs5752773,27435415,0.6328280583837266
rs2073326,27435527,0.35475123254129426
rs2073327,27435558,0.8592874689809846
rs1884816,27436733,0.8968423508724017
rs6005843,27438444,0.41914000911859506
rs5752777,27440002,0.8968423508724017
rs738722,27460012,0.9036645184369759
rs1033667,27460300,0.9036645184369759
rs2017309,27461426,0.9982626467244828
rs17878936,27462338,0.35475123254129426
rs17882867,27462364,0.5813208405468766
rs5762763,27462389,0.8457219165602086
rs17882647,27462640,0.6913946641195547
rs5762764,27462990,0.9851697447377566
rs17508019,27464338,0.48571763447964444
rs5762766,27465889,0.9674176528275429
rs5762767,27471241,0.13449039437247823
rs714191,27475411,0.8858061475620886
rs5997391,27475539,0.42036317824998903
rs5752785,27476503,0.9800138012813376
rs5752791,27483547,0.2649411491821241
rs5752792,27483759,0.34298909352743523
rs6005861,27484237,0.7680695185704248
rs6005863,27486448,0.3336828339534589
rs6005864,27487487,0.31932246706033685
rs5752793,27490314,0.2351959185972482
rs6005868,27495766,0.8444667629106419
rs5997400,27497222,0.6100833882527741
rs2235432,27499420,0.8444667629106419
rs5762784,27501298,0.7006573509699051
rs5997401,27501335,0.7680695185704248
rs5762788,27504770,0.6193273574457694
rs2206061,27505873,0.7680695185704248
rs2347447,27509739,0.6193273574457694
rs17514713,27512070,0.48571763447964444
rs5762795,27512500,0.48652552042357256
rs6005881,27513133,0.5231433583018589
rs12165962,27518987,0.6554422215683917
rs5997404,27519446,0.6100833882527741
rs2239815,27522670,0.5542101875451703
rs3788409,27528151,0.6193273574457694
rs12168849,27532063,0.7979281997860941
rs5762814,27533964,0.33330563444944794
rs9625575,27534886,0.7680695185704248
rs5762816,27536209,0.4185868708321313
rs7287806,27543011,0.4656738143588517
rs763073,27545542,0.44480530899047066
rs5752811,27555592,0.2917785303077738
rs6005907,27557971,0.8382411019487996
rs5762829,27558130,0.36858151182950993
rs5762839,27561447,0.40438251919011015
rs6005915,27563262,0.505866024915782
rs7287124,27569157,0.5165619247552473
rs5762857,27577097,0.3182714753701068
rs6005922,27581926,0.674215391269617
rs6005923,27582365,0.7680695185704248
rs5762862,27582732,0.5496318557900768
rs5762864,27583364,0.6400138107290556
rs10222249,27587147,0.7666531413518886
rs10154819,27588551,0.708490312770601
rs5762870,27591159,0.6691878084211267
rs6519766,27599991,0.5851658597032617
rs13058031,27603966,0.3182714753701068
rs7287918,27611710,0.48668601102681797
rs5762879,27616180,0.70619713391242
rs2064261,27617730,0.5851658597032617
rs9620841,27620981,0.5851658597032617
rs132531,27627365,0.48218017734941254
rs132534,27629806,0.24231842694072703
rs16986825,27630306,0.4179929703472435
rs469990,27634200,0.6142429968822499
rs132539,27634253,0.3281105263674121
rs739196,27641271,0.50191599210257
rs5762893,27644636,0.8304441810061332
rs132548,27647559,0.47152331801494907
rs9625645,27648299,0.3333077609926621
rs132549,27648724,0.41319747278460295
rs132550,27651008,0.5132032853698607
rs7288513,27651839,0.4639808321915717
rs132554,27655923,0.7052804041622485
rs5762900,27657907,0.3333077609926621
rs7290364,27663123,0.3333077609926621
rs132556,27664600,0.7052804041622485
rs5762906,27668235,0.27031465500424134
rs17517292,27672963,0.1479895250664854
rs5752839,27675890,0.2149878621868596
rs13056243,27679306,0.41324921044662444
rs9625657,27679667,0.17730463084334114
rs16986864,27680911,0.30544791755525424
rs4055,27682495,0.30544791755525424
rs16986871,27684738,0.9914918836524803
rs8140511,27687926,0.6895391310772088
rs5762916,27688219,0.9776783568080674
rs4822998,27690297,0.6697796907019662
rs2213645,27691159,0.5735695339882134
rs5762919,27693344,0.3178382189538834
rs5762924,27698935,0.9435773297506931
rs5762925,27699398,0.8428365690345894
rs13055470,27701761,0.8308282824067216
rs10854810,27705026,0.8679682203185961
rs17518058,27708610,0.5493071699802949
rs5762930,27708708,0.6895391310772088
rs5762931,27709731,0.6895391310772088
rs5762942,27720049,0.7641791658278307
rs10483152,27725969,0.9323958767336515
rs8142788,27730515,0.25611822089257075
rs5997427,27732539,0.9697822373821465
rs9613768,27732832,0.8665209695275424
rs41382448,27735742,0.5006259942418813
rs4140643,27738419,0.8605877434945362
rs7290304,27738594,0.7774949876926837
rs17440734,27739966,0.8104462781287292
rs4823002,27740104,0.9966815255377942
rs4823003,27740232,0.6803525157905923
rs2064084,27742257,0.5851207341274308
rs2347790,27744001,0.857386641374343
rs9613777,27750482,0.7427975099157222
rs11703054,27757329,0.4477956967934055
rs5997433,27759369,0.70112712789138
rs8140401,27759955,0.8234940961445556
rs8137254,27759997,0.7515527019262757
rs9613782,27764105,0.6666333931779371
rs9613785,27769201,0.748557377817762
rs738246,27769939,0.8626473846758863
rs713834,27770692,0.7730501042970609
rs727892,27773709,0.9675282313064476
rs6005967,27776975,0.8850133678459292
rs2294239,27779477,0.26883987508011353
rs2179129,27780923,0.3436976776835785
rs4823006,27781671,0.3764562161846625
rs3178915,27783027,0.32910656825958207
rs6005975,27784477,0.3945391657179409
rs9625679,27786699,0.9426645032686904
rs6005977,27786733,0.35855983232523525
rs11703010,27787141,0.12011639271337268
rs134557,27787582,0.29231805995272186
rs134558,27787622,0.13046178198324698
rs134559,27788441,0.04246468350669513
rs16987014,27788788,0.0927982011091724
rs134560,27788845,0.3605515476782286
rs760627,27789634,0.8153551830387793
rs760628,27789732,0.41555714649701336
rs783,27791622,0.5028082017078789
rs134583,27795677,0.3647384341716863
rs134585,27795869,0.20890574800740924
rs134591,27796835,0.2042721195758953
rs134592,27797221,0.8199300693829125
rs134594,27798456,0.6979575645651661
rs134596,27800115,0.8933754295239248
rs134605,27804277,0.28195646577978484
rs134607,27805124,0.28195646577978484
rs134609,27805583,0.28195646577978484
rs134636,27812221,0.8933754295239248
rs134651,27815708,0.33621272101890787
rs713861,27815794,0.8933754295239248
rs7289560,27816264,0.05355478998556307
rs134653,27816779,0.8933754295239248
rs17443175,27818644,0.12300351622027038
rs1540900,27820148,0.600546005060058
rs134657,27820497,0.8933754295239248
rs134661,27821706,0.3608001306822002
rs10483154,27822258,0.08236224448649439
rs2205771,27824593,0.2304388318409495
rs2294242,27824624,0.8905921859593986
rs134665,27825079,0.30318493625120924
rs134666,27825254,0.8933754295239248
rs12628787,27825373,0.04881537330977498
rs12628791,27825392,0.08236224448649439
rs5752866,27828118,0.7070030687627362
rs16987083,27829083,0.08236224448649439
rs16987084,27829108,0.05355478998556307
rs126077,27832728,0.4707020972034538
rs134678,27833955,0.30318493625120924
rs12628129,27839304,0.05355478998556307
rs134688,27841517,0.2992575435175656
rs134689,27841620,0.2992575435175656
rs5752867,27843729,0.939326437185686
rs5752868,27844303,0.939326437185686
rs132274,27855126,0.3787975039928727
rs132275,27856197,0.3100967318759176
rs132277,27862951,0.3044855248781909
rs17444498,27865810,0.8743697615738157
rs17523074,27865861,0.7971139170268305
rs12167060,27867065,0.9934055972711674
rs17451053,27867124,0.9456673523765105
rs713728,27868468,0.9456673523765105
rs12485095,27870198,0.272417691594117
rs6006029,27870297,0.43303079593892835
rs132280,27870920,0.964004732957509
rs2301446,27872915,0.4821855369976612
rs730517,27880379,0.5008680728548631
rs5763006,27882332,0.8087822642615708
rs132294,27883955,0.4554204726725585
rs469983,27884183,0.8087822642615708
rs132304,27886739,0.21359007315013911
rs713924,27893884,0.19191149768049798
rs132321,27895788,0.19191149768049798
rs132323,27897431,0.20153283901907015
rs469984,27897665,0.19191149768049798
rs132328,27898785,0.49783048065707447
rs5997451,27898963,0.2915356403722109
rs11090561,27902766,0.6218751912817467
rs12484227,27915080,0.6218751912817467
rs11704738,27916058,0.6424864474636324
rs132348,27920222,0.3213559315849509
rs8141926,27924050,0.9888867304505898
rs80604,27926502,0.4897376514104502
rs132366,27929984,0.3180128633137427
rs132367,27931204,0.30883773372562817
rs132370,27933796,0.3180128633137427
rs132372,27934561,0.6521941699779183
rs132375,27936866,0.6388383190468279
rs132379,27940138,0.8068791656634162
rs9625736,27942508,0.5579366634455059
rs1003703,27958615,0.3072586224260606
rs1997719,27958741,0.5626930981881335
rs3765300,27958806,0.7533602399642831
rs3950176,27960337,0.6691364352955924
rs713886,27960564,0.5816549437810852
rs7284125,27962738,0.6591999684445013
rs5752884,27966985,0.7005857049482873
rs2281157,27969192,0.21118626820183273
rs6006075,27970019,0.8538421789934512
rs7287249,27970705,0.1457142201696195
rs5752887,27971018,0.8538421789934512
rs5752889,27972111,0.665400437334569
rs5752890,27972365,0.2394613794200916
rs4820801,27976275,0.11718086380647952
rs9608745,27979775,0.9589761285382638
rs909795,27980692,0.0821901904639153
rs3765303,27980774,0.10991595864210159
rs909797,27980905,0.05576947799649854
rs8136401,27980993,0.8188282632587744
rs16987328,27982158,0.031210866381184338
rs2744465,27983611,0.38220217156705194
rs909798,27984004,0.6607182959568636
rs2857466,27987604,0.8652351873342969
rs2231396,27989715,0.29934743391153684
rs2301290,27991341,0.08578785685213834
rs2301291,27994423,0.5490492500168854
rs4820803,27999648,0.08578785685213834
rs4820804,27999693,0.3744502252543237
rs3788410,28000939,0.5531786955631944
rs9613855,28002293,0.024051722376070277
rs140062,28005401,0.5695423679452636
rs5752899,28007967,0.5100099630841133
rs11703595,28015163,0.850157831065059
rs5763131,28015752,0.8012332757095851
rs3761426,28018632,0.6621391837348938
rs140065,28022488,0.47163445644682
rs131190,28022497,0.513273477491352
rs3747142,28023990,0.8013332434390478
rs2518683,28025929,0.6630598834871578
rs174761,28032139,0.5348374016187654
rs1894414,28032654,0.3986879904467858
rs11090564,28034125,0.5531786955631944
rs13055676,28034883,0.7981093254409989
rs174762,28040325,0.5531786955631944
rs13056977,28040360,0.4031309007315895
rs5763138,28047716,0.9776599209271262
rs5763140,28048321,0.22130486393873605
rs6006093,28049167,0.8172048702816381
rs174764,28051161,0.7516721690590419
rs3788411,28058783,0.6172687663538035
rs98069,28060625,0.4934771685371965
rs174766,28064696,0.450354880589086
rs6006098,28064797,0.6747156263462724
rs2301587,28067823,0.4031309007315895
rs715589,28073779,0.8172048702816381
rs737883,28076253,0.37976382521159613
rs8140836,28078859,0.5361204767643191
rs3788412,28080186,0.061426931948465234
rs2072051,28085888,0.8297783637279682
rs6006108,28092240,0.061426931948465234
rs2267133,28095382,0.8297783637279682
rs2267134,28096966,0.09550878710689804
rs2267136,28097925,0.061426931948465234
rs174772,28105023,0.5088273228801847
rs9613877,28105618,0.09550878710689804
rs5763181,28106857,0.5025303840176784
rs11704551,28107504,0.5361204767643191
rs5763182,28107581,0.061426931948465234
rs174773,28108452,0.049252800608599386
rs2283852,28111445,0.061426931948465234
rs715494,28112433,0.9187600063995247
rs5752907,28119021,0.035303932553855485
rs174775,28121234,0.94446382751493
rs2267138,28123641,0.7831027428319572
rs714962,28123835,0.09921895600222175
rs2188121,28124027,0.4425260277234542
rs2283855,28126775,0.8131411247023059
rs2283857,28127373,0.7808201294341194
rs7286640,28142511,0.3572811659151224
rs459310,28149081,0.5521386202901268
rs5752915,28153768,0.6217170706501824
rs174709,28154523,0.6981356697260672
rs5752918,28154843,0.37678519712740366
rs6006148,28157256,0.9999934913158374
rs12484045,28158751,0.21856322772882542
rs174714,28159795,0.6902596393931193
rs28250,28162754,0.5959627304113725
rs28251,28162775,0.4718810763433685
rs465736,28164766,0.5024389596636345
rs2106107,28165987,0.2595195047066494
rs5763240,28166926,0.4939956046368026
rs12485237,28167286,0.30472657251833135
rs5763241,28169168,0.48671365372158026
rs13054354,28170180,0.2595195047066494
rs5763243,28170340,0.40804151105552044
rs174719,28171642,0.23088162373305499
rs13340033,28176339,0.2595195047066494
rs13053817,28177722,0.2595195047066494
rs17523060,28180959,0.8308771863174684
rs7289240,28184959,0.4632295355601429
rs5763254,28193152,0.2157515754085142
rs174649,28198855,0.4009208622767727
rs165649,28204250,0.25216732684533705
rs165607,28207417,0.48318790397987343
rs165821,28207625,0.3731034577384966
rs165633,28210773,0.4970840359872686
rs3815335,28211468,0.7995519367693973
rs165734,28211828,0.49886431816863697
rs4823040,28211884,0.7288126052927151
rs165624,28214567,0.49886431816863697
rs165602,28216043,0.49886431816863697
rs165625,28216413,0.0504662604307644
rs1061373,28216893,0.24324901450912684
rs5752927,28224210,0.5714630423635647
rs5763284,28229724,0.577825599900543
rs5752933,28232192,0.1247699000856537
rs5763288,28232382,0.5714630423635647
rs1049536,28234354,0.2561641545491218
rs2283859,28234519,0.14583023728447375
rs6006179,28236701,0.3298336622756265
rs2074948,28237850,0.0875378639603279
rs1049534,28238072,0.10222726305016355
rs2007668,28238154,0.3298336622756265
rs737976,28243272,0.32214689879926595
rs2008880,28243801,0.9190786185762119
rs11704899,28248482,0.13641422688223792
rs2188120,28250819,0.0875378639603279
rs5763297,28254212,0.0875378639603279
rs4823044,28254825,0.8895567359190276
rs2302141,28255284,0.0875378639603279
rs9613940,28257598,0.7200100618985561
rs8135828,28259239,0.13641422688223792
rs5763301,28259627,0.06212205473269067
rs5763302,28259723,0.33057313978521485
rs4823045,28260077,0.45057186140925976
rs5763305,28260195,0.13641422688223792
rs9613942,28265704,0.4703810326513108
rs4823046,28265773,0.7705444566603395
rs737980,28267239,0.4703810326513108
rs5763315,28269683,0.7705444566603395
rs467812,28270949,0.40865799182557827
rs469363,28282181,0.0875378639603279
rs468217,28282226,0.40865799182557827
rs6361,28287321,0.2812997407544793
rs456300,28290335,0.2812997407544793
rs9608781,28290768,0.5569094234511718
rs456285,28296083,0.06167248825587859
rs460428,28300989,0.06167248825587859
rs9613968,28310315,0.05692390247205428
rs9613971,28311244,0.6565459232272236
rs9613972,28311324,0.24569245051217847
rs9613976,28315012,0.16443929619900544
rs11705569,28315229,0.04581107304592526
rs9613999,28327011,0.6565459232272236
rs11090574,28329309,0.2054144690141828
rs9614005,28332603,0.5471786171996122
rs9614006,28334929,0.5471786171996122
rs2531844,28337808,0.2170078651719084
rs2857634,28338750,0.9372037247770287
rs9614011,28344581,0.6838546049536138
rs1006396,28347000,0.10914203208919106
rs9608799,28349726,0.5471786171996122
rs2531848,28362484,0.09857568942944886
rs5763378,28364994,0.2198606361503247
rs2530664,28368152,0.09857568942944886
rs2245185,28377732,0.43048797205846845
rs2530670,28377891,0.5191989916906128
rs6006220,28381433,0.8211466547751318
rs9614025,28383939,0.8403156975675106
rs2857639,28385674,0.5191989916906128
rs2857641,28387574,0.35504107337539625
rs2857642,28387820,0.5191989916906128
rs2857645,28391953,0.44031072774479196
rs2527335,28395967,0.3291917915363324
rs2857648,28396568,0.7190554217640884
rs2527336,28398066,0.042501100156456924
rs2024120,28401944,0.30282218465764554
rs2009354,28402685,0.8139462127727466
rs737787,28402759,0.13852532711650867
rs2857651,28405052,0.9459054269271722
rs16987928,28406720,0.30282218465764554
rs7291645,28409213,0.8229214350770419
rs2530678,28411715,0.2539499011600397
rs756053,28416144,0.2076074714351277
rs2267151,28418039,0.9459054269271722
rs1009147,28418257,0.7402922828109448
rs1009148,28418442,0.30282218465764554
rs2267152,28418671,0.09596810602526713
rs1008515,28421145,0.2405859580457016
rs2530680,28421999,0.2539499011600397
rs11090576,28424065,0.8032075606868266
rs2530682,28433476,0.24099532974636273
rs2530683,28434909,0.30567528967051394
rs2530685,28436659,0.2021295766443879
rs2527344,28441624,0.31984333724181024
rs2527345,28442226,0.9399703560810412
rs9614037,28451285,0.4707106531599573
rs9614040,28451648,0.11001227135479111
rs7287478,28452657,0.8519160835023439
rs9614041,28453029,0.808234449966038
rs13057811,28454896,0.21459912497986144
rs9614042,28454968,0.5597287975661874
rs5997507,28455596,0.34950608703961217
rs2232903,28457367,0.10975807273104428
rs140101,28458380,0.465397474805079
rs140104,28459156,0.4356088008742689
rs17462966,28463579,0.0241345808285864
rs140114,28463881,0.2172579684239444
rs7290420,28466137,0.86425358746333
rs105311,28467262,0.2894605963569552
rs140120,28468548,0.12849776031940852
rs11090577,28470358,0.4904435258691402
rs140123,28473206,0.3592858651838783
rs140126,28477038,0.2198983611432821
rs140129,28480549,0.2894605963569552
rs5752960,28480937,0.5613882785076515
rs131271,28481582,0.2894605963569552
rs131272,28483655,0.2894605963569552
rs131273,28483721,0.29914587361875467
rs131278,28485113,0.22209197423872062
rs131285,28487940,0.2894605963569552
rs14115,28493526,0.8469464722565094
rs16988025,28494369,0.5573634543512351
rs131291,28499436,0.3433784000308985
rs131296,28504229,0.22209197423872062
rs140145,28508305,0.5046546006058417
rs131298,28510001,0.3764535730205215
rs7954,28514950,0.24310222963904882
rs140149,28515613,0.5086440893583775
rs5752962,28518245,0.24310222963904882
rs9614057,28518611,0.033661680105687423
rs2240366,28525525,0.49740001374349885
rs4823054,28528025,0.37886335343649247
rs12485243,28529926,0.5007031787393892
rs81800,28530362,0.24022613469676612
rs740116,28530399,0.8412631776104192
rs12627866,28532984,0.86425358746333
rs36576,28536291,0.2692471401164268
rs5752964,28538608,0.44617450717002327
rs36577,28539369,0.3248285918798979
rs6006267,28546982,0.4660361169502405
rs17711461,28548270,0.4852553224377072
rs249403,28549545,0.3248285918798979
rs17711508,28550834,0.4852553224377072
rs11549795,28551120,0.3248285918798979
rs1071962,28554141,0.5059123111347723
rs9614068,28556051,0.3586092390036856
rs3958025,28559399,0.15865562939283395
rs4820821,28570575,0.15579090948494304
rs4823057,28571061,0.15491193603802186
rs4823058,28571149,0.15579090948494304
rs5997542,28574719,0.15579090948494304
rs11090584,28579347,0.09495999916281267
rs5752972,28580312,0.7810877572428635
rs4993442,28583256,0.19182784663714403
rs5997546,28589342,0.35579356868592527
rs9625870,28591219,0.6666591369961312
rs5752973,28594274,0.2753055151740508
rs5763568,28603164,0.5194893518650341
rs4820823,28608019,0.44554282801278866
rs3788418,28610162,0.09495999916281267
rs8140770,28620443,0.19004945470789014
rs8138677,28624744,0.19004945470789014
rs8136147,28634234,0.19182784663714403
rs737938,28643252,0.5194893518650341
rs713718,28644092,0.7810877572428635
rs5763609,28653090,0.10051728681603883
rs7291756,28656102,0.9196752483305047
rs36590,28658070,0.18869582442653998
rs36604,28670138,0.19182784663714403
rs36605,28670356,0.13640773981741325
rs36608,28672191,0.44176699801941777
rs39713,28673186,0.5194893518650341
rs737903,28673846,0.39672043036250326
rs737904,28678652,0.19182784663714403
rs5763634,28680532,0.19182784663714403
rs2051764,28691881,0.19182784663714403
rs2412961,28693540,0.15579090948494304
rs9614122,28695842,0.19004945470789014
rs737906,28697857,0.09495999916281267
rs4239932,28698384,0.19182784663714403
rs9614125,28704328,0.12174808590352798
rs737907,28704920,0.09495999916281267
rs7284538,28705534,0.19004945470789014
rs3788421,28707002,0.19004945470789014
rs9620935,28710528,0.09495999916281267
rs5763671,28714572,0.35253313762637695
rs2007446,28718601,0.5964272838866006
rs737909,28718758,0.18760598982577126
rs8139217,28719156,0.19004945470789014
rs5763681,28719846,0.15579090948494304
rs3788423,28720990,0.19182784663714403
rs5763688,28723503,0.4279991582524675
rs7285751,28723544,0.19004945470789014
rs12165769,28729000,0.09495999916281267
rs737911,28729417,0.5184273234504477
rs3788425,28730701,0.09495999916281267
rs2074204,28733996,0.17082862142728716
rs41156,28734653,0.5964272838866006
rs41157,28735151,0.5964272838866006
rs41158,28735983,0.23841383222754708
rs41159,28737364,0.35579356868592527
rs41162,28738710,0.25072085396884647
rs41164,28742465,0.33130789474576716
rs17647135,28742759,0.04943578725972077
rs5763701,28743877,0.15579090948494304
rs41168,28748161,0.6915589730038552
rs41170,28751066,0.5964272838866006
rs41172,28752865,0.33539958185421004
rs12537,28753460,0.5264811377482801
rs9983,28753744,0.19004945470789014
rs41176,28762403,0.5964272838866006
rs12233358,28762631,0.15579090948494304
rs16988244,28763373,0.6583888479276014
rs1476514,28763822,0.15579090948494304
rs16987156,28764123,0.2735628663745402
rs41178,28770533,0.33539958185421004
rs5763734,28773297,0.15579090948494304
rs5763746,28780660,0.15579090948494304
rs5753007,28796570,0.15579090948494304
rs1989870,28802254,0.5964272838866006
rs8141404,28804216,0.25072085396884647
rs757026,28804310,0.15579090948494304
rs7286205,28805154,0.6583888479276014
rs6519802,28806271,0.28631976151757077
rs9608845,28811858,0.2735628663745402
rs2412970,28816826,0.17187817344220502
rs5763767,28823882,0.17187817344220502
rs2412971,28824371,0.17187817344220502
rs5763774,28828550,0.15579090948494304
rs718772,28834207,0.19915417236036914
rs5763779,28834652,0.5137960150155497
rs4823074,28842478,0.17187817344220502
rs5753014,28845049,0.15579090948494304
rs11090598,28851770,0.19915417236036914
rs8135823,28852459,0.19915417236036914
rs6519805,28855549,0.6583888479276014
rs2412973,28859631,0.17187817344220502
rs4820830,28861091,0.5137960150155497
rs2899147,28863065,0.5137960150155497
rs5997579,28867526,0.17187817344220502
rs5753025,28872157,0.5137960150155497
rs1468177,28874559,0.5417475237027922
rs5763825,28882695,0.18460332623828524
rs16988333,28882813,0.6583888479276014
rs5753027,28884204,0.15579090948494304
rs9625933,28885216,0.19915417236036914
rs2214047,28886101,0.09587069915815667
rs5753028,28886845,0.15579090948494304
rs9614152,28893343,0.32958018490165575
rs2412976,28897907,0.5137960150155497
rs975704,28902736,0.15579090948494304
rs10483158,28905163,0.09495999916281267
rs5763854,28907589,0.15579090948494304
rs714027,28907771,0.14009809569965478
rs713792,28908150,0.22500970979579638
rs5763857,28909617,0.6583888479276014
rs4482600,28909886,0.6583888479276014
rs2412979,28910161,0.15579090948494304
rs5753037,28911722,0.6033675555319109
rs6006393,28920026,0.5161212707186615
rs2412980,28922069,0.6583888479276014
rs713875,28922487,0.22186812481998908
rs16988383,28922842,0.12515706275715444
rs2106430,28927135,0.3638103710666729
rs9614158,28927880,0.08252731691201473
rs7290175,28928097,0.952663515217155
rs17728461,28928552,0.08367718129727679
rs9614159,28931243,0.6095845197577464
rs9614162,28934102,0.6095845197577464
rs5997591,28934667,0.6575155079861215
rs11913168,28936564,0.2123415221196252
rs12484740,28936927,0.3638103710666729
rs5997592,28939096,0.6634391367873247
rs9608851,28940546,0.4991523366738534
rs9608852,28940570,0.37225957621797867
rs13057533,28940731,0.8529759606345679
rs4574206,28940776,0.5785589617932752
rs5997593,28941838,0.4270331460882043
rs6518682,28942949,0.40149336356474696
rs2078856,28944437,0.6675111445567115
rs9620960,28948600,0.2152932259528545
rs11089436,28948889,0.5764936833409005
rs2073946,28949599,0.976859169120388
rs16988415,28950537,0.550398913507401
rs6006405,28950627,0.9212189784752072
rs13054238,28950891,0.7874063758665963
rs17729168,28960143,0.2765150556562981
rs5997597,28965132,0.7083780174700254
rs929271,28968226,0.6802367720848812
rs737812,28969110,0.9629628532912513
rs737921,28970214,0.6162792204052653
rs715605,28970308,0.782056262477118
rs9606708,28976126,0.7719083328039511
rs9608854,28982447,0.40330991963589446
rs11089441,28984464,0.7288182296095431
rs8138196,28986635,0.6770093670867939
rs5763914,28987508,0.8156926154207196
rs7289095,28988722,0.3871516969208203
rs2070889,28989566,0.2924192867240125
rs1476576,28990517,0.3379293151242101
rs5763918,28991184,0.47494894850125136
rs10854598,28994920,0.7777335151915634
rs6006426,28999883,0.8732010645762742
rs6006427,28999993,0.3418214479514825
rs17656515,29000091,0.3048590468280964
rs11704358,29002352,0.7601183415911333
rs877549,29002420,0.9727376606525605
rs724055,29005923,0.22574307236878266
rs5763928,29008530,0.25492820922616133
rs2108093,29009387,0.8018359757730109
rs13058084,29009682,0.18841587887177502
rs7284531,29016254,0.48897005404709215
rs4823086,29018659,0.37444762321909797
rs11089442,29019998,0.46000309413636264
rs2097919,29021631,0.8374489074524972
rs929454,29022353,0.8018359757730109
rs4823087,29023581,0.18841587887177502
rs13058399,29024428,0.07732918079589805
rs4823088,29026099,0.9387080886190958
rs9619096,29026744,0.14002771977861306
rs4823089,29030607,0.22640679469208813
rs2240422,29030924,0.17075231493101817
rs17656850,29035707,0.25492820922616133
rs737948,29037697,0.25492820922616133
rs4820831,29041443,0.8018359757730109
rs5753060,29042389,0.25492820922616133
rs740219,29044684,0.8018359757730109
rs757867,29045202,0.9387080886190958
rs9608876,29047916,0.4267463881354613
rs737751,29055274,0.21879088809960612
rs737750,29055302,0.25492820922616133
rs10376,29058356,0.7200561713497469
rs9606716,29058453,0.9046872370046599
rs2839998,29059507,0.12676431299528199
rs11705056,29060745,0.23562798196330292
rs2240420,29061066,0.25492820922616133
rs17657174,29061387,0.25492820922616133
rs2074731,29063914,0.14002771977861306
rs11089445,29065047,0.3062696014977714
rs4339043,29065908,0.7200561713497469
rs2074732,29066147,0.14035822656960303
rs5749068,29067015,0.4781339683726423
rs9608885,29068161,0.5241012580537763
rs2074733,29068587,0.5204276384308847
rs5753080,29068737,0.7200561713497469
rs8141656,29070148,0.14002771977861306
rs5749071,29072125,0.4781339683726423
rs17730748,29076595,0.18177210650438402
rs12484880,29081453,0.3491338124611706
rs4820834,29081627,0.27250402419008335
rs5997619,29082367,0.9387080886190958
rs13053375,29082942,0.43455865551129835
rs737950,29087295,0.7200561713497469
rs1076296,29091298,0.7230624008909619
rs5753101,29095249,0.25863104317873375
rs5749080,29095502,0.4694297288205017
rs5749081,29095768,0.37643447134644614
rs1476659,29095897,0.32155614161818136
rs1076298,29097729,0.25863104317873375
rs1076299,29097781,0.25863104317873375
rs5753103,29098777,0.9397735162554756
rs5753105,29100626,0.25863104317873375
rs1002189,29101458,0.25863104317873375
rs2015035,29101554,0.9363696926610786
rs3804077,29101772,0.22723693435105108
rs5753106,29101855,0.25863104317873375
rs5749087,29104653,0.25863104317873375
rs5753112,29109957,0.03903456574542727
rs5997629,29112089,0.3478870799125676
rs5753117,29113551,0.3163317230073174
rs5753118,29115421,0.5247611430293821
rs5749090,29116948,0.2273436395238252
rs715504,29122115,0.49836481644027897
rs757660,29123137,0.30556535796383
rs11089447,29124719,0.04648601583047078
rs5997637,29124950,0.09180008836014628
rs4820844,29125215,0.4133744401648415
rs7288366,29126422,0.09180008836014628
rs4820845,29130338,0.7182852721328383
rs737723,29132029,0.2722617972597192
rs2072157,29132444,0.21748482541272474
rs5997641,29139342,0.21748482541272474
rs2267155,29140387,0.09180008836014628
rs2267156,29141112,0.09180008836014628
rs2299825,29143323,0.11877756091138128
rs2299826,29143424,0.659405849862447
rs2299827,29144727,0.053625385698788046
rs9620984,29146148,0.09180008836014628
rs2299830,29147631,0.4133744401648415
rs1061660,29149628,0.42387467831737424
rs1061664,29149758,0.46721706555545595
rs1046199,29150550,0.5858702317378439
rs5994305,29150707,0.09180008836014628
rs2072158,29152461,0.37337335820821993
rs2072159,29153065,0.48539427155193615
rs5997646,29160312,0.09180008836014628
rs1009337,29163372,0.28165760140196827
rs5753137,29166313,0.03317466149761403
rs4820013,29169346,0.41879089933566715
rs1465223,29172514,0.08266628037949329
rs4820848,29173495,0.3834303908519333
rs5753149,29173713,0.8083471864278841
rs1465225,29173809,0.3787611155080146
rs5753152,29176623,0.2519427328586844
rs11089450,29176644,0.19214935541492062
rs8142204,29183082,0.5510394910885683
rs3804078,29183882,0.7600236456339994
rs4820849,29184360,0.5028169142097749
rs4820851,29184663,0.299420372745297
rs5749102,29185674,0.493972279621575
rs5753158,29185697,0.7029240276322672
rs2240345,29187373,0.23679299845233615
rs5749104,29187448,0.22697479032447743
rs2269961,29190830,0.3447440971147796
rs2412986,29191640,0.299420372745297
rs17738020,29191915,0.36396954692001915
rs7410776,29191931,0.7924933734438387
rs757663,29192763,0.299420372745297
rs5753161,29192839,0.299420372745297
rs5997653,29193163,0.5079241671220607
rs17659494,29193392,0.31093305383846315
rs4820853,29194610,0.15101118937756208
rs4820854,29194692,0.5079241671220607
rs9620997,29195337,0.6167674992914945
rs2269964,29196380,0.6610808528007759
rs2066926,29198102,0.05320124881130071
rs714456,29198418,0.26048250133716266
rs1124827,29199336,0.6680423764172735
rs8141318,29205517,0.3023240182354099
rs737941,29206438,0.21900432716455598
rs9608938,29211651,0.39674870474571355
rs8138759,29214427,0.3227977411836549
rs13750,29215100,0.3227977411836549
rs17670808,29215980,0.3227977411836549
rs9608941,29216886,0.3227977411836549
rs5997665,29218412,0.4073847392435981
rs17738527,29218494,0.3227977411836549
rs17738540,29218527,0.2879313084780025
rs9606738,29221250,0.27607045675197206
rs9608944,29221859,0.3227977411836549
rs11704395,29223946,0.42231448003898575
rs4820014,29224854,0.40562922578107796
rs737940,29228409,0.492135142494198
rs9608956,29231592,0.4986387474605025
rs8141286,29232418,0.5977294122482973
rs6518693,29236008,0.5977294122482973
rs2023967,29237168,0.3227977411836549
rs9606747,29242328,0.5977294122482973
rs7284873,29244473,0.3227977411836549
rs7287647,29248679,0.20651069659215526
rs1001409,29248825,0.2849669983323678
rs6518698,29251371,0.5977294122482973
rs4820864,29259905,0.6590428522379768
rs5753187,29260080,0.05329910850541025
rs2899151,29260158,0.06399254717191655
rs1107844,29262673,0.006742294824061863
rs4820866,29270131,0.08095612912579085
rs5997678,29270372,0.05558655065831347
rs5997681,29273040,0.20651069659215526
rs956257,29278492,0.4457444214481284
rs6518702,29278752,0.2368769166901178
rs2267158,29280360,0.6309013973188202
rs2267159,29282396,0.061127921733730724
rs2267161,29283295,0.5114804932881474
rs7286285,29283885,0.3406667171534772
rs42929,29286419,0.623553531644353
rs4149488,29287832,0.786966203335471
rs42931,29290412,0.7193301297317237
rs42933,29291645,0.7385386682978354
rs42938,29295757,0.9596187241732647
rs42941,29300972,0.7738911658637041
rs11912660,29302409,0.28118495847560687
rs2072196,29305513,0.0642811114090889
rs737952,29308073,0.24422272676128587
rs7364237,29310922,0.47603198625251286
rs5753220,29316350,0.7474914475837842
rs4820869,29316565,0.5892085033046435
rs16988803,29317960,0.5892085033046435
rs13053923,29318382,0.5878009011511283
rs4820019,29318433,0.6743812790752293
rs7285863,29321124,0.6791210325506065
rs4820876,29322672,0.2558759231515544
rs11089465,29325356,0.3707717502455753
rs5749131,29331822,0.1753910779202511
rs5753231,29333069,0.5728054712733464
rs16988828,29333561,0.09171788147169635
rs9621047,29334127,0.37508847801675604
rs4820020,29336004,0.7525273086162705
rs9606756,29336860,0.6084377250864992
rs740234,29338745,0.5700401886130444
rs757874,29341069,0.42826446906004856
rs2267163,29341557,0.10608015593114428
rs5749135,29341906,0.3756966769796113
rs2283873,29343296,0.3369900120350775
rs9621049,29343419,0.512965084086698
rs4820886,29346539,0.4861437520780416
rs4820887,29346914,0.45620694331393763
rs4820888,29347322,0.3029322542924374
rs2301955,29348646,0.700210112002944
rs4820889,29349044,0.4943123350627916
rs8135379,29353893,0.48643735743837924
rs5749144,29354697,0.05256246405393648
rs7289553,29354856,0.2008280729363926
rs9306264,29354934,0.48643735743837924
rs5997711,29355863,0.05591665502470771
rs5753257,29356777,0.2008280729363926
rs9621053,29361133,0.8071946606359661
rs9609025,29362076,0.8402401998108652
rs4820891,29362309,0.0703963073578607
rs8139950,29367370,0.06348082878120562
rs16988925,29370405,0.5013887823913651
rs2270013,29372352,0.09237929488281488
rs734479,29373484,0.46135858862018875
rs5994328,29376587,0.057179255874461446
rs2078975,29378803,0.8318423102911766
rs5994329,29379070,0.351288951258624
rs16988936,29380292,0.3681570559843378
rs5997727,29382375,0.37457681400656684
rs8630,29388115,0.40498234706487657
rs2240002,29389250,0.2563756448772597
rs4820893,29390193,0.6961842503868103
rs5753268,29390982,0.47073343019551706
rs713853,29391869,0.15197058438648842
rs5994332,29397243,0.03316618770567139
rs5753270,29398814,0.5555663159784072
rs5753271,29400493,0.5850641821378684
rs6518711,29401354,0.021093699926268264
rs11703252,29401485,0.06143946903027723
rs9609048,29408341,0.17350042536884747
rs16988966,29408457,0.08718900726267947
rs13056033,29409964,0.06143946903027723
rs13053290,29421139,0.6564294457811704
rs7288635,29421633,0.6035743189368763
rs5994334,29421934,0.06006251069837089
rs7290980,29422425,0.6564294457811704
rs13053993,29429927,0.29156905789387844
rs9606766,29431646,0.070781375742526
rs5753281,29435269,0.6880117598149463
rs136389,29438151,0.19398273459046267
rs9609057,29438617,0.070781375742526
rs136383,29443004,0.7592802623214407
rs7285562,29443433,0.7860341934843428
rs136381,29446489,0.3593973261013521
rs5753285,29446693,0.5202131262368632
rs136380,29446753,0.7592802623214407
rs4820897,29447495,0.7723075658812217
rs5749157,29448395,0.25906892533330717
rs136369,29453292,0.19725797186135652
rs5753298,29458763,0.34186634672126526
rs136354,29464390,0.8593374751955116
rs5997752,29468869,0.7093891610547287
rs926340,29469318,0.11343490975103276
rs136351,29471239,0.8593374751955116
rs136343,29481535,0.8952695761408079
rs136337,29490539,0.9484212230944126
rs136336,29490934,0.0363384719967659
rs4820902,29495724,0.0639236581435965
rs9609089,29497705,0.8053352745167681
rs136324,29498670,0.6474651155472505
rs136320,29499336,0.8765400334299579
rs136319,29499761,0.10535968516730473
rs5997762,29501274,0.16619236457916453
rs16989115,29520639,0.32616861558219457
rs136287,29522023,0.013633664908041571
rs136273,29525775,0.013633664908041571
rs136272,29525941,0.09529540176545538
rs136262,29528037,0.47874103623551834
rs4444,29535334,0.9951633642799468
rs136251,29536395,0.7125377342299438
rs136248,29537207,0.7125377342299438
rs136245,29538544,0.7125377342299438
rs136243,29539135,0.7125377342299438
rs136240,29539955,0.6783065015010132
rs136233,29542410,0.040146466969444794
rs738374,29542641,0.6873215026967027
rs136231,29543543,0.1202819244324617
rs136230,29544382,0.19204770845737928
rs136229,29544572,0.1576626804772533
rs136228,29544983,0.2036999414642724
rs361844,29545815,0.1576626804772533
rs5994347,29546054,0.6707726076745101
rs136225,29547345,0.13877759323316854
rs136223,29549869,0.34446845015779537
rs742205,29553456,0.1995085975753783
rs5753336,29557373,0.1995085975753783
rs11089478,29557753,0.08718692487964899
rs738372,29558584,0.10297630221070744
rs136218,29560393,0.12600143034004635
rs136217,29562074,0.9038451481819929
rs5997780,29564009,0.6476418588006867
rs4820028,29575745,0.6010194289815236
rs9621114,29579202,0.38536034510589035
rs2413001,29579333,0.44696991323347246
rs5997787,29584954,0.3546310412851206
rs5997788,29585029,0.4159125020143173
rs5753350,29586066,0.3794754825261474
rs8142410,29586367,0.4636435504010986
rs5753352,29586713,0.15598931345498165
rs4820029,29587689,0.16277993710292804
rs2040802,29587924,0.03544288180362745
rs739894,29588108,0.8503214569447977
rs9609128,29589530,0.04640227799837639
rs5753355,29589658,0.13467910758553625
rs5753356,29591107,0.13467910758553625
rs5753362,29594281,0.3928700611788474
rs4820030,29596830,0.022737764973471464
rs5994353,29598129,0.2027797056084284
rs5753369,29609536,0.4445808357592743
rs5749185,29612893,0.9779867954084824
rs8140448,29613979,0.355754626906044
rs9609144,29618135,0.1870013956918153
rs11089481,29618769,0.47337336309069544
rs5997802,29620637,0.475657397978436
rs3804085,29632233,0.8899736337939508
rs8004,29633708,0.8899736337939508
rs5753388,29640946,0.17278458888604176
rs4820916,29643631,0.8899736337939508
rs2240175,29651847,0.9977340044092605
rs2240176,29651948,0.475657397978436
rs5753394,29653900,0.8899736337939508
rs5753398,29659954,0.14816942732970304
rs3747151,29663631,0.8899736337939508
rs9609163,29664518,0.10061492509303512
rs737927,29668470,0.9604660057934462
rs2240177,29670625,0.8899736337939508
rs1003480,29676752,0.13032405972278266
rs2240180,29679698,0.8899736337939508
rs3788426,29683670,0.8899736337939508
rs737924,29684653,0.8931704600996575
rs2240182,29690592,0.17278458888604176
rs886471,29696675,0.1169557558558781
rs7284767,29699324,0.9788443801540657
rs4820921,29708447,0.475657397978436
rs9621153,29722606,0.19003845867530023
rs5997838,29730018,0.8899736337939508
rs5753425,29740356,0.2115840539516637
rs9609185,29741404,0.8640306164463403
rs6518726,29745931,0.8796725361435281
rs5997846,29758853,0.15885519951981564
rs12484162,29764703,0.057949378251529474
rs2041076,29765945,0.9180085825979333
rs12484974,29766494,0.15885519951981564
rs9609198,29766822,0.08575721555129462
rs9609199,29767392,0.051689753434713645
rs4820932,29768931,0.10098301847110452
rs12168052,29770703,0.35841454494874836
rs715297,29772308,0.9583708035222226
rs5753432,29775170,0.47391680459901653
rs5997854,29775399,0.8078708772827103
rs5753434,29776233,0.08348898336213396
rs5753436,29776921,0.2557969665854469
rs5753446,29781964,0.540943562247802
rs16989281,29783205,0.10374660047542124
rs7291565,29783321,0.2689163641435731
rs5994367,29785816,0.07363580282336546
rs2413016,29788203,0.5320703340311861
rs7285683,29789194,0.5356399054504734
rs737930,29789255,0.33922005024981783
rs736901,29795184,0.28772680967132536
rs2006301,29795217,0.28772680967132536
rs9619167,29802504,0.9476423349132179
rs12157450,29803048,0.28772680967132536
rs5753454,29805307,0.8211840424698814
rs2286214,29807563,0.22798611632272014
rs17822214,29809071,0.09638093035964519
rs9621184,29810069,0.26583497549274915
rs4820935,29821295,0.9979981364280802
rs5997872,29821332,0.33971188626333604
rs2074736,29822482,0.4195382050960408
rs2240430,29822517,0.7364271247276277
rs917208,29823125,0.6299138518231164
rs1004243,29827879,0.8138303138947048
rs10304,29830536,0.842799682219981
rs11705137,29831788,0.46551114873185806
rs2283875,29831833,0.9949199102842898
rs12167220,29834129,0.46551114873185806
rs9621188,29836761,0.4408805000759938
rs5753463,29837049,0.6016061937442658
rs2283877,29838195,0.9066811985974181
rs2017301,29844477,0.5148073432848468
rs3747152,29850338,0.5163753688564414
rs2240432,29851404,0.6120462289253732
rs2240431,29851850,0.2553612155102508
rs7284757,29852064,0.2853827752289829
rs5753469,29856811,0.40337547890826697
rs728206,29859772,0.728624498595837
rs8135641,29860730,0.3880522691805006
rs757873,29860957,0.26866389585975325
rs740232,29861133,0.728624498595837
rs740231,29861150,0.8312066445082285
rs2232184,29862608,0.057719924062052196
rs2232183,29862960,0.7793613102399941
rs5753472,29863225,0.7608030929280064
rs2072193,29863796,0.49714268795482985
rs2074739,29863967,0.2107478246359098
rs2232176,29866133,0.5857932592344097
rs2232170,29867122,0.5857932592344097
rs3788428,29867533,0.4290825349976223
rs3761430,29868002,0.46311357793282215
rs7286648,29869614,0.21277767955358318
rs5753480,29873260,0.4618891992303533
rs4820944,29875391,0.18784363522205316
rs5753482,29877184,0.47678559031713585
rs4820946,29881160,0.4855544957652328
rs878718,29882702,0.3840806121871472
rs740229,29883510,0.8091986863960537
rs5997893,29886103,0.3996625068664944
rs8135417,29889255,0.3996625068664944
rs5994376,29893555,0.2642703815462172
rs5997898,29902963,0.2723001543000283
rs4561750,29905576,0.8087105129412968
rs1034589,29909233,0.3619114008331774
rs6518737,29912662,0.6189362930067306
rs5749229,29917218,0.3619114008331774
rs2027982,29923435,0.24113431469816804
rs7285171,29928367,0.27107180630689387
rs5749231,29929088,0.9382023842507925
rs2413035,29930460,0.3619114008331774
rs13158,29932187,0.3619114008331774
rs9606827,29937184,0.2742969863669893
rs737888,29941549,0.40795594046889927
rs5749237,29948958,0.5904244260770402
rs5997917,29951792,0.4084413881875303
rs5997919,29953442,0.33305782167395026
rs5997921,29960896,0.5659169251331955
rs713947,29969509,0.2610886156686886
rs11556237,29974614,0.4719977206633843
rs2106294,29975759,0.44262361311861675
rs737809,29976448,0.5838913601626308
rs4820043,29977094,0.44262361311861675
rs2267171,29979632,0.8087105129412968
rs11089493,29982338,0.6811418347348053
rs7287402,29984823,0.33305782167395026
rs2073857,29988281,0.44262361311861675
rs739427,29989101,0.33305782167395026
rs9606828,29993066,0.5015759959007733
rs5997929,29994032,0.33305782167395026
rs5997930,29994697,0.6759543058389936
rs2413045,29995862,0.6201666975296871
rs2040532,29999267,0.6444448131397158
rs8143159,30001882,0.4785693574892316
rs5997937,30003859,0.6811418347348053
rs4141404,30005185,0.44262361311861675
rs1858821,30006454,0.44262361311861675
rs4615,30007744,0.8087105129412968
rs4820961,30009449,0.33305782167395026
rs1034587,30010240,0.8058770436239574
rs2239905,30010624,0.8087105129412968
rs11704523,30011150,0.4785693574892316
rs5997942,30012448,0.5428236706668776
rs11089495,30015129,0.6811418347348053
rs4820044,30017313,0.63990893319474
rs11703005,30025137,0.3560818798044406
rs737887,30026615,0.5045700974131834
rs12166373,30030508,0.41168699823005095
rs5753554,30034378,0.5302045750886708
rs4820965,30034539,0.8087105129412968
rs9680708,30045459,0.45331280993554257
rs5753559,30049032,0.4016576537279293
rs5753560,30051083,0.8087105129412968
rs16989519,30055416,0.46311357793282215
rs713619,30059177,0.5738671361177609
rs2057951,30060045,0.5738671361177609
rs131209,30062461,0.33305782167395026
rs2899161,30068754,0.49573261829000226
rs12157693,30069222,0.40578522736239897
rs714909,30071067,0.5045700974131834
rs9609261,30073032,0.63990893319474
rs5997959,30074072,0.5738671361177609
rs4603880,30074721,0.3778108015799061
rs9609263,30075274,0.2973329057847095
rs12157806,30078126,0.40578522736239897
rs131213,30083849,0.28537305763963927
rs7286320,30093724,0.5663590722767156
rs7287715,30093825,0.40919078315154833
rs4820045,30115969,0.32621255934198745
rs12160763,30124754,0.46311357793282215
rs11704156,30126563,0.3281568322099738
rs9606839,30132710,0.831021309012284
rs6518745,30149142,0.498619919382553
rs5753609,30149212,0.6454466166213054
rs926928,30151719,0.2536821229758698
rs5749272,30160351,0.8391998599538714
rs3091392,30160421,0.3774856486370789
rs695455,30163759,0.3774856486370789
rs12628465,30164200,0.837317968192356
rs4820972,30166378,0.3281568322099738
rs5997988,30168085,0.5701939811265055
rs5753618,30168518,0.6510542892856039
rs16989617,30169151,0.46311357793282215
rs16989620,30169244,0.4429695129703143
rs5753620,30171091,0.8650415888319438
rs7285619,30172554,0.7209511261609025
rs738658,30174293,0.47192664289185293
rs2012451,30174373,0.40883659807236716
rs16989635,30177912,0.6935051042881799
rs5753622,30178944,0.8650415888319438
rs9606843,30183371,0.7042550624336246
rs4820048,30184370,0.4888946839919145
rs2103853,30185475,0.8024214976290068
rs12485048,30185954,0.8650415888319438
rs16989650,30188029,0.46311357793282215
rs5753630,30191950,0.9248433386046905
rs5753632,30193097,0.6365481237032937
rs4820974,30199467,0.5882141207472111
rs5753638,30199892,0.801972616388417
rs5753639,30200400,0.7077108530068711
rs5998002,30211169,0.7899038610154612
rs11089512,30214033,0.38762534626071243
rs7289941,30214405,0.6769183256118614
rs9609296,30221784,0.7980331203465048
rs1916,30222121,0.8926243458230325
rs5753659,30223613,0.8095515583145059
rs9609297,30223731,0.7980331203465048
rs9609304,30227795,0.9087012039436045
rs16989682,30230224,0.67542932031995
rs5749286,30230359,0.7980331203465048
rs9606848,30231867,0.7421005828249727
rs2413054,30234170,0.6523754495388274
rs5753667,30235703,0.8682487354577961
rs5753669,30235819,0.7980331203465048
rs5753671,30240734,0.7980331203465048
rs4820979,30244399,0.9890238187548009
rs2024747,30244697,0.5396162878674907
rs4820980,30247415,0.8879406598238496
rs5749293,30251968,0.5396162878674907
rs1543416,30255073,0.8879406598238496
rs3818134,30256725,0.8879406598238496
rs4820983,30259654,0.8879406598238496
rs5753681,30262107,0.38762534626071243
rs5753682,30264413,0.6523754495388274
rs738656,30265347,0.9371762453005299
rs5753683,30267414,0.22407090533317575
rs5749298,30271032,0.7980331203465048
rs1968023,30272770,0.7764068934072315
rs16989753,30276282,0.46311357793282215
rs5753686,30277948,0.8879406598238496
rs16989760,30281808,0.46311357793282215
rs5998042,30283962,0.8879406598238496
rs13053428,30287065,0.21793916527020574
rs5749303,30291713,0.4216665963320818
rs2092905,30296274,0.570951327305756
rs5753698,30300054,0.7980331203465048
rs5753700,30301258,0.46311357793282215
rs16989291,30301282,0.6523754495388274
rs5749306,30306999,0.7942184095082935
rs738702,30307594,0.38762534626071243
rs7286496,30313760,0.5193379341948182
rs1018488,30322376,0.5193379341948182
rs5998054,30324406,0.6933925498563243
rs1018490,30326625,0.5649368484541428
rs2006771,30328612,0.9842562813761375
rs6518752,30329127,0.655195859595302
rs11704616,30329476,0.1208947385942746
rs2236033,30331050,0.7844769054522022
rs5753723,30332294,0.99141330212364
rs5994415,30334588,0.4799631556366447
rs8140312,30335594,0.9011149353282571
rs5998058,30336408,0.9236735913012692
rs7291918,30338039,0.6661472644077165
rs12171042,30341225,0.8879406598238496
rs8138525,30341929,0.7980331203465048
rs738684,30342634,0.9528381324568145
rs2295251,30343265,0.6764186802988531
rs7292913,30343381,0.5510904140280405
rs1044085,30344719,0.5285323626030041
rs8461,30345162,0.6563334612303073
rs9956,30345450,0.9139534621394487
rs16989334,30346092,0.5193379341948182
rs7287937,30350745,0.981165132577933
rs11703808,30354980,0.5262852082581491
rs761746,30355913,0.9243896758993823
rs12627933,30357449,0.7844769054522022
rs5753734,30358721,0.9759117671503171
rs5998067,30373630,0.9220590542150089
rs5998068,30373835,0.541389025752907
rs5998069,30376022,0.860448851775907
rs9621305,30379917,0.5641344865910529
rs5998074,30384026,0.9714964543176849
rs11703079,30384363,0.8698091694822435
rs16989374,30385443,0.8698091694822435
rs760908,30387501,0.9199631915765681
rs12166823,30397158,0.5641344865910529
rs1076674,30399433,0.5049127422451842
rs10483160,30407247,0.33711774369004266
rs3804087,30409303,0.7523153803577196
rs3804088,30409447,0.5049127422451842
rs5998086,30410244,0.6452883024980145
rs8142355,30411681,0.5943053523778632
rs2006648,30411929,0.7563380596761637
rs6518754,30427775,0.7563380596761637
rs5998098,30430550,0.5049127422451842
rs140078,30440163,0.7784661283853205
rs140081,30442461,0.7784661283853205
rs131231,30446383,0.9032223709016411
rs131237,30450373,0.5049127422451842
rs5753766,30451626,0.4928174727508884
rs5753767,30452033,0.5647130490979286
rs131243,30454778,0.3691619190963278
rs131250,30459603,0.42726899788441863
rs131254,30461022,0.3691619190963278
rs11705235,30465488,0.9550045614390076
rs11705329,30465812,0.3857279980265482
rs1013703,30474879,0.399332789473693
rs5998114,30481214,0.5462596614679183
rs5998115,30481704,0.7998055165463586
rs2108107,30495326,0.3712244889193318
rs2040981,30495508,0.7078070976354655
rs9609364,30498258,0.9714877291638234
rs2108108,30511937,0.8117296497425961
rs917207,30520015,0.1856027503798806
rs8141214,30526181,0.8117296497425961
rs16989498,30528473,0.1856027503798806
rs5998133,30528862,0.7078070976354655
rs5998134,30535234,0.8694919045884903
rs5994431,30540300,0.9939167472496037
rs10483161,30540763,0.3977111883268686
rs17761473,30547162,0.3977111883268686
rs16989528,30547539,0.1856027503798806
rs16989529,30550629,0.8694919045884903
rs17761491,30552476,0.46622054767774646
rs5998136,30554673,0.9308417603066824
rs9621345,30554804,0.3977111883268686
rs5994434,30559649,0.9862967563110928
rs9621346,30560185,0.6918686310885489
rs11703232,30560348,0.8694919045884903
rs7290856,30560916,0.9308417603066824
rs16989540,30566149,0.7549672937340948
rs5998144,30578244,0.7549672937340948
rs5994436,30580725,0.6797440542344247
rs12170536,30584057,0.1193817342999406
rs16989571,30584863,0.12643639813973034
rs10222233,30584971,0.21227678377293036
rs16989573,30585802,0.18918998834564016
rs470072,30593131,0.6155005955644198
rs1034419,30594531,0.4734094924997001
rs2051583,30595759,0.7549672937340948
rs1012068,30595903,0.5157188835892532
rs5994441,30596546,0.8385583805850365
rs136866,30597042,0.283707692634131
rs737084,30598400,0.16093623430296733
rs136867,30602658,0.283707692634131
rs5994443,30605353,0.830695665831944
rs3213524,30605789,0.3080506741762604
rs16989600,30605942,0.7549672937340948
rs5994444,30610610,0.3080506741762604
rs5998161,30615303,0.8252587052563469
rs16989609,30616367,0.4734094924997001
rs3788436,30617788,0.3080506741762604
rs5994446,30619919,0.6216693140727902
rs5998165,30626000,0.1782226072688684
rs9609381,30633334,0.9973072501187403
rs5998172,30633780,0.7734057279478229
rs5753818,30643933,0.5799247925942574
rs5749339,30645735,0.3730456517080428
rs9968025,30651589,0.8438086047755371
rs11703779,30652384,0.5135078876099116
rs11703587,30652414,0.3296255364965359
rs5994451,30653511,0.5799247925942574
rs4820997,30654140,0.4275549721323898
rs2097390,30656238,0.8855507871125732
rs4820057,30657794,0.11462288249199121
rs3788437,30661594,0.10783778387714572
rs1984388,30664021,0.015309012305653171
rs9609389,30665416,0.07267390386968038
rs3827334,30668005,0.07267390386968038
rs3761432,30668186,0.07267390386968038
rs2267172,30669782,0.04033391523684603
rs7364274,30670379,0.18430803018940978
rs2301415,30671669,0.19203756605613753
rs7290696,30671684,0.0960776638923573
rs8141011,30671790,0.24209564024753516
rs7291050,30671957,0.0960776638923573
rs4820059,30676468,0.059196862977892006
rs2858750,30678239,0.24209564024753516
rs2246704,30679063,0.039416588775226545
rs2858753,30681105,0.09040622451063744
rs5998196,30685455,0.029023975961582394
rs9621371,30686150,0.0960776638923573
rs738181,30688588,0.08040802168523405
rs9609396,30693761,0.09582710835298977
rs9609397,30695973,0.9812530502143199
rs4821004,30696359,0.07061636758650017
rs4821006,30700060,0.14409934570155086
rs6518758,30701492,0.06406648393498258
rs41430344,30711973,0.14409934570155086
rs5753843,30715298,0.5652085185761531
rs9606893,30720134,0.06406648393498258
rs4821014,30722612,0.5652085185761531
rs2899171,30726524,0.9779668041307906
rs35051742,30735055,0.06406648393498258
rs130256,30748552,0.08717125898150051
rs976915,30758445,0.14409934570155086
rs738993,30767340,0.5277101765223754
rs135023,30772776,0.05859840691604656
rs130264,30774217,0.08717125898150051
rs17683011,30775946,0.14409934570155086
rs17745316,30776805,0.6149863223435366
rs16989807,30779042,0.5277101765223754
rs130266,30780362,0.04243294499171124
rs2899174,30788789,0.09596587946514767
rs9609420,30789994,0.7935767772286996
rs9609421,30791497,0.7914659745826701
rs733908,30792505,0.14409934570155086
rs135110,30793875,0.05859840691604656
rs739009,30797651,0.2985121838768853
rs130407,30802930,0.061530215504610915
rs7287435,30806600,0.9023226178933919
rs17683310,30807445,0.14409934570155086
rs5998233,30812321,0.10077760531941128
rs5998234,30813350,0.6133897077887099
rs4821037,30814201,0.14409934570155086
rs17683448,30817744,0.14409934570155086
rs12166759,30830058,0.5745902396075117
rs1056444,30836906,0.47444867541668945
rs9621386,30838445,0.08717125898150051
rs5753868,30838457,0.4546123694298656
rs5998237,30839089,0.10077760531941128
rs9609427,30839440,0.07620007197224109
rs9609429,30847431,0.009692207187778811
rs8141732,30848102,0.055906789603014734
rs5994466,30848130,0.07558444169847407
rs9606907,30854906,0.08717125898150051
rs2006253,30860256,0.3514739245384271
rs2006233,30860848,0.31231838827538705
rs5753872,30862231,0.21371118379208598
rs9609441,30868875,0.08717125898150051
rs7291239,30869375,0.09875212441772793
rs5749355,30870564,0.910791694729771
rs8141334,30870651,0.6146160481632419
rs5994478,30882840,0.6584113070483286
rs8141332,30884860,0.8601683637008443
rs5998267,30884985,0.9118377336001953
rs5994479,30887939,0.1259312969722428
rs2413073,30888547,0.9556013368452513
rs8139657,30889835,0.5799896200172827
rs1029355,30892081,0.5444755922930794
rs5998276,30892519,0.6757881664935048
rs5998278,30895036,0.9332129004553186
rs6518762,30895654,0.5799896200172827
rs9606916,30897306,0.6473991528248438
rs9606917,30897387,0.5613693441730773
rs7291990,30899263,0.1685587630728358
rs5994481,30899624,0.9125541694963057
rs136409,30903443,0.5977588328422441
rs136410,30904274,0.12804711861726534
rs136414,30905149,0.12804711861726534
rs136416,30905214,0.12804711861726534
rs136417,30905256,0.10730621354739153
rs9609463,30905456,0.12804711861726534
rs136422,30906367,0.09295288774311895
rs136429,30909559,0.7551072560221489
rs136436,30910280,0.7623485875268663
rs136447,30912347,0.7551072560221489
rs136449,30912815,0.6628853822096982
rs136455,30914598,0.7551072560221489
rs136457,30914659,0.7551072560221489
rs136458,30914710,0.7551072560221489
rs136460,30914826,0.7551072560221489
rs136477,30918352,0.7551072560221489
rs136478,30919023,0.7670215620492351
rs136487,30923129,0.7612742913649811
rs16990001,30930915,0.7700449037931321
rs5994491,30934717,0.8745188405918165
rs5994496,30934989,0.9962156184378691
rs713766,30936790,0.8342595136058963
rs1467388,30937057,0.685391742711972
rs738203,30937074,0.7004613771011057
rs1467389,30937116,0.8342595136058963
rs12168696,30941862,0.7780675899310427
rs8142488,30945004,0.8845206966808856
rs9621409,30946657,0.6277823883980727
rs5998317,30947062,0.8004643945306031
rs5998320,30949215,0.8936689011898147
rs2294205,30951211,0.7130967626476575
rs2294207,30951469,0.7428596088488775
rs2294208,30951619,0.8089367196947549
rs8137034,30952539,0.7428596088488775
rs7292474,30954064,0.8828294362425532
rs2179065,30954603,0.844692207817058
rs2179066,30954868,0.8243652988416634
rs5998323,30956616,0.9050144445087066
rs2068209,30956908,0.7571096586314854
rs9621414,30958436,0.7097674337284552
rs5998328,30963505,0.992507184275358
rs5998329,30963785,0.8243652988416634
rs7289531,30964183,0.9984119238968125
rs5998330,30964704,0.9050144445087066
rs5998331,30964877,0.4564394303492423
rs7291681,30966089,0.5249150914962377
rs6518765,30967175,0.29922620524834154
rs2294209,30970057,0.8899841561366268
rs2235168,30979431,0.8268152751886282
rs16990065,30981306,0.42456924693877096
rs16990066,30981563,0.4237097051379052
rs5998351,30984975,0.8621040659439976
rs5994515,30985284,0.812432148015667
rs5998353,30986022,0.6901798400760728
rs5998354,30986177,0.6901798400760728
rs5998355,30987397,0.9331436341174969
rs7285242,30993153,0.8689973867136509
rs10439908,30994241,0.5709562479811292
rs5998364,30994612,0.6904187505146007
rs738202,30995789,0.5374602039236054
rs16990070,30996087,0.24679460362031336
rs4821041,30996627,0.1141569659362468
rs4821043,30997097,0.19056637476816962
rs5753905,30998008,0.22072117677875014
rs16990082,30998417,0.1141569659362468
rs5753907,30998527,0.5697742730780049
rs16990084,30998603,0.20375148924605757
rs17687000,30998726,0.5894654791076442
rs5753908,30999819,0.6388810179178666
rs11703509,31000765,0.3447528295007126
rs11703659,31001073,0.49860630560239394
rs5994522,31002792,0.7673761800525143
rs5753911,31003459,0.4967152657450363
rs5753912,31003529,0.6388810179178666
rs4140502,31006796,0.22373417978389742
rs4140501,31006841,0.7478670845220701
rs16990106,31013073,0.9691660005442729
rs5753917,31013165,0.6748893905696763
rs713764,31013378,0.6748893905696763
rs5753933,31020240,0.3980224479191311
rs5749384,31029455,0.3980224479191311
rs5749386,31029547,0.9549501072060566
rs5753950,31029673,0.3980224479191311
rs9609502,31032078,0.3980224479191311
rs5753956,31032816,0.265330887165106
rs4302308,31033072,0.3504953753960717
rs2049911,31033292,0.9549501072060566
rs1109611,31034377,0.952357887696461
rs11705507,31036904,0.6276515929559967
rs4821055,31038691,0.9411366104711523
rs12166399,31040850,0.858779809639989
rs5753962,31041517,0.9550642121445112
rs5753965,31043762,0.9411366104711523
rs7285170,31044214,0.7088153054475119
rs7285187,31044339,0.11951180093177985
rs5994537,31044912,0.5934913384455742
rs5753966,31045559,0.7888592449314017
rs17687961,31046927,0.7292745268599408
rs5753968,31046956,0.20640814929074902
rs5753974,31049049,0.27673294049226027
rs5753976,31049204,0.27673294049226027
rs11704175,31049246,0.7355780631997688
rs4821057,31049481,0.6283844204821465
rs16990197,31050404,0.0965252270271272
rs5998412,31050439,0.6283844204821465
rs9606938,31050627,0.3405074510103254
rs2072809,31051624,0.23226622583833056
rs2072811,31052656,0.1337257935040361
rs2281032,31052963,0.4784666566696143
rs2281033,31053020,0.3879087729733748
rs11703126,31053157,0.7591290840430662
rs2076039,31058869,0.5118054663916995
rs2076040,31059530,0.4657331051004975
rs5998424,31062452,0.44893139699602835
rs5753991,31068182,0.6666936473504332
rs5994550,31068469,0.8497575190195429
rs2076034,31070044,0.6666936473504332
rs2413108,31070441,0.967600974727838
rs9609515,31070795,0.5860335083179082
rs11703546,31071123,0.46130643312269914
rs4343557,31074045,0.6953652998153353
rs5998432,31075916,0.7703541115879793
rs5749407,31075953,0.4395399804887199
rs5994553,31082707,0.320265654603495
rs5754009,31084993,0.8776246454418919
rs9609516,31085074,0.35483187590105814
rs5749409,31086899,0.8776246454418919
rs5754018,31088417,0.8776246454418919
rs11913841,31088843,0.6366904688761977
rs5998440,31089025,0.47438724833716583
rs5998450,31092902,0.320265654603495
rs5998451,31092937,0.38352688203009544
rs5998455,31093595,0.320265654603495
rs738267,31093787,0.46247884688522145
rs5998457,31094397,0.8776246454418919
rs5998458,31094720,0.320265654603495
rs5998459,31094760,0.8776246454418919
rs12165392,31094881,0.4412954426361094
rs12484208,31095949,0.320265654603495
rs12168441,31096927,0.4662590575185164
rs5754035,31097538,0.8776246454418919
rs5754036,31097669,0.38352688203009544
rs5749412,31098551,0.38352688203009544
rs738268,31103266,0.3497916772973918
rs2076036,31104129,0.29767438529775736
rs2076037,31104525,0.4647863852186588
rs9621435,31104944,0.5338498656255184
rs5749416,31107123,0.5838073449306982
rs9609518,31107206,0.9119630390935954
rs9619261,31107364,0.1922420067071423
rs7287452,31108254,0.1089429139785763
rs2413113,31109227,0.20839624608912233
rs7287726,31109924,0.17168197838077837
rs11913815,31112118,0.06905165392022695
rs2281034,31112128,0.6480171418718429
rs6518774,31113301,0.5200405582884786
rs12530,31113904,0.4909607285129671
rs5749420,31114051,0.9308274555199457
rs5998471,31116217,0.9087667614369725
rs5754063,31119520,0.7498848843349005
rs2281035,31120644,0.8794337439638782
rs2072817,31120810,0.4662590575185164
rs8141075,31121355,0.5200405582884786
rs2281036,31121495,0.5070460174309819
rs5998473,31121508,0.1922420067071423
rs742097,31122442,0.644841250359846
rs2294311,31123269,0.5657718770424175
rs2294312,31123384,0.8525778298554911
rs5749426,31125641,0.5070460174309819
rs9609527,31125751,0.58401159850511
rs11913228,31126668,0.45051408057783326
rs16990408,31133591,0.1922420067071423
rs5754073,31134313,0.20794533634539825
rs2076044,31134665,0.3534898006370444
rs5749430,31136331,0.23197156974250976
rs715629,31136595,0.5991174869666804
rs9619262,31137375,0.8857212467608225
rs9609537,31137769,0.4158629248208562
rs11545749,31138078,0.1922420067071423
rs2049948,31138355,0.1389511261448381
rs12167726,31138826,0.1922420067071423
rs734809,31138998,0.58401159850511
rs742096,31139223,0.9308274555199457
rs9609538,31139832,0.40288837040667025
rs5998478,31141952,0.09213793345322249
rs16990428,31143776,0.9308274555199457
rs5749432,31147147,0.12212063119568495
rs2076048,31151139,0.1543173419314067
rs1543320,31153071,0.2537126560394295
rs5749436,31153156,0.09149254004739901
rs9609551,31158343,0.5727907821535754
rs6518776,31160958,0.13681675872472035
rs2076050,31161540,0.6102560083753099
rs2076051,31161809,0.3011083186037825
rs2076054,31162874,0.4765357194797537
rs738261,31163169,0.1307422817387151
rs17691669,31164043,0.6370835240629991
rs9609552,31165459,0.4396616246553525
rs12167810,31166632,0.3099027408517201
rs11704027,31166684,0.8863969130653385
rs5754086,31166709,0.5444001503050178
rs2092136,31168255,0.46819551410999405
rs2179166,31168376,0.46819551410999405
rs5998492,31168494,0.7295211522715098
rs9621451,31170695,0.5257563689042424
rs17691853,31171760,0.9141997437756523
rs9621453,31172314,0.8724701366868415
rs2076033,31172348,0.7537409437610691
rs4821063,31173436,0.7537409437610691
rs760656,31173938,0.47798091452283087
rs5754090,31175403,0.6505901688888492
rs9609555,31176619,0.5972185269181214
rs9609556,31176707,0.7789930829794994
rs6518779,31177116,0.5080874850863315
rs7289943,31178703,0.30435937350678954
rs11703151,31179712,0.6263660908083742
rs11703361,31180349,0.6263660908083742
rs12628214,31180800,0.4159279197410437
rs1001794,31180930,0.8542835985618267
rs5754097,31181712,0.18678112577847572
rs9621455,31182077,0.9812124989067064
rs9621456,31182151,0.9812124989067064
rs5749440,31182722,0.9023889120479551
rs5754099,31183590,0.9812124989067064
rs9609559,31183660,0.3420743827521614
rs5998498,31183948,0.7282567535906848
rs12628404,31184857,0.5158447482528057
rs5749441,31185200,0.6480009812286991
rs1109363,31186516,0.577781567049239
rs1109364,31186594,0.7789930829794994
rs9609560,31186999,0.8012604281729694
rs880867,31187077,0.21263216075075964
rs760657,31187285,0.1378741981678985
rs6518780,31187824,0.17723821004165352
rs5994572,31188428,0.024600736848753413
rs5754105,31188484,0.04714749974211816
rs9606956,31188681,0.819255144457778
rs5998500,31189702,0.02144375564405072
rs8135723,31190250,0.06645496635225415
rs738263,31192382,0.6448179336326696
rs17692518,31192854,0.1692340066382988
rs9606958,31194879,0.7785384842715599
rs5994574,31196934,0.5358056946544304
rs3761435,31200574,0.5396674582389812
rs7291067,31203496,0.022129484128539708
rs11107,31205190,0.49992184249327565
rs715542,31205871,0.020734180364102652
rs1033407,31206647,0.014871437958103546
rs5754110,31208244,0.4779449880629213
rs9609567,31208510,0.7142658536073226
rs16990574,31209307,0.015753301077953478
rs4820079,31209617,0.022129484128539708
rs5749446,31210585,0.49992184249327565
rs17771806,31211581,0.029351872127732475
rs5749447,31212121,0.5609842617246641
rs3788448,31212808,0.5609842617246641
rs3788449,31213103,0.029181366159131927
rs2267179,31215780,0.49992184249327565
rs5749450,31216477,0.021279051865649556
rs738982,31216998,0.49992184249327565
rs9726,31217150,0.49992184249327565
rs12167840,31219558,0.9692822012529628
rs4820080,31227530,0.7142658536073226
rs9621472,31234634,0.17451019225326336
rs3213515,31234927,0.23832238556856256
rs8142304,31235451,0.2185597677065516
rs8142308,31235470,0.748158993696427
rs5998523,31238005,0.3781550714616061
rs4257479,31238291,0.38502715132583754
rs1056484,31238738,0.8830351414679375
rs11912802,31239251,0.869227090301251
rs710175,31239401,0.09706004675679072
rs2710369,31243298,0.07253247920905563
rs130448,31250648,0.6231328600139485
rs130454,31252409,0.6790806050271989
rs130456,31255170,0.3149327186862233
rs130457,31255244,0.22725002392392935
rs130459,31256413,0.9553212425136168
rs9680539,31257211,0.8668287544459655
rs762907,31260263,0.2652162752691025
rs762909,31260568,0.6192863807622944
rs135472,31262905,0.8779133906098789
rs2239764,31264139,0.7224422457561985
rs2239765,31264225,0.9008542237631251
rs135475,31264659,0.9008542237631251
rs5754135,31265220,0.4779515658005118
rs5749457,31265403,0.8526973608368661
rs5754137,31265425,0.973485485577885
rs5754138,31265552,0.973485485577885
rs4821071,31266049,0.9556895280332086
rs5754141,31266298,0.9679414489493434
rs135478,31266813,0.7636910170811748
rs2213407,31267401,0.9687206067080534
rs135479,31267740,0.9399301187039578
rs739006,31267959,0.9542577186991201
rs2858335,31268416,0.47968002734192305
rs12628631,31269719,0.7127776085432198
rs2858337,31269814,0.8966794082302948
rs2213405,31270660,0.8466569651766626
rs2710373,31272352,0.896030139107281
rs11704399,31272796,0.7032990657641687
rs2710375,31273741,0.8547519135910471
rs11089573,31274778,0.6082416285387395
rs5754144,31276113,0.8966794082302948
rs4507,31276319,0.8343104666654237
rs2105865,31280053,0.47887739711614286
rs2710381,31280104,0.5568159755443673
rs4327315,31280277,0.17320317607352242
rs2858344,31281349,0.44815091531618856
rs9606982,31281827,0.042483936362910556
rs2157188,31281941,0.8527273071297181
rs9621488,31283435,0.7062106288956517
rs9621489,31283459,0.751007581915512
rs2710386,31284443,0.552384274190082
rs4821073,31288641,0.18045383417285932
rs743762,31289350,0.5305617889378631
rs5998541,31289473,0.37787208672085204
rs1016741,31294990,0.21072202675964757
rs1016742,31295049,0.2924005233985434
rs3788455,31296267,0.27263561451739604
rs2858347,31300662,0.23773213679366356
rs1962222,31301900,0.35838016327208966
rs13347218,31303070,0.5289363785475616
rs5754157,31304574,0.5305617889378631
rs7291985,31305659,0.25494554646597933
rs3788463,31308251,0.30209422528056895
rs9606986,31308679,0.12028119096790843
rs2252907,31310197,0.18373555553190635
rs13053925,31310455,0.29195700666723257
rs2858734,31310607,0.18373555553190635
rs2858737,31310676,0.4072380134972584
rs131048,31311332,0.12028119096790843
rs4577393,31315687,0.14829099752777314
rs739104,31317955,0.6754758827834388
rs1009401,31318254,0.5951286500634607
rs2858723,31319141,0.4072380134972584
rs8142270,31320273,0.2061752950596859
rs5754162,31321307,0.14883525586920446
rs5749468,31322389,0.2262733928952979
rs2858729,31325281,0.5376056746998505
rs5998551,31325751,0.5608726000533955
rs16990824,31329059,0.9829418769349905
rs16990827,31329768,0.6052349044359944
rs2710359,31329830,0.7602133346181704
rs7364201,31330069,0.3442636169971295
rs11704930,31330394,0.38325176216495993
rs16990831,31331276,0.013399260170101462
rs9784225,31331950,0.5734010440576414
rs762968,31333307,0.5909943577229073
rs5994593,31336967,0.001913595001805063
rs2858226,31340757,0.12907748234048663
rs9621508,31343062,0.012499184342641613
rs16990857,31345565,0.010129156629344016
rs9609603,31347869,0.012245136779230285
rs2858223,31349789,0.7045863890679988
rs5749473,31350619,0.95508219657873
rs3827336,31350998,0.02287500608260579
rs3788466,31351338,0.5440386827005539
rs3788467,31351647,0.31552145448212954
rs16990867,31352887,0.099550006221401
rs2051568,31355155,0.006688157075150994
rs2051569,31355180,0.11958058560040735
rs8139704,31359970,0.5797852257983289
rs7511209,31360026,0.3927554739968998
rs8140105,31360298,0.19330615333542722
rs9619281,31360363,0.8226303430307924
rs8137407,31361176,0.5797852257983289
rs16990872,31361393,0.06810586895265028
rs13340089,31362041,0.19330615333542722
rs5994594,31362458,0.2973043603258848
rs9619283,31363048,0.07845752276283244
rs9609608,31367195,0.04596026040259071
rs1547412,31371767,0.2768291808624539
rs131065,31372209,0.13239496552749866
rs131067,31374995,0.0012987886978440397
rs8136076,31375411,0.4356063229036897
rs743758,31375619,0.5314235810402355
rs4820085,31375846,0.48508224223169394
rs762899,31376110,0.7689585672648769
rs4303813,31376628,0.9513999090922606
rs5754188,31378216,0.09095348086195962
rs5754189,31378338,0.8046547830409589
rs1012366,31378925,0.8046547830409589
rs3788476,31384131,0.8046547830409589
rs5754192,31384687,0.7015819091677393
rs4821082,31385042,0.37863093175966844
rs4820087,31385555,0.5364879959252957
rs2413142,31386492,0.7968629245634926
rs3788477,31387624,0.8424081451215308
rs3788478,31387746,0.7968629245634926
rs3788479,31388046,0.724625224386506
rs5994595,31388877,0.20603659299753196
rs2740985,31392037,0.5590179972460152
rs2740987,31393726,0.5606214077023716
rs2740991,31393742,0.18626846042547196
rs130736,31395216,0.23935265229459834
rs130737,31396430,0.23935265229459834
rs130738,31396502,0.40007049666852357
rs5994598,31398011,0.23508831229066018
rs114682,31398118,0.23281035228577285
rs2740982,31399689,0.18790788777570466
rs130743,31401083,0.2836148574308567
rs470033,31401432,0.12110392544919495
rs130745,31402146,0.3423852499311557
rs5749486,31407987,0.6025272868472995
rs4820090,31408792,0.936515401987211
rs1159220,31410753,0.29909216845422826
rs5998577,31412043,0.876350827606029
rs4821086,31413853,0.2148365084466275
rs3788483,31414345,0.29909216845422826
rs9621532,31414511,0.6355352478874714
rs916204,31416216,0.062308409538863914
rs713867,31417509,0.062308409538863914
rs1475978,31422669,0.1911972990576306
rs1475979,31423398,0.8786603001848479
rs12484429,31424375,0.062308409538863914
rs16991028,31425075,0.1911972990576306
rs5998590,31427662,0.4230210380055831
rs5998592,31429675,0.19527466081943012
rs10854627,31433918,0.1414158507808912
rs5754222,31433968,0.1751230050513991
rs737825,31434377,0.059516754355314734
rs756481,31435227,0.650268089271921
rs13054529,31436757,0.1911972990576306
rs5749498,31436947,0.650268089271921
rs7291198,31438058,0.19722755715584905
rs11703257,31438866,0.875334442304214
rs12170368,31441247,0.650268089271921
rs16991082,31442214,0.49080514587453605
rs16991084,31443375,0.1911972990576306
rs13058500,31445879,0.7297611270924251
rs743741,31446109,0.7297611270924251
rs743742,31446314,0.4433588784714093
rs743743,31446435,0.13454383987591517
rs5754232,31448048,0.4472808993109406
rs4821089,31448165,0.31351149720728
rs725338,31450576,0.590246008373873
rs12484015,31451330,0.2107456222597095
rs9621545,31451988,0.6804259017130272
rs2413145,31453444,0.925023409641909
rs2008206,31454633,0.6020532341046496
rs762885,31455848,0.6080840753786103
rs2413146,31455992,0.925023409641909
rs3788487,31457416,0.823559095256476
rs3788488,31457481,0.8643532271801925
rs3788489,31457505,0.7165038165614175
rs3788492,31458761,0.9376219729037132
rs3788493,31459022,0.7165038165614175
rs3788494,31459932,0.7165038165614175
rs4339044,31462890,0.6343800228427879
rs5998605,31463885,0.9484144493394302
rs5998608,31464399,0.2732728382903843
rs732446,31465768,0.8293294528249492
rs762884,31465922,0.06986975791411579
rs5998610,31468503,0.7291326795709463
rs3827341,31469230,0.03479535551369369
rs3788502,31469492,0.6686761954819378
rs5754244,31470411,0.15498165006501388
rs9606990,31470654,0.7917987829130022
rs5994617,31472908,0.5420598115755495
rs5754245,31474086,0.010657450215260583
rs9619305,31474874,0.16964110714431146
rs4821092,31475685,0.23161850672218753
rs5749503,31476283,0.007575507781922068
rs5754248,31477483,0.336582848509014
rs5754249,31477526,0.48721895622138844
rs762886,31478577,0.8487990646166526
rs5998614,31479936,0.5811224383921043
rs5754250,31481251,0.012163193395203909
rs1018790,31484974,0.49230707123606077
rs929014,31488023,0.6654966727943648
rs5998623,31488093,0.9235870513100344
rs4821099,31489636,0.6236226283340045
rs5998625,31489872,0.5811224383921043
rs3788504,31490397,0.41568334073914415
rs929015,31491150,0.5654082185144635
rs4820094,31491824,0.39002577887141066
rs8136169,31492718,0.9235870513100344
rs5749504,31492831,0.5654082185144635
rs5749505,31493050,0.5654082185144635
rs130527,31493549,0.7777466289796089
rs5754259,31493864,0.5681485514015834
rs4821100,31494460,0.5654082185144635
rs130529,31495464,0.7777466289796089
rs9606993,31497668,0.6654966727943648
rs2899194,31497851,0.5654082185144635
rs2413151,31497869,0.5654082185144635
rs5998632,31498882,0.4076940015018953
rs5994627,31499975,0.6236226283340045
rs135150,31500101,0.4626750228867538
rs4992163,31500856,0.4076940015018953
rs10212070,31501086,0.41411459147720575
rs5754265,31501838,0.4076940015018953
rs5754266,31502005,0.646213046314138
rs2413153,31502020,0.7663522461123093
rs4821103,31502612,0.4076940015018953
rs17503,31503944,0.4766318499502672
rs8142064,31504981,0.8783908725077825
rs130535,31505471,0.5331595294143503
rs130539,31506450,0.45563828138533835
rs5754281,31506766,0.5656640204330234
rs5754282,31506834,0.9210020904240112
rs713996,31507778,0.21523618855101034
rs11703138,31510544,0.37211085089824203
rs6518796,31511302,0.1076911896064142
rs5754285,31511341,0.025687424882944024
rs6518797,31511349,0.1076911896064142
rs7292199,31511575,0.3675265610969092
rs130555,31513789,0.3989176220809574
rs135152,31515597,0.02518408431389001
rs10483165,31517342,0.5963909582438243
rs737088,31517942,0.16810657135908458
rs7287772,31518307,0.4653927121859833
rs130559,31518536,0.5366617620861852
rs738990,31519459,0.37211085089824203
rs130561,31521373,0.379337305876257
rs135153,31521491,0.6238375087435923
rs13054779,31522189,0.42840425599829723
rs5754289,31522544,0.07251599212487413
rs9619311,31526693,0.06532494326760512
rs135025,31532478,0.451788632873416
rs130274,31534334,0.288215336223846
rs130275,31534987,0.5444520727759742
rs11704261,31536863,0.41141350184716663
rs713685,31538437,0.10950352673143662
rs738992,31540005,0.6896350048362639
rs5754296,31540654,0.04361050142329099
rs135026,31542769,0.6825562475249238
rs242089,31543319,0.6896350048362639
rs130287,31546760,0.5444520727759742
rs242088,31549887,0.6896350048362639
rs181425,31549938,0.7930487990444929
rs242085,31551030,0.6896350048362639
rs130293,31551939,0.5148603739345279
rs5749524,31554285,0.36974216929378634
rs80272,31554779,0.937313539161784
rs135028,31558070,0.9879614970054451
rs242078,31558692,0.1703235471028598
rs11703156,31559804,0.14875437959104218
rs242076,31559830,0.12709935564068503
rs743751,31564179,0.9271772342161033
rs130301,31564199,0.9879614970054451
rs715572,31564931,0.27589667495778114
rs8136803,31567112,0.9271772342161033
rs130305,31567719,0.9879614970054451
rs11704023,31569710,0.9492397578662346
rs135029,31570290,0.8696525138065361
rs242069,31571769,0.014606994334810408
rs241890,31572162,0.07029621620144069
rs2283883,31573656,0.09377770509577912
rs1427385,31574314,0.5101060236455912
rs5754312,31574421,0.6527603095810394
rs2071947,31576032,0.09377770509577912
rs2283885,31578902,0.09377770509577912
rs12165359,31579271,0.46008228027368314
rs933255,31579873,0.321800137112371
rs2267183,31581033,0.6527603095810394
rs9609643,31581059,0.30383321212341186
rs137484,31581279,0.7424360226818132
rs4999923,31581408,0.11852640352294175
rs1427378,31582041,0.43811070973824384
rs11547635,31583292,0.6099340841230192
rs137485,31584283,0.8985066006373722
rs1427384,31587322,0.17096487297608265
rs2267184,31588050,0.14632939568001346
rs2267185,31588217,0.6857460674878013
rs1065314,31588288,0.17510391530137825
rs5754315,31589064,0.12415737070172035
rs137487,31589104,0.5967371668477158
rs5749529,31589625,0.2712557635638002
rs137489,31592935,0.07309599915027275
rs2040435,31593431,0.3695905820841706
rs5749531,31593558,0.12415737070172035
rs1543803,31595922,0.17096487297608265
rs2040437,31596415,0.14632939568001346
rs241905,31596865,0.7253172088252079
rs137494,31598574,0.07309599915027275
rs5754321,31600461,0.06854284736281994
rs5754322,31602699,0.06854284736281994
rs10483166,31604166,0.8027839901190857
rs1991375,31605735,0.07804295154305238
rs137500,31606686,0.2239257926973739
rs137501,31606907,0.8601621585743026
rs13057857,31607425,0.5374081459252253
rs12169637,31609447,0.025111154883656523
rs80689,31610097,0.06715415521947059
rs137507,31612971,0.2575132596371108
rs241895,31614335,0.991526622796304
rs137514,31616796,0.4382810776856091
rs9609652,31617772,0.20080276026920174
rs241892,31618633,0.5539326373369109
rs715555,31618875,0.4960402863884473
rs137515,31619751,0.203500808576072
rs2016169,31621162,0.20080276026920174
rs137518,31621742,0.058223803330065195
rs241882,31622913,0.8448970505296561
rs137525,31626139,0.2575132596371108
rs137527,31627664,0.5653596547815376
rs137528,31628130,0.255014434129329
rs5754331,31630101,0.3277086688678833
rs137537,31633500,0.07214854811516634
rs13054818,31635481,0.8136867969375299
rs9609653,31637066,0.29120724702136
rs137543,31638118,0.03198687410809199
rs137547,31641455,0.34096280317861605
rs241887,31641711,0.7632737748251044
rs137548,31643367,0.21328818815640094
rs13053593,31645675,0.42840425599829723
rs9609656,31646280,0.21063010297736695
rs137549,31646639,0.34096280317861605
rs929111,31649208,0.30449417235193965
rs715621,31654871,0.32927611213414376
rs10483167,31655803,0.9757059073863825
rs25112,31662712,0.38951339147829467
rs241758,31675670,0.8283605418947346
rs17779789,31677576,0.29748368354562493
rs11704652,31678093,0.4525362104324243
rs241764,31689541,0.7171923658526054
rs756550,31693420,0.6841438414758415
rs11089599,31693999,0.3979632867531586
rs2042794,31694457,0.3979632867531586
rs2081727,31696051,0.3979632867531586
rs11703670,31698116,0.3045497910093836
rs241729,31704127,0.9299046278760049
rs241730,31705704,0.2108160859402164
rs241732,31705960,0.5932278179010475
rs241707,31708834,0.5932278179010475
rs241713,31713419,0.27682820371497074
rs241715,31713563,0.5141400566320511
rs241716,31713799,0.09191872603353737
rs241723,31715841,0.21018507796821972
rs9609679,31718996,0.5007219017779525
rs133928,31723651,0.2613043980569383
rs133937,31725851,0.34327260651363045
rs133940,31727425,0.6248236287715195
rs470006,31728069,0.19172255384535952
rs12158631,31728214,0.32105961431667207
rs71699,31731215,0.494812582166374
rs133942,31731355,0.494812582166374
rs133943,31731784,0.494812582166374
rs133945,31732843,0.19172255384535952
rs133946,31733278,0.19172255384535952
rs133949,31735273,0.19172255384535952
rs9609680,31738519,0.4132541871890194
rs5998693,31741326,0.2930764467861957
rs470008,31741446,0.4535966269468521
rs78506,31744164,0.18672347178447246
rs12159195,31747607,0.32105961431667207
rs470011,31748564,0.582927454690673
rs9609681,31749847,0.6870588071120621
rs5994654,31750266,0.1775380349711596
rs739143,31751826,0.4622921579590821
rs470012,31752090,0.7425676704288031
rs133967,31752218,0.8667425068224095
rs133968,31752506,0.7425676704288031
rs470013,31756329,0.6145725834080722
rs9609684,31759708,0.9017584682343402
rs9609686,31760734,0.9017584682343402
rs12484058,31760898,0.9608306374450404
rs8138938,31761164,0.21353744253942397
rs9609689,31763761,0.7260227709350057
rs1894536,31764836,0.5006877333053874
rs9607007,31769006,0.6515707378651954
rs5998705,31770135,0.2583202704017775
rs10483168,31770219,0.060952275222453646
rs2027846,31773903,0.15249003294340313
rs5754395,31774278,0.5935041464961994
rs5998709,31775313,0.2622831954846089
rs5754397,31775961,0.36414192428482495
rs9619326,31776937,0.45050652298596827
rs2068324,31777309,0.4623583696325898
rs2413163,31777946,0.45050652298596827
rs5998711,31778084,0.20348476265010496
rs5998713,31786090,0.07959306006784853
rs5754400,31787884,0.4160241439460235
rs5998714,31789131,0.4833550132984936
rs1547420,31792117,0.45758400794072185
rs11704339,31792366,0.5553149724652924
rs13053449,31792739,0.47178542342868934
rs5754403,31793550,0.45758400794072185
rs9621631,31797057,0.4428612426573717
rs16991758,31798005,0.8587906584028024
rs8142672,31799031,0.6026117349235331
rs5754405,31803308,0.6026117349235331
rs16991760,31804244,0.8587906584028024
rs2213533,31808266,0.4428612426573717
rs2040403,31809580,0.8354906359069542
rs9609705,31812112,0.7991477943805698
rs4821127,31818404,0.6384198420000178
rs739142,31821853,0.7611656569615836
rs1894535,31822082,0.16114250879747427
rs8135220,31823432,0.16114250879747427
rs2027847,31824722,0.7040283109760885
rs5754425,31828970,0.670107408874598
rs137296,31830311,0.12446659144748204
rs5754429,31831556,0.9370407178855614
rs5749557,31831743,0.07011196399471054
rs137297,31832167,0.49988842931111455
rs137299,31835054,0.5074913484586513
rs16991792,31835498,0.5074913484586513
rs137303,31837833,0.4860814839552149
rs137304,31838318,0.11821239246392852
rs4445,31838996,0.09304534939324093
rs2413167,31839566,0.14746751187772708
rs5994673,31841194,0.025658770653482224
rs16991802,31842743,0.19478442349332148
rs13054205,31843085,0.17919409016793975
rs137309,31844133,0.09037760892652745
rs137313,31847654,0.009233884465716402
rs10154539,31849579,0.308740997786934
rs137320,31851339,0.012257120378920327
rs137326,31853109,0.012257120378920327
rs137327,31853431,0.0809866522040639
rs11089606,31854046,0.3577680498324569
rs137332,31855241,0.015952595392443644
rs137343,31857405,0.015952595392443644
rs2157222,31857873,0.08072442483618973
rs5998746,31858710,0.04227531435953102
rs2301412,31860040,0.08072442483618973
rs5754442,31861335,0.08072442483618973
rs5754443,31863145,0.012830457687614231
rs5754444,31863177,0.012830457687614231
rs2899201,31865376,0.012830457687614231
rs17719726,31868258,0.17764210276026537
rs17719786,31871547,0.590199468863031
rs5998759,31871671,0.012830457687614231
rs7292645,31872464,0.5718700453720318
rs5754466,31872526,0.03195129379486661
rs5994682,31876943,0.7456831455854327
rs7293214,31878061,0.09421238471072092
rs713697,31879485,0.012830457687614231
rs5754473,31883729,0.02277762023746362
rs5749571,31883809,0.01475777331491908
rs2227079,31886128,0.3674430412893449
rs1894487,31886550,0.02277762023746362
rs2227080,31888767,0.017116672741732793
rs739073,31889230,0.978470779492624
rs4420793,31890980,0.2423056102130301
rs9609728,31891625,0.07966871574434899
rs743793,31891746,0.051669711188377286
rs743794,31892683,0.31925721550049424
rs9609729,31892887,0.01434069175674205
rs1476005,31893617,0.31925721550049424
rs916244,31893878,0.09131494227405806
rs1015740,31894443,0.011649366253226061
rs1476006,31894759,0.3506606832977841
rs5994685,31895203,0.011649366253226061
rs10483170,31895885,0.7593029014371546
rs4821132,31896587,0.0899750428519039
rs9609731,31897361,0.07966871574434899
rs2213457,31898560,0.7593029014371546
rs16991928,31898575,0.31925721550049424
rs137357,31903529,0.010860973668866507
rs7284510,31904461,0.31925721550049424
rs137362,31905671,0.009873381273605545
rs13055004,31905820,0.12531708863423255
rs137390,31912106,0.009873381273605545
rs2097372,31913233,0.31925721550049424
rs137404,31914268,0.009873381273605545
rs137421,31918224,0.010718842503092288
rs7289448,31919432,0.25475513785764703
rs137439,31924459,0.009873381273605545
rs12484476,31930759,0.14634059479467776
rs8140034,31934383,0.19320691384159094
rs5994697,31937304,0.942065038030892
rs137461,31945206,0.07202387448090979
rs137463,31946805,0.04056369606093279
rs5749579,31947801,0.35889926540760664
rs137466,31947882,0.0768975286117687
rs118033,31951056,0.12140628968726146
rs16991998,31951222,0.30859148567576533
rs137475,31957221,0.15181612828996352
rs5998822,31958586,0.23838361219276072
rs2001070,31961908,0.12153158781825697
rs137477,31962851,0.08142603064844395
rs16992007,31968315,0.3186681967844852
rs9619337,31976543,0.031931447977109076
rs5994705,31977908,0.08502504729469217
rs8140859,31980045,0.45116758822658776
rs1013603,31982454,0.045266372331050776
rs5994706,31989787,0.24628779006458335
rs4821137,31990345,0.0003781358027675659
rs4821138,31991764,0.0005163572460667737
rs4821139,31994352,0.003325495606663388
rs12171120,31997767,0.46796537577816366
rs16992029,31998879,0.10653176681434286
rs17722172,32000584,0.23481112464194442
rs2075921,32002894,0.4597710169568915
rs7285350,32008629,0.32386587400730593
rs17795326,32009005,0.11689000398001766
rs5749598,32013442,0.5162078116524307
rs5754506,32013735,0.08955594914246089
rs5998850,32018186,0.08955594914246089
rs5754509,32020447,0.08955594914246089
rs5754510,32020667,0.11689000398001766
rs2267187,32021417,0.7370275175581565
rs5749602,32021747,0.10633353078245071
rs5998860,32027034,0.10522960474525805
rs9621675,32028546,0.10522960474525805
rs16992105,32030948,0.22104779274044206
rs12158355,32031078,0.019673551374070966
rs9609757,32031527,0.059999696399999795
rs10483171,32034495,0.9137885404639452
rs130249,32035684,0.019673551374070966
rs8138316,32036143,0.496903025079792
rs8138572,32036201,0.2422802329838729
rs130250,32038680,0.03542899287761236
rs135019,32038859,0.2959530556752221
rs1041875,32040214,0.5879566517616208
rs5754521,32041229,0.06395445357648027
rs9609759,32043686,0.5923483654155726
rs2267189,32045131,0.39441827796880735
rs2267191,32053292,0.5923483654155726
rs8138098,32056472,0.4284514411014865
rs12484156,32056663,0.5875396084029274
rs1967965,32057723,0.5923483654155726
rs2283888,32058020,0.5744219455500694
rs2283889,32058035,0.5744219455500694
rs5998876,32059763,0.3601171022829448
rs5998881,32060575,0.3448465211538152
rs8140876,32060891,0.3448465211538152
rs5998883,32061035,0.3448465211538152
rs2285106,32063995,0.5942158584965886
rs2032474,32064396,0.7687288596707628
rs9680635,32065607,0.3448465211538152
rs5998887,32067243,0.3448465211538152
rs5749605,32070357,0.9239677632780039
rs4401302,32070860,0.9317216751987067
rs2142550,32073341,0.9926327701298198
rs17723309,32076624,0.16870683785648577
rs9607033,32078362,0.9484873224062131
rs2283894,32079276,0.9200819695723285
rs2283895,32081863,0.8597029238506384
rs11705225,32090604,0.2478559915304268
rs2413180,32095453,0.8592936613684115
rs9607037,32100012,0.7353773242561511
rs8137418,32100445,0.16968365899989746
rs11703347,32100622,0.7218325317777172
rs2413181,32104359,0.6026318570195723
rs2413182,32104453,0.6026318570195723
rs7286572,32106430,0.33749648396595333
rs5998902,32107269,0.7218325317777172
rs16992225,32109182,0.3499242602005185
rs9607039,32110897,0.533698716661279
rs5998905,32116170,0.9025514515036603
rs9609775,32116251,0.7353773242561511
rs12628963,32116342,0.3499242602005185
rs715487,32121374,0.6026318570195723
rs16992256,32124178,0.6777435193691547
rs7285067,32126882,0.7573877441713674
rs8136357,32127362,0.875250865095607
rs7290813,32127682,0.6777435193691547
rs713960,32128116,0.9122713743279842
rs2283899,32128202,0.6777435193691547
rs2283900,32128221,0.8251650211437995
rs9609779,32129128,0.6777435193691547
rs2283904,32130119,0.915949858960229
rs2267199,32131379,0.9458897502580508
rs16992276,32131983,0.8251650211437995
rs11703802,32134510,0.5511362794580437
rs17802641,32135341,0.13074486340602032
rs7287710,32137636,0.4653119838849247
rs5998935,32137835,0.8257675192857837
rs9609781,32137967,0.4717437959065226
rs8138216,32138425,0.7037020787759536
rs1004811,32139429,0.5685885494968733
rs2267204,32146222,0.4187514393075087
rs8138344,32150256,0.5685885494968733
rs9607044,32150350,0.33084240316390856
rs742011,32153409,0.7037020787759536
rs9609793,32155640,0.415097840029108
rs2267205,32155650,0.9160513961884413
rs724775,32156321,0.4187514393075087
rs724776,32156566,0.5847432110096034
rs11913609,32158765,0.433284229791433
rs5998940,32158944,0.433284229791433
rs5998941,32158996,0.8406570825999831
rs760541,32161448,0.433284229791433
rs760544,32161799,0.3522443873125499
rs2267206,32162148,0.8900023805941687
rs2255556,32162317,0.8406570825999831
rs8141158,32164668,0.433284229791433
rs2413186,32166791,0.9527178728356829
rs16992342,32170160,0.6413807068598496
rs5998946,32172454,0.8754939433052222
rs5754554,32173347,0.5127146707964099
rs9607047,32173597,0.9928204940552096
rs9609802,32176914,0.2604043475756186
rs8140002,32177076,0.308684682233751
rs5754558,32178010,0.6737635169600318
rs7285886,32178092,0.8627851869619498
rs4820104,32187104,0.18156196480574793
rs4821148,32191275,0.18156196480574793
rs5754566,32192494,0.12437054394880342
rs2267213,32193218,0.12437054394880342
rs2267214,32193676,0.26250616159819173
rs2413187,32194817,0.1670945548400944
rs2267215,32196854,0.1640735840573948
rs2032475,32202468,0.19700029756393667
rs5749617,32205161,0.26250616159819173
rs4821152,32209139,0.12437054394880342
rs2267218,32216848,0.18855744540948172
rs739026,32220629,0.12257095440768025
rs5749619,32221147,0.7270078922742876
rs1076913,32222590,0.36465771106677936
rs9306279,32223601,0.2837842251993916
rs5754577,32223805,0.2837842251993916
rs7290423,32224488,0.42410245352537124
rs16992462,32225036,0.8453688195373699
rs2301404,32225535,0.3431635306300884
rs9609813,32228427,0.09320625442295712
rs4239872,32228451,0.3427186663423446
rs4821153,32228484,0.37816483455559025
rs7291415,32232059,0.9595357890609338
rs2267221,32234676,0.5767097206470142
rs2267222,32234754,0.5767097206470142
rs1540299,32237964,0.6934684739422051
rs11703178,32250421,0.4119348144656034
rs5754588,32254289,0.23643797075816597
rs5749623,32254483,0.15486609679399643
rs4821158,32255010,0.23643797075816597
rs2267226,32259352,0.2510674379938129
rs5749624,32262356,0.3705064189356515
rs5754594,32262381,0.3705064189356515
rs5754596,32262514,0.3919810586213831
rs5754597,32262624,0.42712068247804114
rs11704444,32263520,0.3705064189356515
rs4820106,32264464,0.2479821420701238
rs5754601,32265350,0.29994530430817024
rs5999003,32270002,0.5372320711974226
rs2283911,32271163,0.9830294811669218
rs5749627,32271915,0.4020567474636215
rs989557,32273284,0.7736095224360243
rs1547070,32274900,0.5381478647509008
rs3986016,32276783,0.391278492097904
rs2283914,32278917,0.4877186447054802
rs2283915,32279096,0.41427364782461906
rs762057,32280513,0.8223235450117272
rs762058,32280537,0.7045933435485296
rs713703,32286080,0.5545821144847581
rs743728,32288689,0.9342159598300867
rs3213513,32290714,0.11667253242427034
rs10483172,32291892,0.5822228421378364
rs5754611,32292949,0.9967256325283687
rs9609824,32293191,0.9998072032642995
rs4417800,32293790,0.2768841995035064
rs5754612,32294576,0.885430506894921
rs5749631,32295006,0.37613737095460753
rs3819662,32295497,0.8596063800146949
rs3819663,32295639,0.28103193078029176
rs2267232,32296965,0.48492940075958235
rs2413194,32297289,0.885743243644297
rs9619358,32297686,0.13349318971639815
rs1807469,32299016,0.7829608321677937
rs5994776,32299514,0.7438143547609677
rs9607058,32300493,0.47329693717895405
rs762880,32303415,0.9665825695706385
rs1894448,32303512,0.858193902374607
rs2267235,32305998,0.9800436706737709
rs135116,32308311,0.8540117621136032
rs130420,32308458,0.786814441775064
rs20301,32313594,0.8617145546773043
rs130423,32314394,0.786814441775064
rs7293114,32315315,0.7295446067848399
rs738971,32316543,0.6753811322503458
rs2413195,32320203,0.5514131729501641
rs9609835,32320431,0.7829608321677937
rs11089627,32323081,0.8672282370784098
rs11913203,32324118,0.7058888679859816
rs1122905,32324229,0.7829608321677937
rs11913997,32325211,0.7829608321677937
rs8135942,32325466,0.7295446067848399
rs1475980,32326202,0.9226777516617201
rs2267239,32328541,0.7999835749967805
rs695509,32329325,0.7999835749967805
rs2239746,32330175,0.7999835749967805
rs695504,32330230,0.89835517695338
rs695366,32330928,0.7999835749967805
rs695271,32332731,0.9744239574842956
rs4239873,32338430,0.9171709323828233
rs10483173,32339001,0.7829608321677937
rs762859,32341334,0.9341340097089843
rs9306281,32343807,0.7999835749967805
rs240595,32348750,0.9171709323828233
rs240593,32350185,0.7999835749967805
rs240591,32350543,0.9171709323828233
rs738961,32351461,0.836227035453145
rs240590,32351876,0.8214480521928661
rs86487,32352284,0.73299725953039
rs2413196,32353995,0.838595259587685
rs240588,32354097,0.9341667380266696
rs5749640,32354204,0.8244899020544734
rs11704879,32356303,0.39997108638353795
rs4821169,32377708,0.18219646290612312
rs240339,32378934,0.3363236054167078
rs19801,32380561,0.3025917942191162
rs240342,32381845,0.29631920774115283
rs240343,32383443,0.2645671287163397
rs9621748,32383620,0.20209685979233893
rs240345,32388812,0.29631920774115283
rs240346,32388890,0.29631920774115283
rs240348,32389487,0.34261623519346474
rs240350,32389719,0.2645671287163397
rs240351,32390303,0.2645671287163397
rs240354,32391156,0.4108367793078722
rs240358,32396384,0.27620572834362134
rs2267249,32396846,0.28010935751445454
rs5754634,32397868,0.2630314453403886
rs4821171,32400673,0.6515678033141221
rs4821173,32400821,0.7618469309683013
rs2283928,32401608,0.3678048179637954
rs2267255,32403758,0.5842592603859131
rs7284268,32404461,0.5832634064680158
rs2267259,32407092,0.9294672579192541
rs2267261,32410132,0.43734100630380557
rs17733539,32410571,0.2947105604855338
rs4821175,32413987,0.9277088821517278
rs5999059,32414086,0.8729362011838481
rs867128,32414846,0.4523842240482333
rs240070,32415088,0.5195515809165372
rs2016485,32416416,0.388322581932138
rs240073,32416494,0.6467955307733388
rs17806754,32417553,0.31205807711536626
rs240075,32418176,0.6467955307733388
rs6518834,32419182,0.4680026394413358
rs240077,32420362,0.6467955307733388
rs7285897,32420440,0.28569542916388957
rs2045314,32420873,0.7303366445282802
rs2051564,32421748,0.7273163463863545
rs240080,32426135,0.5293108736582577
rs5749646,32427765,0.9446672702602579
rs2283933,32428342,0.2816774835807935
rs240082,32428417,0.6021542650150438
rs2267265,32432803,0.7995263885403581
rs5749649,32434444,0.9291886916531388
rs8135841,32434923,0.47455563799038214
rs2018139,32435222,0.8735465447974565
rs734063,32436006,0.8285860965055717
rs12158758,32436384,0.939084565698748
rs2267267,32436551,0.5412077091171428
rs6518838,32436745,0.26208879485625136
rs2267268,32436853,0.7388312810045217
rs8142640,32438174,0.5522363207496719
rs1979254,32440028,0.3652174444136752
rs2267270,32440284,0.1401414969658613
rs8141115,32440614,0.5522363207496719
rs5749650,32441641,0.047533452912702674
rs4821178,32441978,0.5752955742723793
rs2267271,32443589,0.13429136423388371
rs239315,32449866,0.8937150249400437
rs5999073,32451238,0.5949594504573481
rs2267276,32452979,0.7632909794997736
rs239322,32453789,0.2865091118543093
rs19964,32454976,0.2923173378037556
rs16992904,32455816,0.7134195210524998
rs7287954,32457850,0.6235331770783619
rs2267277,32458982,0.7953031948593213
rs5994791,32460860,0.9315268419839074
rs2267278,32460913,0.6131338915209688
rs1001213,32461736,0.9921200574745012
rs239327,32462955,0.25915221414994183
rs9621763,32463402,0.4490213575678964
rs9621764,32463667,0.3280141585759091
rs9619373,32463758,0.39228356379766094
rs2283934,32463896,0.5208703486167183
rs239328,32464304,0.25915221414994183
rs239330,32465007,0.25915221414994183
rs2283936,32465043,0.4887591211068769
rs239331,32465472,0.25915221414994183
rs16992923,32465756,0.9921200574745012
rs2267280,32465929,0.9921200574745012
rs239332,32467267,0.38682328109111475
rs2283938,32470021,0.8471627393563713
rs239334,32470955,0.5422045792654662
rs239336,32471321,0.359172138636185
rs17807797,32474498,0.7463578669051738
rs5999084,32474823,0.7134195210524998
rs11912486,32475596,0.9315268419839074
rs16992967,32476173,0.7134195210524998
rs5999086,32476368,0.8906742169509206
rs445198,32480984,0.7897253737720934
rs2283939,32482060,0.7969857648735832
rs491508,32482899,0.3137621580195704
rs483528,32483966,0.43375648880659734
rs2283940,32484020,0.26278858462004406
rs1008501,32484285,0.902255886167707
rs5999089,32484444,0.8142402754519975
rs238857,32486544,0.5067655543497179
rs238858,32486607,0.6882524036150908
rs16992986,32487526,0.26278858462004406
rs2267282,32489536,0.5943121350388358
rs7292121,32496081,0.7659630228204909
rs28374,32496139,0.7774090721374012
rs4821182,32498478,0.9249196515711418
rs238864,32498663,0.6459562071369516
rs238865,32499292,0.9679178467576228
rs670264,32501379,0.04056320356991409
rs5999095,32502049,0.40918114877916456
rs453075,32502461,0.6459562071369516
rs686137,32502588,0.6459562071369516
rs2267285,32502801,0.40918114877916456
rs666775,32508537,0.16984466004239918
rs11912964,32512108,0.1271519129629542
rs17735056,32513257,0.1421916339932009
rs5999099,32516633,0.5998223760074143
rs5754671,32516914,0.5998223760074143
rs2267287,32522621,0.1421916339932009
rs713840,32524745,0.5240404683569876
rs5749665,32526508,0.7774090721374012
rs5754678,32526626,0.14538405403418087
rs5754679,32527367,0.7774090721374012
rs8135273,32527802,0.31615074220632255
rs17735172,32528008,0.6809411569099305
rs2267290,32528628,0.03340495938359904
rs5999108,32531800,0.7496888128825883
rs5754682,32532284,0.9334062860787624
rs5754683,32532493,0.8337134856347153
rs9609873,32533231,0.5240404683569876
rs5749667,32533496,0.8337134856347153
rs13053313,32534930,0.5282540757761001
rs1018786,32536039,0.7488327872761309
rs1018788,32536144,0.15558704014606703
rs5999110,32536341,0.14849226080729938
rs5999111,32538570,0.09685605681972816
rs17310,32539701,0.44255346682799224
rs2267292,32540998,0.14849226080729938
rs2157088,32541435,0.6215497777760164
rs2267293,32541556,0.555452085620326
rs1573654,32541592,0.628495670348308
rs16993089,32542201,0.979716309651008
rs5754691,32542294,0.2854744107864824
rs2227023,32543356,0.6257487957646499
rs4821184,32543503,0.6215497777760164
rs2267294,32543718,0.45152998199153127
rs4820114,32545782,0.6526837586420074
rs4821186,32547224,0.770131029957009
rs5999113,32548798,0.18443441803907135
rs5754701,32549167,0.14849226080729938
rs5754702,32549219,0.8146932326212608
rs2267296,32549939,0.8023269035947185
rs5754705,32550943,0.6865033713750226
rs4820118,32553010,0.4203560159802351
rs5754710,32554062,0.3045076823686219
rs5994801,32554799,0.6911680939411233
rs5749677,32554868,0.8340803459348837
rs2267298,32554916,0.4707301592795732
rs2267299,32555482,0.7240172632954893
rs1894426,32556068,0.8248811397643999
rs1894428,32556185,0.8570157474432808
rs1894429,32556440,0.7721869966870634
rs3819669,32556592,0.09038256969496052
rs3819670,32556660,0.8570157474432808
rs3819671,32556685,0.8570157474432808
rs5999118,32557042,0.6644724559405286
rs5749679,32559105,0.49401833282954
rs13433559,32560190,0.5988467914462661
rs8142645,32562903,0.9178393887514481
rs12483818,32563005,0.8841591442988426
rs762836,32563567,0.8841591442988426
rs17808940,32564301,0.857557415756918
rs5754714,32565677,0.49401833282954
rs5754716,32568131,0.49401833282954
rs13058342,32568831,0.8841591442988426
rs2051553,32571811,0.504047012138179
rs2253085,32575401,0.9315310065837883
rs13057617,32577064,0.5988654011951089
rs2267306,32577794,0.9716250316414572
rs5749682,32578314,0.49401833282954
rs1009385,32579434,0.8841591442988426
rs764025,32579717,0.695682981150981
rs737726,32581544,0.7229792671376485
rs16993180,32582300,0.29567509653986745
rs5749683,32582374,0.8744652119506491
rs3827344,32582412,0.29567509653986745
rs2277840,32582545,0.8744652119506491
rs1002048,32583393,0.8744652119506491
rs4821194,32585628,0.29250443466879217
rs2187707,32585654,0.6756560436589403
rs17809399,32587133,0.18559310165210696
rs17736366,32587221,0.7925719563921059
rs5999123,32589921,0.18559310165210696
rs1009730,32590738,0.8242537361544915
rs8138735,32592416,0.8242537361544915
rs5999125,32593325,0.9199632342478208
rs738967,32595879,0.8744652119506491
rs7290399,32596265,0.9163672452491979
rs13054983,32596717,0.23680836422406348
rs9621787,32598317,0.8908482414614999
rs9621788,32598396,0.8908482414614999
rs9607084,32598423,0.4618476655262308
rs9607086,32599184,0.9806041749800913
rs5754731,32599491,0.5412355001137013
rs5754733,32599594,0.8880574121116582
rs11705063,32600568,0.5594168269071916
rs9621795,32601782,0.7795889189661692
rs7290176,32604556,0.6569435369247962
rs2283956,32605560,0.9901447123649348
rs11703305,32606095,0.691608745895904
rs6518841,32606698,0.6836173794142699
rs7287612,32607434,0.07651529461834741
rs5754738,32610249,0.5235851634652826
rs933215,32613144,0.6638578894232801
rs4821195,32616681,0.5521985388233492
rs17747599,32617350,0.3268728646621738
rs2213359,32617819,0.6084230004244475
rs2267312,32618044,0.2928954918532688
rs2283957,32618690,0.9965499271030525
rs738987,32618977,0.530648134803959
rs738989,32619115,0.6560746251406121
rs13055480,32619857,0.27422932212546025
rs1005680,32620235,0.43456984636557594
rs2213360,32621750,0.9563355713361622
rs5754752,32623516,0.6250171924577554
rs16993260,32630775,0.719233765630348
rs1540292,32634073,0.8414199719090784
rs17809826,32636103,0.1667814458562531
rs16993271,32637851,0.719233765630348
rs2267317,32637875,0.7632125644981154
rs2267324,32645294,0.5305712370679363
rs2267325,32645423,0.7899972373446795
rs2267327,32645577,0.8232011891372463
rs2267328,32647623,0.5305712370679363
rs12628949,32650457,0.7899972373446795
rs4140659,32651194,0.03416163113217585
rs11913804,32653499,0.22651807966288784
rs5749695,32654755,0.5718228849232796
rs5994811,32654887,0.585698584357254
rs4821197,32655300,0.8984854136960612
rs4821198,32655821,0.06306378996456574
rs1807491,32657667,0.7472823323893846
rs5999148,32657709,0.518039373925767
rs2413208,32658741,0.09417868940580777
rs5994813,32659326,0.08120010305042263
rs5749698,32659734,0.09417868940580777
rs4820125,32662195,0.02409648893524087
rs5999152,32664602,0.04532537505876847
rs130497,32664964,0.9474527719476528
rs713901,32666228,0.9389580074807219
rs9621814,32668283,0.03416163113217585
rs130503,32668666,0.14182615396718065
rs9609889,32670862,0.049320441384363485
rs876391,32672735,0.988211870081455
rs1894431,32677132,0.22121719243841076
rs9609890,32682803,0.22121719243841076
rs130523,32683253,0.3603260880593606
rs5754769,32683433,0.5853895686678948
rs9621822,32688639,0.1832571621596445
rs16993343,32691131,0.23703318255724226
rs9621823,32691770,0.4083704923878254
rs13057320,32695442,0.23352992820195562
rs5754779,32699696,0.09778992529723468
rs12166796,32703293,0.20178058157530665
rs5749706,32707020,0.09136867140710733
rs12169215,32708012,0.048864335231546964
rs5754783,32709623,0.3088570474159935
rs7286472,32716473,0.27281461298059184
rs13055678,32721401,0.23207144072619101
rs5754791,32726795,0.6665053052021571
rs5754792,32726981,0.18015011988017093
rs243243,32727453,0.8027536578831893
rs17748559,32728051,0.8710619567664688
rs5754793,32728083,0.23753084288483262
rs12167259,32728185,0.1598226671217089
rs12167472,32729754,0.23363499200417193
rs20065,32730253,0.769752056484144
rs739029,32730330,0.8100271471636213
rs2055183,32736542,0.046546602440090915
rs5749711,32741714,0.39698445737394583
rs5749712,32744466,0.39698445737394583
rs171438,32754834,0.04931957780736536
rs5749715,32755834,0.04112140255835067
rs17748844,32762759,0.3270006793454514
rs12170391,32762776,0.2569297827262925
rs242896,32765815,0.4414615559741968
rs242898,32766795,0.3602079287359701
rs242899,32767261,0.5755250070683373
rs11913119,32774383,0.1468509055097228
rs372499,32775198,0.48345722948707004
rs5754814,32777269,0.9829778057333562
rs11913351,32779778,0.2708936906326479
rs1994999,32781818,0.08823294953426102
rs4821208,32782203,0.6841767450578969
rs5999190,32793035,0.38479679183126714
rs5999191,32793080,0.38479679183126714
rs5749720,32793361,0.6841767450578969
rs5754818,32794710,0.32109381715690044
rs1495665,32796258,0.4746825246377748
rs9607112,32798181,0.32270264891593503
rs2413211,32799753,0.5567693237907548
rs2413212,32799812,0.7030619090159113
rs10427696,32799959,0.7511553460743802
rs5754819,32800167,0.2210070594686424
rs5754821,32803145,0.8609428895968336
rs5754822,32803652,0.18939442524009953
rs5754824,32803756,0.18939442524009953
rs2213325,32804560,0.9495081383207542
rs5754826,32806759,0.8609428895968336
rs11704266,32807467,0.1295118050678928
rs5749722,32809767,0.18939442524009953
rs9621844,32811608,0.6038131460888425
rs9619398,32813130,0.8206750982320377
rs5994838,32814130,0.2708936906326479
rs5994839,32814181,0.2708936906326479
rs2413215,32818452,0.4590734441439839
rs135184,32822709,0.8282987548252695
rs135191,32825465,0.9548375602967277
rs242990,32826691,0.8666494473388617
rs135195,32829558,0.8616930489550274
rs135198,32831541,0.14909946737365973
rs242997,32833059,0.18755092014258978
rs8142343,32835878,0.11723602341904547
rs242999,32835903,0.13464647511058894
rs8135324,32835919,0.11723602341904547
rs9609948,32836382,0.25225446347100267
rs135200,32840633,0.9078114502435042
rs243000,32840915,0.40089840944596344
rs5999208,32842123,0.06850086390680517
rs130662,32843777,0.7791985031776887
rs5749736,32847233,0.034066810003434825
rs210804,32849226,0.8439936036230256
rs395579,32853488,0.9375011022582347
rs135202,32853877,0.9977049789871112
rs210809,32854988,0.9819990495688139
rs130671,32858445,0.5177571017083218
rs4820134,32861343,0.05013883214490392
rs4820135,32867450,0.12101427259527267
rs5754848,32873510,0.5477488661203405
rs5999221,32875052,0.28887694805800257
rs130991,32875398,0.6254493111168811
rs5999222,32876503,0.28887694805800257
rs5754850,32876682,0.15833926021021416
rs5994853,32878442,0.28887694805800257
rs5754852,32878646,0.5386197400359415
rs5999223,32879440,0.28887694805800257
rs5999225,32879635,0.32570654447068514
rs397854,32880575,0.39044198348033665
rs387332,32880905,0.4497985519406895
rs9619405,32881822,0.3690949704484725
rs432332,32883273,0.4497985519406895
rs435884,32885358,0.39663644751583227
rs5754862,32887050,0.0705780815023038
rs5754863,32887175,0.05013280231109778
rs129438,32888740,0.45907366625616985
rs4821218,32889875,0.055656237937903
rs12485116,32890376,0.9207073304324072
rs2019466,32891720,0.05773513563982749
rs5749750,32896967,0.04574376355833592
rs130993,32897763,0.6197230110275922
rs4821228,32905158,0.0814288743883825
rs867126,32905320,0.6764394490431382
rs5754870,32906016,0.4253964989836512
rs4821230,32906097,0.05744818003218058
rs5754873,32906668,0.018593682734406928
rs4821231,32908657,0.018593682734406928
rs737797,32910844,0.03010924326339839
rs5999244,32912099,0.025625301128320083
rs5999245,32912694,0.2972047725623693
rs5999246,32913078,0.025625301128320083
rs5994867,32913176,0.025625301128320083
rs130680,32918368,0.5683527262801581
rs9609962,32919494,0.5327751027939152
rs5754888,32919651,0.5824362174521136
rs448846,32919888,0.9119962350253936
rs11705488,32920159,0.9119962350253936
rs412363,32920677,0.6419551886782983
rs425076,32921328,0.5556816472926374
rs7291120,32921611,0.4874748039564796
rs585124,32925753,0.5683527262801581
rs400627,32926556,0.9119962350253936
rs130687,32927679,0.6580904553529165
rs390647,32930013,0.9119962350253936
rs432671,32933988,0.7576496523809582
rs764315,32940905,0.2944034292608765
rs1489894,32942631,0.6735187491280445
rs1489893,32942935,0.2944034292608765
rs1489892,32943043,0.5308843157739076
rs9619412,32943347,0.5308843157739076
rs8142322,32944920,0.8133646968603454
rs1489880,32948189,0.6619333538264014
rs41537244,32949445,0.8133646968603454
rs5754896,32949587,0.20151697352091824
rs1489879,32951660,0.19727677482989292
rs4821240,32952965,0.2671677174492262
rs9609966,32955130,0.6323088879919152
rs2078202,32955308,0.12750225396067283
rs1003935,32955711,0.6664340650539835
rs5999258,32955784,0.5456125721152425
rs1873230,32956968,0.7970321434961989
rs4821241,32957141,0.6735187491280445
rs4821243,32960104,0.2721015289123988
rs4821244,32960123,0.2721015289123988
rs1844461,32961326,0.6619333538264014
rs5754906,32961750,0.18051819418978288
rs5754909,32963904,0.6619333538264014
rs1489890,32965334,0.6619333538264014
rs5754910,32966072,0.5342089524865543
rs8139444,32969053,0.3900166867132614
rs5754914,32970046,0.5342089524865543
rs713755,32972423,0.6563338291621175
rs3884831,32972721,0.6393283265728807
rs5749770,32972970,0.6619333538264014
rs5994882,32976980,0.36233795801895086
rs5999265,32984148,0.28941850700112026
rs5994886,32986814,0.6958997408363772
rs172133,32987792,0.9688506339983671
rs5994889,32998073,0.4342112240440177
rs1489889,32998330,0.5620360820535452
rs11703579,32999084,0.5553200850297175
rs738958,33001012,0.2405442884824751
rs12160648,33002759,0.6958997408363772
rs16993835,33004167,0.6958997408363772
rs713765,33005903,0.35363612810219636
rs5994890,33010934,0.6958997408363772
rs202916,33011163,0.5371438998854768
rs11089650,33013365,0.17180745171620437
rs5749774,33013439,0.3072157529911427
rs51194,33014889,0.2509628038557761
rs1489877,33018310,0.8272475366810397
rs5749775,33020648,0.8402818425905663
rs2097307,33021035,0.2509628038557761
rs11089652,33021659,0.30334409851576905
rs5999283,33024572,0.6716163792331789
rs7364186,33027019,0.39122649737601256
rs5999284,33027142,0.38930330711238026
rs11089653,33028979,0.6967166103067844
rs2413226,33039935,0.9195900663064966
rs2032461,33052570,0.8523046611445839
rs2032462,33053028,0.7588665029513055
rs12161091,33056167,0.5173128095026047
rs5999295,33056496,0.5173128095026047
rs5754953,33057040,0.7597991306520597
rs5999296,33057120,0.5173128095026047
rs5754954,33057172,0.9408505574149333
rs135487,33057696,0.8724005231749641
rs413448,33058213,0.6897309408971799
rs398878,33058586,0.2800793857763967
rs135492,33060881,0.5788470166163491
rs398131,33062022,0.3542779950506342
rs135494,33062555,0.5830741587110448
rs435788,33065373,0.6897309408971799
rs5999302,33065780,0.42623904541359403
rs5754964,33066785,0.21366138674939084
rs135524,33069119,0.4813441423488761
rs738959,33070703,0.7973324466353054
rs204276,33074069,0.4813441423488761
rs169467,33075198,0.21366138674939084
rs169468,33075627,0.7865747776175904
rs738944,33075676,0.9143362545157291
rs5749801,33077509,0.8409335699901495
rs204280,33078164,0.5830741587110448
rs204281,33078386,0.2794658739315302
rs5749802,33078720,0.2765265388816517
rs11089658,33081692,0.9143362545157291
rs9621896,33082223,0.9143362545157291
rs130896,33086271,0.6815469463116675
rs130897,33086718,0.6815469463116675
rs130903,33088178,0.5949279689122434
rs130904,33088702,0.991030280514783
rs470049,33089241,0.9216811625830285
rs130916,33091403,0.9128795978641271
rs130940,33096077,0.9216811625830285
rs130943,33096583,0.8211043414668424
rs130948,33098745,0.9822387400584285
rs130949,33098852,0.9822387400584285
rs1540288,33100020,0.9822387400584285
rs130956,33101207,0.9822387400584285
rs130957,33101723,0.9822387400584285
rs738945,33102440,0.9421543742078365
rs130960,33103088,0.9822387400584285
rs130969,33104577,0.8211043414668424
rs169466,33106008,0.9151179393959538
rs5994919,33106016,0.5173128095026047
rs9621907,33107003,0.8088419058172764
rs2125566,33108009,0.8088419058172764
rs9621915,33110230,0.8088419058172764
rs738209,33118203,0.8088419058172764
rs1569426,33120067,0.6880920581148444
rs1569427,33120106,0.8088419058172764
rs1569428,33120126,0.8088419058172764
rs1569429,33120158,0.8088419058172764
rs1563724,33120541,0.8555216797308188
rs425679,33121484,0.6880920581148444
rs204436,33126708,0.6880920581148444
rs204438,33127432,0.6880920581148444
rs204440,33127600,0.6880920581148444
rs204441,33127621,0.6880920581148444
rs204442,33127636,0.6880920581148444
rs204443,33127663,0.6880920581148444
rs204444,33128028,0.6880920581148444
rs204448,33128397,0.6880920581148444
rs204456,33129184,0.7862362500971732
rs5755023,33129261,0.6342174260508535
rs2199137,33131498,0.8163996560364899
rs16994070,33132568,0.4855432661561838
rs5749845,33132931,0.7633622133986331
rs11089669,33133550,0.54414093985466
rs5749846,33136552,0.7633622133986331
rs12628333,33139067,0.4855432661561838
rs5755039,33142086,0.7245452736913869
rs1459026,33142407,0.4855432661561838
rs1459029,33143253,0.1403845548624544
rs5999338,33145224,0.9446366459750538
rs4821255,33146202,0.3481083889087613
rs5999350,33148544,0.44994752783802827
rs1034394,33153828,0.36911784478288434
rs5755043,33154108,0.19431672337907457
rs4821257,33155788,0.36911784478288434
rs5755045,33156141,0.46640944434852283
rs1005285,33158825,0.7533164184083807
rs12628754,33160590,0.7533164184083807
rs13055293,33162523,0.4124496451768951
rs5999368,33162632,0.935346766883348
rs5999369,33162649,0.9492080000917386
rs5999372,33164677,0.8374186882400182
rs9621940,33165727,0.804908149273256
rs738954,33167524,0.8746170824117331
rs9621944,33170443,0.804908149273256
rs16994116,33173392,0.7080956738275005
rs5755055,33173891,0.5227168400584495
rs12170276,33177027,0.9829274335627766
rs17824280,33177299,0.5973450595276388
rs2017523,33178550,0.49544545231268555
rs10427794,33181109,0.622104222267956
rs1459037,33181133,0.9575550240260386
rs2609850,33181377,0.9575550240260386
rs1459036,33184665,0.7672424045676128
rs9607145,33185164,0.622104222267956
rs9610023,33185204,0.7368382941716558
rs135159,33188174,0.5530468916170423
rs12160213,33188619,0.6622870727279515
rs130575,33189793,0.6331285878069401
rs11913158,33190178,0.5320938698291486
rs130578,33193375,0.5289800045035185
rs130579,33193764,0.5289800045035185
rs135161,33197182,0.09347634273984423
rs715533,33197431,0.44675664930605663
rs4423,33199196,0.539334740355335
rs135162,33200990,0.11626791235658372
rs204970,33201591,0.08393584371136693
rs130588,33201742,0.539334740355335
rs130589,33202206,0.10221902865121517
rs130592,33204101,0.539334740355335
rs5994936,33204568,0.08393584371136693
rs7290609,33205363,0.8753863793729866
rs7284274,33205571,0.8753863793729866
rs7284290,33205641,0.7532559020413269
rs5994940,33205943,0.539334740355335
rs11912812,33208812,0.13312298664743516
rs8141914,33209230,0.0897318821751516
rs130691,33211156,0.10221902865121517
rs130695,33212579,0.378310760602931
rs5755064,33214877,0.6722084611109324
rs130698,33217654,0.0282912335245933
rs738968,33219097,0.08393584371136693
rs130700,33219516,0.539334740355335
rs8137174,33223943,0.08393584371136693
rs5994955,33226968,0.06783012436705066
rs2227029,33228034,0.10221902865121517
rs9610029,33229172,0.10221902865121517
rs2213331,33229333,0.10221902865121517
rs130707,33230232,0.06783012436705066
rs743726,33233156,0.7532559020413269
rs130710,33233306,0.539334740355335
rs130719,33236241,0.539334740355335
rs19445,33236973,0.6736452536947319
rs130720,33238053,0.45907922878398066
rs5999417,33238150,0.0502542933049922
rs4820149,33239613,0.5597053744357138
rs5994960,33240170,0.0502542933049922
rs130722,33240847,0.539334740355335
rs130723,33241429,0.5597053744357138
rs5999421,33246665,0.539334740355335
rs2223271,33250388,0.06783012436705066
rs2092117,33251246,0.7532559020413269
rs5999424,33253131,0.08393584371136693
rs12159085,33260180,0.08393584371136693
rs2142691,33260794,0.06783012436705066
rs16994335,33262299,0.08393584371136693
rs5994965,33274235,0.4314896035193544
rs5755102,33275447,0.539334740355335
rs4488765,33284077,0.10221902865121517
rs5755107,33287967,0.07974344943858681
rs5749880,33290024,0.10221902865121517
rs11913169,33293524,0.08393584371136693
rs9619460,33294248,0.10221902865121517
rs2899225,33296215,0.08393584371136693
rs5994976,33297282,0.6873572919536053
rs5755113,33298166,0.6873572919536053
rs2205815,33298614,0.6435841628495003
rs714018,33302634,0.08393584371136693
rs5999446,33303064,0.5446122298365765
rs2413245,33308106,0.9488849402408304
rs1074894,33310085,0.27679567440106434
rs5755120,33311270,0.4518129219944411
rs5749885,33311629,0.058333350974874215
rs16987616,33315917,0.6831488297979122
rs874814,33316400,0.7390002527177109
rs1807552,33316467,0.6831488297979122
rs5755123,33317538,0.5017038704988956
rs5749888,33317908,0.9361253162063965
rs2103554,33318577,0.9727393790866923
rs5994978,33318594,0.6810254653364509
rs5755125,33323396,0.7500410144164514
rs4821268,33327079,0.6713788452987355
rs5755129,33330418,0.6394263343041517
rs7285474,33330826,0.515432332738587
rs5749893,33330940,0.6394263343041517
rs5749894,33332426,0.5017038704988956
rs9621978,33340255,0.4772312387819544
rs5999470,33341514,0.20709241503819742
rs5755146,33345826,0.9361253162063965
rs5749899,33346563,0.9834728540788623
rs2205810,33347848,0.7901844207332398
rs6518875,33349151,0.9361253162063965
rs12170683,33353412,0.23321320084159236
rs9619464,33355119,0.4089638890069266
rs9607167,33360618,0.5597143243884821
rs5994984,33363839,0.6739951348008597
rs5755179,33365477,0.4089638890069266
rs11703031,33366264,0.3683818931039272
rs4820154,33367874,0.6838774812571053
rs5755183,33368444,0.6838774812571053
rs2899228,33371350,0.4089638890069266
rs5755184,33371876,0.6713788452987355
rs4256052,33371911,0.6838774812571053
rs16994497,33372568,0.6394263343041517
rs738254,33373920,0.20709241503819742
rs5749917,33376020,0.8559652824526883
rs5749918,33378143,0.2916774970005952
rs5749919,33378245,0.7899198689979944
rs16994510,33378291,0.5105920298036962
rs5749920,33379614,0.4492801928915654
rs2899229,33380040,0.7899198689979944
rs909565,33382515,0.9355459952614786
rs909566,33382680,0.5315449322465722
rs5749922,33384334,0.6745137634526815
rs2413253,33388119,0.4555528693283887
rs9610075,33388252,0.38160330253769426
rs5755202,33389317,0.3721699310352865
rs2205811,33391563,0.3721699310352865
rs7291061,33391772,0.48225923747695054
rs4821281,33393011,0.3721699310352865
rs1547414,33395779,0.38160330253769426
rs4821284,33401184,0.38160330253769426
rs2413255,33403105,0.4555528693283887
rs7286170,33412409,0.4555528693283887
rs12170130,33412433,0.7853982888039672
rs4821288,33413495,0.5916086902066489
rs967917,33414055,0.38160330253769426
rs967918,33414171,0.6797571707951016
rs739061,33414314,0.8192246990598353
rs7286473,33420489,0.6831488297979122
rs10483180,33420522,0.9361537706644911
rs713820,33420620,0.38160330253769426
rs2213448,33423399,0.4555528693283887
rs5999506,33426084,0.5494868537563806
rs2071714,33426659,0.23459212086722947
rs2015181,33434055,0.31126082912284125
rs7285667,33434936,0.6831488297979122
rs5755241,33441008,0.29467027813412316
rs1540300,33445913,0.32959061307124626
rs8184958,33447318,0.4058514080216623
rs2413261,33454698,0.5535369319851349
rs2413262,33454893,0.42284571023150597
rs16994663,33456083,0.4058514080216623
rs2157221,33456790,0.5535369319851349
rs5755254,33461593,0.6797571707951016
rs9622012,33461614,0.6577371242801131
rs5755255,33462992,0.5535369319851349
rs5755259,33465026,0.31126082912284125
rs137234,33467437,0.4058514080216623
rs137235,33467963,0.4058514080216623
rs137237,33470640,0.0910763723660583
rs137238,33470804,0.09376074081447561
rs5755263,33471040,0.9488914260489099
rs5755269,33477445,0.7898038651689255
rs982845,33482596,0.7630055203436177
rs41472246,33484979,0.8599270298178617
rs2413265,33485092,0.9664923957793985
rs137257,33486009,0.7615868171309884
rs137259,33486999,0.3531481525556526
rs137260,33487380,0.9761886562101785
rs743790,33487577,0.9664923957793985
rs86599,33488021,0.9761886562101785
rs137262,33491459,0.9761886562101785
rs5749949,33492495,0.9234037688480393
rs137265,33494382,0.20291215299524157
rs9610113,33496990,0.7855543624195158
rs137269,33497444,0.5586460336098916
rs137270,33497583,0.20291215299524157
rs137272,33497697,0.5586460336098916
rs10483184,33500735,0.13778121027623302
rs12628866,33501154,0.90505959428517
rs137294,33507350,0.5586460336098916
rs4821299,33513364,0.20291215299524157
rs1543335,33513603,0.1483514268793533
rs2413270,33521105,0.20291215299524157
rs5755287,33521196,0.20291215299524157
rs5995002,33521923,0.6670587859147905
rs1012604,33522006,0.20291215299524157
rs5755292,33523534,0.20291215299524157
rs8137619,33525088,0.8615489059988191
rs5755297,33525831,0.20291215299524157
rs4820164,33527654,0.20291215299524157
rs4821303,33528641,0.6724488472403696
rs5755307,33533230,0.5712231667920388
rs5755310,33535181,0.5712231667920388
rs5755311,33535492,0.8542746613750589
rs5755312,33535685,0.20291215299524157
rs9607195,33535840,0.7310286577043172
rs5999551,33539136,0.5712231667920388
rs5755319,33541173,0.5887844972587404
rs1546873,33549530,0.7310286577043172
rs1546874,33549750,0.34709079612263605
rs984321,33551067,0.416567578501831
rs984322,33551511,0.5887844972587404
rs5755348,33555029,0.5887844972587404
rs5755349,33555460,0.6964728534935292
rs9610153,33555513,0.7911607847703279
rs12159254,33555787,0.9488914260489099
rs5755350,33556297,0.416567578501831
rs2223433,33556671,0.5887844972587404
rs5749969,33559081,0.5887844972587404
rs941435,33560303,0.9488914260489099
rs715497,33567366,0.5400765273198873
rs715489,33567581,0.2245297416215294
rs742296,33568768,0.6617590172085825
rs738427,33571830,0.5400765273198873
rs5755368,33573652,0.3032163721726727
rs5749978,33577901,0.36748713494016716
rs1124929,33583979,0.46115017832547933
rs5999580,33586625,0.46115017832547933
rs5749981,33588360,0.25526047891742054
rs7286893,33590004,0.12881801905897647
rs2413276,33590120,0.9365153125470665
rs738429,33591397,0.46256235819096925
rs5999586,33591653,0.38509311977335015
rs7288600,33592039,0.2060601757768018
rs5995024,33592664,0.2245297416215294
rs2413277,33592924,0.2245297416215294
rs2038088,33595255,0.5515431369654369
rs5995026,33601517,0.45366867351560747
rs5999602,33602214,0.45366867351560747
rs10483185,33604183,0.45366867351560747
rs997379,33604298,0.37304593670541675
rs5755392,33606783,0.37304593670541675
rs5755393,33607037,0.5392078829882982
rs5749989,33607746,0.37304593670541675
rs5749990,33608102,0.37304593670541675
rs5755395,33609068,0.5392078829882982
rs2235483,33611912,0.5325378449242724
rs5755397,33614369,0.4487605059545565
rs5749992,33614762,0.4487605059545565
rs137215,33619350,0.4487605059545565
rs8139897,33622292,0.2740057379173456
rs137219,33622510,0.9079623975010181
rs5755403,33624541,0.04562130136639376
rs2413278,33624564,0.19304006761893688
rs137222,33625105,0.19304006761893688
rs137227,33626551,0.19304006761893688
rs137228,33626615,0.9875509792470257
rs5755406,33627371,0.9064845751201243
rs1894483,33627886,0.19304006761893688
rs1894484,33627998,0.19304006761893688
rs2213434,33628100,0.15660537594366641
rs5755407,33628506,0.13921020315077898
rs2213436,33629650,0.5190223404178991
rs1012270,33631595,0.19074241781500123
rs1012271,33632133,0.19304006761893688
rs5995036,33633471,0.5190223404178991
rs4821316,33636786,0.1578038453984355
rs713805,33637207,0.6232635304071047
rs737828,33638197,0.19304006761893688
rs5755409,33639065,0.98503480360073
rs739059,33645368,0.22980845438141817
rs5755413,33645585,0.1862460800571164
rs5749997,33646282,0.1862460800571164
rs2413282,33650171,0.13225280478088278
rs9622070,33654850,0.5478913814536478
rs5999633,33657445,0.5478913814536478
rs4821317,33657740,0.2737656559721282
rs12161055,33657873,0.5478913814536478
rs2413283,33658229,0.9189992448205905
rs1034420,33660152,0.3951900239137197
rs17702926,33660410,0.49394882942343044
rs5999636,33661041,0.6197036479462297
rs2157215,33661402,0.2737656559721282
rs1157644,33662815,0.4018345173167206
rs5755427,33663881,0.21527206549947864
rs5755428,33663902,0.21527206549947864
rs2187756,33664366,0.7723683563072583
rs5755436,33667195,0.5487851092716387
rs5755439,33667732,0.21053592366515916
rs2227072,33667758,0.2737656559721282
rs1011504,33667956,0.20764204869875047
rs4239875,33668995,0.2907339092502157
rs5755440,33669202,0.21053592366515916
rs1573678,33669359,0.21053592366515916
rs7286958,33669401,0.6750351795379167
rs2017041,33670103,0.4754553626514766
rs4635628,33670584,0.3086369992463427
rs5755441,33670830,0.30749571755491467
rs9610176,33670931,0.5478738024521363
rs7288089,33671316,0.8338411023889946
rs5999641,33671481,0.31526793858317115
rs7284640,33671977,0.39268701811556106
rs5755445,33672654,0.709429816441183
rs5755446,33672717,0.45766117797844175
rs5999644,33673623,0.29537395422433343
rs2157216,33674317,0.13515105248568568
rs929026,33676625,0.7414470291080895
rs5750007,33677360,0.23851235064210075
rs5750008,33677734,0.30714408333215515
rs9610178,33678085,0.2655904233678936
rs739060,33678404,0.28301111234371923
rs5755451,33679368,0.5090752630858777
rs12167710,33682397,0.9216793611625157
rs3948788,33683031,0.4259822991020126
rs8140515,33683511,0.30297350452574634
rs1013513,33683740,0.4962088909125828
rs7287364,33684619,0.30297350452574634
rs5750009,33685325,0.4962088909125828
rs12168470,33686273,0.30822908928876325
rs5755464,33686322,0.4962088909125828
rs5999654,33687983,0.35038368163310796
rs7284508,33688266,0.30297350452574634
rs12483892,33689572,0.7710261665696961
rs3859840,33689702,0.27591647008598563
rs5999657,33690974,0.7710261665696961
rs5750013,33693251,0.7710261665696961
rs5755467,33695091,0.4658775097017518
rs12160261,33696055,0.4259822991020126
rs5755468,33696230,0.6690970410376778
rs5755469,33699739,0.902281242070156
rs13056337,33699903,0.369018887786968
rs737821,33701707,0.32971769529227524
rs6518916,33705081,0.5432921778792108
rs4541330,33705665,0.5586493709857252
rs2018079,33708195,0.44667542761292856
rs5750017,33708438,0.5645869647233757
rs12485027,33713825,0.6912650633972107
rs5999665,33715028,0.6820191796630473
rs5750019,33715122,0.6820191796630473
rs5755486,33716401,0.15660511971435526
rs1476004,33717105,0.73876296510102
rs7284941,33719727,0.19862685934567936
rs7285304,33720101,0.19862685934567936
rs9610191,33720306,0.19862685934567936
rs5755490,33720395,0.8019308768820346
rs6518917,33720846,0.19862685934567936
rs5755492,33725126,0.6820191796630473
rs5755497,33730285,0.19862685934567936
rs2413285,33732955,0.6159131827883388
rs5750025,33737682,0.6159131827883388
rs5755505,33738367,0.21417124718560965
rs9619502,33740466,0.6159131827883388
rs9619503,33740604,0.6159131827883388
rs5750029,33740771,0.6159131827883388
rs5755508,33740793,0.08122570454604591
rs5755509,33740971,0.23715910159643838
rs713708,33742768,0.5284270674617135
rs2008519,33742833,0.6144873630588685
rs5750031,33743447,0.22811877655322355
rs5750033,33744017,0.21027682654579827
rs733853,33744540,0.7488735659462149
rs16995183,33744684,0.36739902809726777
rs5755525,33749169,0.6732852399825133
rs4821342,33757427,0.7406045407835886
rs5755536,33760624,0.6732852399825133
rs4820175,33761010,0.09721157431676788
rs1080045,33763821,0.23156531370025712
rs5999684,33764521,0.14813296626787487
rs11089717,33765022,0.8327319620890914
rs11089718,33765036,0.8327319620890914
rs5999685,33765980,0.022505591830654627
rs9622105,33766049,0.8623582692001865
rs9622108,33768696,0.8791678145684947
rs5999687,33770082,0.14813296626787487
rs4821346,33771504,0.6625364141639805
rs12170542,33771894,0.5538929486789861
rs12485117,33772268,0.63902681868823
rs7286668,33772750,0.30573002453627807
rs11089722,33773028,0.5369892299405119
rs5755543,33773294,0.04185737886685858
rs12484382,33773638,0.5369892299405119
rs4821348,33776992,0.5369892299405119
rs5999689,33777082,0.5538929486789861
rs5750044,33778784,0.9950667222255983
rs5755550,33780304,0.549285222446209
rs9306295,33781234,0.11057192936438696
rs16995211,33781639,0.6283549287529617
rs739152,33782232,0.0731372346521084
rs362014,33784464,0.0731372346521084
rs4432561,33784822,0.07630230930338305
rs362246,33786303,0.1235301003055091
rs361741,33787845,0.6581453076560018
rs362059,33788222,0.6412840920953562
rs10427677,33790650,0.9527257319458495
rs361788,33791277,0.7927823304195951
rs362166,33791383,0.1177531944276809
rs3810618,33792649,0.8965969145284681
rs361863,33793162,0.6663656264176723
rs361668,33793179,0.5478013512672952
rs362112,33793994,0.5498764997522183
rs361789,33794973,0.7927823304195951
rs361718,33795155,0.7927823304195951
rs2413292,33795727,0.1701305248880064
rs362098,33795775,0.693172596639504
rs361888,33796429,0.7927823304195951
rs361785,33796485,0.10112832931108738
rs361801,33798489,0.6826297725336925
rs361565,33798539,0.6582080355972586
rs6518932,33798879,0.21143453933272782
rs713850,33799876,0.8041190327734127
rs9622120,33800152,0.6913250234771505
rs1883385,33800540,0.8041190327734127
rs2413293,33801334,0.3794200762360923
rs738423,33801499,0.8041190327734127
rs4821358,33802234,0.05881937508214318
rs4821359,33802273,0.5513992643395846
rs4821360,33802593,0.47010846698717734
rs8137467,33802736,0.47010846698717734
rs17778240,33803178,0.47010846698717734
rs5750056,33804058,0.5000243019919531
rs9619513,33805635,0.4465278289525265
rs4821362,33806690,0.022312158754848523
rs5750057,33806963,0.6159131827883388
rs2899240,33807265,0.05881937508214318
rs5755571,33807747,0.6159131827883388
rs2899241,33808486,0.07869614098684978
rs4820178,33809118,0.47010846698717734
rs1074970,33809380,0.5478013512672952
rs1074971,33809534,0.022312158754848523
rs1074972,33809597,0.06282866759114679
rs7291048,33810467,0.33258680791802797
rs7291929,33810892,0.010963894680525816
rs3810619,33811776,0.07869614098684978
rs8142871,33812744,0.45033846210121353
rs9622125,33814455,0.4465278289525265
rs9622131,33820838,0.5588982681228107
rs7289450,33821297,0.6539715056062521
rs5755575,33821969,0.1538528609042352
rs11089728,33822313,0.07895442170229204
rs4821365,33825308,0.09021711285844
rs8135214,33828934,0.395250678046575
rs11089729,33829110,0.9173313895980071
rs9622142,33829256,0.9256226666513523
rs5999726,33832070,0.9256226666513523
rs2413298,33832640,0.9584087241900532
rs9622147,33833072,0.7097758932670915
rs9622148,33833354,0.9256226666513523
rs9622149,33833409,0.7933792114518122
rs4821366,33836284,0.8297478644587397
rs4820180,33836426,0.44964583154898363
rs12170582,33839388,0.5338536628631336
rs5755582,33840991,0.7245037796160336
rs28581,33843951,0.4019707252895999
rs80724,33844890,0.4019707252895999
rs134203,33845997,0.030302864127064025
rs5750060,33846556,0.27039856639802795
rs7284619,33847673,0.27039856639802795
rs5755595,33848839,0.7245037796160336
rs7289467,33848987,0.27039856639802795
rs2157592,33849850,0.27039856639802795
rs1573763,33850076,0.27039856639802795
rs5755601,33853373,0.27039856639802795
rs80730,33856281,0.020286400303053388
rs80731,33856571,0.020286400303053388
rs134215,33856793,0.1984847058859731
rs5755604,33858502,0.427093309367381
rs10427621,33859141,0.8914309185795661
rs134220,33860483,0.030122968941496825
rs134221,33861009,0.9676750747650897
rs9306297,33861698,0.05501369220837601
rs5999731,33862059,0.6352002529991025
rs9610221,33863126,0.9701148391460317
rs134225,33863408,0.7619941156736044
rs134227,33864130,0.4339775258511266
rs16995370,33867036,0.35700500364761
rs739301,33868698,0.7652956419321628
rs5755606,33869717,0.7673180462085398
rs11703514,33869897,0.7151856191773549
rs5755607,33870218,0.10219001973568953
rs9610223,33870650,0.5252074764800696
rs12628361,33870722,0.18529461683949244
rs134239,33871771,0.609479339091597
rs134240,33871927,0.609479339091597
rs134258,33874775,0.772082840334273
rs134260,33875092,0.5626139152726193
rs134261,33875301,0.609479339091597
rs134263,33875618,0.609479339091597
rs134264,33875811,0.7703322215066177
rs134271,33880231,0.8541910224382413
rs134277,33884582,0.6937977794520966
rs739302,33885524,0.5362429962684513
rs134300,33888414,0.38650250156137755
rs134306,33888827,0.38650250156137755
rs2413305,33889579,0.38650250156137755
rs2413306,33889695,0.38650250156137755
rs2413307,33889745,0.40954208286023797
rs134316,33890258,0.38650250156137755
rs6518933,33890386,0.38650250156137755
rs134373,33898075,0.38650250156137755
rs134374,33898399,0.38650250156137755
rs7291553,33898672,0.18529461683949244
rs134376,33899422,0.38650250156137755
rs134378,33899690,0.16042850590703173
rs8135570,33901393,0.18529461683949244
rs134381,33901497,0.38650250156137755
rs134386,33903856,0.13082368110526787
rs1006253,33903871,0.7829673652570903
rs2213877,33904374,0.9345223534354427
rs134406,33909346,0.10172952210695929
rs134407,33909461,0.38650250156137755
rs134409,33910096,0.38650250156137755
rs2413314,33910289,0.9345223534354427
rs134410,33910597,0.5875253260781375
rs2187961,33911399,0.18529461683949244
rs12484798,33913907,0.9409296587445121
rs134416,33914112,0.38650250156137755
rs134422,33915990,0.3384956326177846
rs134426,33917480,0.38650250156137755
rs134430,33918600,0.38650250156137755
rs134432,33918844,0.24853190707818085
rs3752596,33920706,0.29928956605696144
rs134434,33921035,0.13082368110526787
rs5750079,33923514,0.38650250156137755
rs134443,33925528,0.13082368110526787
rs713819,33925720,0.9345223534354427
rs134445,33926150,0.13082368110526787
rs10483188,33926232,0.9345223534354427
rs5995078,33928379,0.0691920637201688
rs713969,33928993,0.13082368110526787
rs5999762,33929782,0.24853190707818085
rs7284380,33932582,0.13082368110526787
rs1997731,33938212,0.0691920637201688
rs11704749,33942297,0.4454716969970156
rs2056983,33942568,0.38650250156137755
rs5999771,33943016,0.0691920637201688
rs9622162,33945960,0.3199165149990687
rs738438,33950030,0.4373991122272036
rs5755655,33952616,0.5834101560353643
rs5750083,33956222,0.24853190707818085
rs5755661,33959782,0.3861624341826987
rs2092331,33961544,0.3110255414964658
rs2103642,33961590,0.78104808629598
rs2092030,33971692,0.8927155521537754
rs9610274,33976478,0.8927155521537754
rs4820187,33977722,0.6977958812345626
rs2092029,33982241,0.6977958812345626
rs5755674,33983473,0.5899893014197184
rs16995548,33986240,0.5339513567892037
rs1108268,33988022,0.83288828736861
rs4820189,33988225,0.83288828736861
rs1053593,33990875,0.8527227666445211
rs2235148,33994941,0.83288828736861
rs12485178,33997486,0.83288828736861
rs4821387,33999441,0.8040565876560631
rs760513,33999809,0.83288828736861
rs932290,34002183,0.83288828736861
rs2235150,34002843,0.83288828736861
rs5755683,34005537,0.83288828736861
rs2272789,34009951,0.955695442389304
rs2272790,34010095,0.955695442389304
rs741996,34014059,0.83288828736861
rs5750093,34014533,0.5406605454062194
rs7291420,34018623,0.5339513567892037
rs1474557,34020179,0.83288828736861
rs1474558,34020183,0.83288828736861
rs4821392,34020532,0.9056080450454554
rs138726,34024295,0.8527227666445211
rs138727,34024893,0.9341801079754221
rs138733,34027612,0.955695442389304
rs138744,34029883,0.7626801872113789
rs138760,34032068,0.6971034757544503
rs138764,34033128,0.83288828736861
rs138777,34041098,0.9602613065827327
rs11704301,34041543,0.3108668972396672
rs138780,34042553,0.24492713480058914
rs138784,34047246,0.24492713480058914
rs10483190,34052011,0.5604022702795772
rs2267331,34052126,0.39422662613359205
rs4466,34053831,0.37895047258974357
rs2267332,34054264,0.18173755331254715
rs138785,34054659,0.32144316203008305
rs138786,34058466,0.28595608409598694
rs138789,34060085,0.23488567293584417
rs5999797,34061175,0.7144488926428945
rs4467,34061245,0.23303215893650664
rs138794,34063654,0.8655194910742686
rs2267334,34067214,0.6340902247933909
rs2267335,34067461,0.7449876008385752
rs2283961,34068488,0.18238670948195557
rs2267336,34070128,0.279091058191278
rs4386,34071171,0.35688764376403004
rs133398,34071820,0.10683762147139272
rs133399,34071863,0.5180819932376314
rs129433,34072524,0.7092036702704003
rs743810,34072925,0.14243536363372825
rs6518950,34075196,0.12355109026385806
rs4820191,34078208,0.20323475694282844
rs17793276,34080980,0.040595044448784874
rs5750102,34084112,0.17544870676701474
rs5755703,34084413,0.4214197691388909
rs1076139,34086009,0.8333095981422445
rs4359744,34091650,0.2721432669107957
rs28369542,34093314,0.40294096380766387
rs2413345,34094919,0.9276692985194744
rs5995096,34099966,0.6309677424163942
rs2071748,34107618,0.9451163621596284
rs9306300,34108278,0.9110513427816254
rs5995097,34108961,0.625353761446557
rs2071749,34113413,0.9327607791188913
rs11912889,34113617,0.9110513427816254
rs5755720,34116873,0.8951526910759227
rs2285112,34119263,0.8562912671292751
rs743811,34122974,0.2747073709042134
rs1078979,34125413,0.8157504131955851
rs743815,34127333,0.8922639305542498
rs4645743,34128047,0.605009767621725
rs713618,34129542,0.7011293497747331
rs713873,34129611,0.8096991481367588
rs4645750,34130683,0.8950940122856319
rs4645752,34130921,0.4957697460523266
rs4645768,34133720,0.3987581086034975
rs133415,34136238,0.6628565477029945
rs133416,34136376,0.24876290082786023
rs133417,34136815,0.39040796611040374
rs2307344,34138708,0.9029315769577105
rs133420,34141248,0.5576467611191687
rs4645794,34142051,0.789146621995846
rs133422,34143158,0.5576467611191687
rs2071738,34144113,0.4311775558173877
rs133425,34144962,0.5576467611191687
rs4645805,34145063,0.36116564203848156
rs133426,34145296,0.7244884117132686
rs4645807,34146412,0.45194980779608473
rs2071743,34147257,0.781319968500801
rs2071744,34147553,0.36116564203848156
rs133431,34147597,0.4875723187663169
rs4645824,34150254,0.45194980779608473
rs4645827,34150589,0.996317329335573
rs12165592,34152764,0.23040564825358534
rs9619542,34154648,0.45199927645498605
rs2413348,34154824,0.8622819668472217
rs8141025,34155457,0.45199927645498605
rs5755729,34157479,0.9243850288445608
rs5755730,34158300,0.712216398975654
rs738207,34159452,0.5556354146883368
rs28408891,34161205,0.9530258850133666
rs28675383,34169849,0.9982358549946859
rs28489405,34179032,0.9982358549946859
rs28528068,34206888,0.31363748404706215
rs28673537,34213397,0.2368305417579858
rs2179082,34218604,0.2368305417579858
rs8140821,34220426,0.5016857868375861
rs9610302,34221048,0.5581304399116556
rs5999839,34223657,0.5016857868375861
rs5999840,34223718,0.5016857868375861
rs5999841,34223750,0.5016857868375861
rs7292841,34224316,0.5016857868375861
rs5999844,34227179,0.3454605510292268
rs4303814,34228264,0.8369323523015448
rs8136332,34228749,0.5181613957648104
rs909704,34229330,0.7738054286111123
rs10483191,34229422,0.5181613957648104
rs34480008,34235013,0.41624999777198735
rs880211,34237198,0.9444009327416674
rs1107498,34237826,0.9365902659620879
rs5999854,34243552,0.5824320771889757
rs5999855,34243922,0.9673438574094025
rs9610308,34245334,0.7409498442907829
rs1534919,34246244,0.9491003338278576
rs4821405,34247255,0.532763225274693
rs713968,34247492,0.532763225274693
rs139059,34249392,0.849983346146091
rs470109,34249783,0.8190118661339189
rs139060,34249877,0.4367348243054995
rs470110,34250001,0.821133985202273
rs139061,34250080,0.7846529717321424
rs5999860,34252550,0.8696915568662321
rs1883299,34253051,0.8181633122335583
rs5999861,34253138,0.8696915568662321
rs9607271,34253355,0.773186587338295
rs4821409,34255376,0.10199417293592193
rs1076653,34255861,0.10199417293592193
rs4821412,34256333,0.0728082348132636
rs2413353,34256914,0.06475557949098405
rs714026,34257407,0.06601189211769144
rs9619553,34263749,0.30040326947368645
rs9607273,34263808,0.8996754193800445
rs13055336,34266814,0.5202841317690365
rs5750112,34268327,0.9482056904578766
rs4820197,34269315,0.10372778409378339
rs5755743,34271477,0.8480683016392688
rs8139398,34271890,0.3629845353371278
rs6518956,34271966,0.4549384011880626
rs2281122,34273930,0.9391721994865804
rs8137058,34274720,0.3629845353371278
rs742202,34276696,0.10321497688662994
rs736211,34278239,0.09516237016737274
rs736210,34278381,0.49194900852025847
rs6518958,34279280,0.22023583970877691
rs17722036,34279567,0.9580972465769945
rs13054394,34280594,0.589268332809596
rs6518959,34282268,0.5571857124491001
rs926336,34282549,0.7995020694733024
rs9607275,34284192,0.1137088905480591
rs2413357,34285844,0.6260695082215855
rs2179248,34286050,0.6519396415693157
rs5750115,34289188,0.8487484413940027
rs738368,34292006,0.1361912823196062
rs5755753,34292532,0.24326897541026926
rs16995847,34293379,0.5595520409992729
rs926338,34294104,0.5974526558168838
rs5750116,34294668,0.9561187277629749
rs4820201,34300150,0.9857291206626169
rs2064145,34300500,0.6702406473528584
rs742204,34301827,0.8317480974809024
rs4820203,34304649,0.533774594130004
rs2009681,34306117,0.9442506824663138
rs9610320,34306137,0.6547723078187966
rs5750121,34306518,0.9442506824663138
rs12160441,34308546,0.6671318324057409
rs4820204,34308561,0.6666069990540575
rs5999879,34308710,0.43847482863807663
rs7287460,34309803,0.8574023501296936
rs5755767,34310006,0.16161416434471965
rs9610322,34310119,0.3170914274599177
rs12628385,34312535,0.7100250113713288
rs738370,34312618,0.37019606207950784
rs932331,34312716,0.9533464018709429
rs932332,34312746,0.24761328044491082
rs1474600,34313378,0.4413102052577189
rs5995123,34313996,0.7847387180483472
rs5755769,34315020,0.3210556586920149
rs4821420,34324057,0.06430171141311167
rs4821421,34324229,0.03379354729549589
rs5999888,34326561,0.9949562148981828
rs4821422,34330493,0.04938083701684534
rs4140603,34331515,0.029072417019382277
rs2899254,34336268,0.029517354255709387
rs5755790,34336678,0.029517354255709387
rs7292,34336991,0.035714556819090235
rs7293,34337021,0.035714556819090235
rs5755793,34341705,0.029517354255709387
rs5755794,34341868,0.029517354255709387
rs5755799,34342810,0.026857189450045504
rs5750135,34344208,0.06915475027656275
rs1997882,34346418,0.06915475027656275
rs1967963,34353106,0.12966168623446664
rs2103768,34362917,0.3852314756160171
rs762910,34363052,0.944995102339164
rs5999900,34363287,0.32700074098569687
rs5999901,34364011,0.46382071087387844
rs10154656,34364764,0.7663738065725925
rs1894469,34368022,0.6883201093320804
rs1894468,34368111,0.2700756165431456
rs2413359,34368232,0.5937491255741965
rs5755809,34368646,0.6989260058006821
rs5999907,34369220,0.29590766360356846
rs5999908,34370110,0.250141419536114
rs5999911,34370400,0.29590766360356846
rs5755820,34371508,0.26733985436433916
rs5755821,34371596,0.47976648093768326
rs9610329,34372932,0.6959246102846889
rs4820207,34373581,0.9151240154245529
rs5999916,34376057,0.8694391456007049
rs5995134,34382267,0.7982325180198503
rs5995135,34383016,0.8694391456007049
rs12157556,34383141,0.8694391456007049
rs12157396,34383181,0.8694391456007049
rs12157362,34383227,0.8694391456007049
rs2413361,34388022,0.5456786708074464
rs5755837,34388194,0.44441042557695287
rs5755850,34394611,0.9358853238968352
rs5750150,34400367,0.9358853238968352
rs8139187,34401483,0.6244651816592475
rs5755863,34401934,0.40258192758567213
rs5755867,34403989,0.643901203000403
rs130402,34410759,0.5315004320711965
rs5999937,34411961,0.5494998995213165
rs8140555,34412363,0.5315004320711965
rs738510,34413551,0.5692767083488997
rs5755893,34419771,0.4522588519940087
rs5995155,34432646,0.042590241829091637
rs1997883,34433655,0.0803569145518007
rs1997884,34433724,0.05972335483042769
rs4820209,34434593,0.08419452663563717
rs5755921,34434676,0.1135905097423474
rs1540297,34440411,0.8686778062671896
rs4821439,34444209,0.1135905097423474
rs5999976,34446026,0.688632439446925
rs2009168,34447800,0.11634388704387637
rs5999978,34447931,0.8723324044645185
rs4821441,34452757,0.8831869225384755
rs2076671,34452876,0.26408142408981927
rs2076672,34453029,0.6574741467589567
rs2073198,34453259,0.26408142408981927
rs2016586,34455210,0.0843076662889967
rs7285826,34455532,0.15174696903138582
rs7291883,34458877,0.5701887831123703
rs5750169,34459797,0.3342771456446153
rs9306304,34460028,0.5701887831123703
rs9610342,34460523,0.6320694447656877
rs5999989,34460732,0.5802847284955925
rs13053958,34462778,0.4305630815895207
rs5999999,34464372,0.1723800299930608
rs926755,34464636,0.6497435380163259
rs9622280,34474337,0.42190992934197125
rs5750175,34479284,0.4448320244514944
rs13055121,34506523,0.24421102126137484
rs5755948,34509041,0.4448320244514944
rs6000004,34510481,0.4448320244514944
rs6000005,34512978,0.9904674456642587
rs5755950,34513934,0.37916826540945325
rs6000006,34521374,0.7558047239649343
rs9610354,34532087,0.596148356444193
rs5750178,34534249,0.4155930239184199
rs6000010,34552415,0.9904674456642587
rs2051579,34561303,0.7116842629743492
rs5755960,34563707,0.8258071249173746
rs5755961,34566664,0.5426769102625959
rs5995172,34580704,0.7220220341291677
rs956119,34582213,0.29713296258598176
rs5750187,34588920,0.14873995522720507
rs9619574,34589506,0.8200739641344101
rs9622297,34598921,0.24984179004658003
rs6000023,34600667,0.42564938414771614
rs5755974,34608686,0.43961992956172324
rs7287809,34618052,0.2991287041145032
rs4821451,34626055,0.14935298447095358
rs5755980,34626074,0.42564938414771614
rs5750195,34628387,0.22787306773350602
rs5755984,34633308,0.22787306773350602
rs6000032,34636212,0.22787306773350602
rs5755990,34636540,0.42564938414771614
rs5750200,34641716,0.22787306773350602
rs6000034,34642932,0.7220220341291677
rs136614,34646732,0.5654541869050458
rs6000036,34650686,0.42564938414771614
rs5756002,34659029,0.22787306773350602
rs5756006,34667722,0.22787306773350602
rs5756012,34677592,0.22787306773350602
rs2899258,34685304,0.22787306773350602
rs5756028,34706989,0.42564938414771614
rs9610372,34708322,0.20223192210463503
rs5756032,34712048,0.42564938414771614
rs9610373,34714420,0.13283985791800387
rs12168968,34721193,0.7220220341291677
rs5756039,34736480,0.2353874540955052
rs6000059,34739936,0.7220220341291677
rs7286305,34742227,0.653055436082588
rs132596,34743237,0.23276908128951157
rs132597,34748226,0.9150944975647419
rs9622318,34748543,0.7220220341291677
rs5756047,34755671,0.7159337478382535
rs1573708,34757430,0.5349957125331348
rs6000071,34758334,0.5468329775389871
rs5995192,34763762,0.5312571476357999
rs5756055,34768527,0.8304459503382796
rs8140469,34772068,0.14777871919862834
rs6000082,34773621,0.2912810776827779
rs6000083,34773651,0.5468329775389871
rs6000085,34774134,0.14777871919862834
rs5756069,34778757,0.38277818908056427
rs132606,34787559,0.23204630450919395
rs5995203,34790020,0.2504280171830704
rs5995204,34790159,0.2504280171830704
rs2413378,34802289,0.4413208268506642
rs4369966,34820431,0.5844681746971218
rs9607308,34821452,0.6986242303247558
rs9610398,34823879,0.8071649014607871
rs878847,34830845,0.9383846504948938
rs876416,34831827,0.9383846504948938
rs6000130,34834625,0.9383846504948938
rs739206,34835716,0.6942806567921394
rs743919,34840578,0.745851253695047
rs16996381,34841225,0.6110738045405635
rs11703384,34841241,0.745851253695047
rs6000135,34842929,0.7629991727738066
rs11089779,34843571,0.43012832014796154
rs4821456,34845215,0.6990344157780128
rs5995222,34846890,0.7683609044127304
rs6000139,34847418,0.7867159930066893
rs1476030,34847944,0.792135834386391
rs7288426,34848907,0.5286910587901671
rs11089780,34848948,0.9986527616243946
rs2413380,34848986,0.8606687111128496
rs5995225,34854819,0.389433764319291
rs1894605,34855927,0.36507198620075265
rs5756080,34857913,0.8828476626679589
rs132612,34858841,0.8371599385917439
rs132617,34863731,0.4072469877373843
rs9610404,34863888,0.41248833389292416
rs3827346,34867839,0.2279198433156433
rs132621,34869469,0.9024997145129638
rs9306306,34869647,0.9837040565036383
rs80575,34869700,0.9067163487846812
rs80577,34869798,0.20740891161186858
rs80579,34870207,0.9067163487846812
rs80580,34870380,0.9067163487846812
rs1807672,34871671,0.8030558607891315
rs132628,34871771,0.42294709315043677
rs132640,34874509,0.4258983037971982
rs132643,34875516,0.8730970902238212
rs2032518,34875607,0.3116324357711513
rs7290574,34875726,0.9258777871019741
rs13056820,34876368,0.12073076143671678
rs132645,34878352,0.16850990343217553
rs132646,34880013,0.19832352277270293
rs2097465,34881862,0.7705051335021127
rs132648,34882348,0.21583402216736147
rs132649,34883127,0.5844150497209093
rs4821460,34885418,0.29733829643190113
rs80584,34885740,0.29733829643190113
rs132653,34886769,0.21452722590357176
rs16996442,34887467,0.0759044493728057
rs132655,34887496,0.5502767154480306
rs6000157,34887569,0.8791930468159338
rs7288802,34887663,0.9837040565036383
rs132656,34887712,0.5502767154480306
rs16996446,34890240,0.9837040565036383
rs132660,34892182,0.5003862438755753
rs6000158,34892942,0.2016214147810722
rs132663,34892970,0.4688227209220267
rs132667,34894975,0.5808528998277449
rs132671,34899790,0.36953682896453255
rs12185880,34900774,0.9837040565036383
rs132681,34904713,0.06253251201734922
rs132683,34905610,0.015471064666824016
rs132686,34906596,0.9215671171908855
rs132688,34906886,0.8804470281500623
rs132689,34907092,0.8804470281500623
rs5995235,34907888,0.3143309809134587
rs132691,34908093,0.019636660428896904
rs6000167,34908800,0.028933268162926268
rs132692,34909112,0.016299055444252177
rs132693,34909507,0.06774973392980523
rs2239831,34913030,0.012717832001564566
rs916338,34914376,0.04649680557747505
rs8136064,34914892,0.19278337905099063
rs1053982,34915510,0.012717832001564566
rs5756091,34915667,0.012717832001564566
rs6000172,34917148,0.005483459176845072
rs6000174,34917225,0.009456243053858941
rs2227167,34917432,0.008214523965750196
rs2269596,34920892,0.05118661064724922
rs2007468,34921326,0.06639729766164401
rs2007706,34922316,0.05118661064724922
rs132717,34926598,0.6816476617494426
rs132734,34927823,0.5891477552385969
rs132735,34927827,0.7102308387138679
rs5995251,34930704,0.4582254152264271
rs6000190,34930787,0.4582254152264271
rs5995252,34931145,0.43240659709969276
rs7364143,34932129,0.6670067915922544
rs5995255,34932725,0.4582254152264271
rs6000197,34933240,0.4582254152264271
rs132744,34934551,0.3305783939301594
rs132745,34935277,0.5236616312716721
rs132746,34935337,0.5236616312716721
rs132749,34936575,0.8464960887907919
rs9610448,34938151,0.9529260741120685
rs132750,34938295,0.790707650967244
rs7289037,34938336,0.44058832226555245
rs11704479,34939580,0.6917584011761719
rs4820222,34939685,0.9529260741120685
rs6000199,34939878,0.8928048849429792
rs8140384,34940517,0.9529260741120685
rs8136528,34941252,0.44058832226555245
rs5995259,34941809,0.6712028441480453
rs1315,34946081,0.8570452497648708
rs4821467,34946146,0.44058832226555245
rs4821469,34946391,0.33029997130202293
rs763086,34949003,0.7575094342470287
rs11703398,34950907,0.8425516429938791
rs2006259,34951559,0.7575094342470287
rs132757,34951655,0.7750448999271946
rs9619597,34952768,0.44058832226555245
rs7285167,34953866,0.44058832226555245
rs11089784,34956223,0.7220576404878845
rs11703957,34956901,0.7220576404878845
rs2010467,34958853,0.5461951633398967
rs2010659,34959579,0.4887262468923985
rs9610462,34960296,0.38294268693942246
rs1001294,34960936,0.4296573524056394
rs2157249,34960985,0.4128458467419539
rs2157250,34961637,0.1729465574612714
rs136142,34962971,0.7297308977595551
rs1557534,34963171,0.21908414324223724
rs136145,34965913,0.46774728086824413
rs4821472,34977906,0.5072163693014078
rs5995271,34978039,0.7527145348383235
rs5756115,34978498,0.7844282210498852
rs9610467,34979520,0.49686696249756956
rs7284919,34982110,0.32136188808168964
rs136148,34982877,0.6906814013742029
rs4820224,34983221,0.9135974456996305
rs136159,34986969,0.6937928399603408
rs129423,34987275,0.5909970027725365
rs136161,34987378,0.28325334035302663
rs713929,34987542,0.5909970027725365
rs713753,34988480,0.28325334035302663
rs4419330,34988801,0.547840090566347
rs2239785,34991276,0.5909970027725365
rs136174,34991482,0.5909970027725365
rs136175,34991512,0.5909970027725365
rs136176,34991592,0.6531148465127526
rs136177,34991788,0.5909970027725365
rs2012928,34993948,0.8731224632807166
rs4821475,34999041,0.3813432774987233
rs9306308,34999716,0.8506597164687881
rs136187,35002222,0.6055683677101601
rs136196,35005096,0.9954808101824997
rs2481,35007346,0.5167998323173215
rs735854,35009004,0.8936860148379437
rs5756129,35014038,0.5601028341670009
rs5756130,35014277,0.6366382809033808
rs2269529,35014300,0.7194416576254603
rs2269530,35014304,0.5966224807554583
rs1476009,35016002,0.1507715446269645
rs6000229,35016105,0.7479877106441972
rs6000233,35017908,0.7479877106441972
rs710181,35021553,0.28938116631482125
rs875725,35021637,0.7479877106441972
rs2239786,35021873,0.6866522338856941
rs875726,35021915,0.5274223686100724
rs16996648,35022698,0.7479877106441972
rs9610486,35023388,0.5274223686100724
rs5756133,35023926,0.515733630978789
rs2187776,35025119,0.3051337421835385
rs4821481,35025888,0.39432049045831175
rs2239787,35028938,0.3360680114901883
rs9619601,35030121,0.45751670246934784
rs8138016,35032095,0.7479877106441972
rs17806543,35034780,0.3879734353930141
rs2239781,35034987,0.6221930727791392
rs2239782,35035050,0.9240901682711948
rs1557529,35035475,0.28938116631482125
rs1557530,35035568,0.6122505276891224
rs2187777,35036688,0.9356182049803166
rs2157252,35036825,0.6122505276891224
rs2157254,35037146,0.6122505276891224
rs2157256,35037607,0.6122505276891224
rs2413396,35038030,0.9073291019112938
rs5750250,35038429,0.39432049045831175
rs3830104,35038570,0.6007923885565524
rs4820229,35038699,0.6930308138824619
rs4820230,35039485,0.9571490995373194
rs3752462,35040129,0.6122505276891224
rs4820232,35040487,0.6122505276891224
rs8141971,35041308,0.6122505276891224
rs5756152,35042418,0.28938116631482125
rs9610489,35043477,0.40280828899404697
rs2239784,35044581,0.26270097798469216
rs1005570,35045220,0.4481793096019484
rs2071731,35048804,0.8033622426691418
rs12159211,35049109,0.45346314971120427
rs5756156,35050725,0.9408647183952032
rs8136069,35052436,0.9172653987652831
rs8136336,35052480,0.48122973743809927
rs11704382,35058098,0.7593272991800915
rs4820234,35059020,0.9408647183952032
rs2413398,35060893,0.6556895561578429
rs1557540,35062483,0.9408647183952032
rs713839,35063884,0.6556895561578429
rs739096,35071686,0.9850078708925246
rs739097,35076025,0.9099674527905259
rs5756164,35078939,0.04415347437590337
rs11089788,35081047,0.3655387971112838
rs136206,35085444,0.36072715414509937
rs16996693,35086202,0.9997965965566108
rs9306310,35088204,0.9902502414311101
rs136211,35088493,0.6987355671280857
rs16996704,35094734,0.543370211232459
rs933224,35095949,0.5874983914653573
rs1883273,35099631,0.6920374712177253
rs6000262,35099984,0.8991266821067577
rs2294356,35100864,0.9090934981230999
rs2294357,35101178,0.7078731785553377
rs2294358,35101202,0.19245882943048664
rs10483194,35102699,0.9997965965566108
rs5756168,35104758,0.0921637882100249
rs9610498,35107685,0.7709382961588661
rs6000269,35116912,0.5199734979082242
rs11703137,35117876,0.10960976791582197
rs738278,35124130,0.19245882943048664
rs9610510,35134228,0.8014844854518908
rs28612632,35145516,0.6800400854112995
rs2413403,35170454,0.64554113255104
rs909675,35174565,0.6726222867812577
rs139932,35174799,0.9296781904153499
rs4643636,35178473,0.7648261323069824
rs139954,35179861,0.46875448359370886
rs139981,35186754,0.46875448359370886
rs139985,35187237,0.46875448359370886
rs79236,35188575,0.42450905006313644
rs139997,35191658,0.3680984527679567
rs139998,35192447,0.19418477405241208
rs139999,35193321,0.3680984527679567
rs7288408,35194426,0.44077944095619814
rs9622397,35195144,0.9027569394187522
rs6000282,35195165,0.44077944095619814
rs5995291,35195331,0.4439720141288038
rs12159290,35195550,0.4439720141288038
rs12159080,35195568,0.4439720141288038
rs12159295,35195590,0.4439720141288038
rs10211982,35197079,0.9027569394187522
rs6519008,35197682,0.4439720141288038
rs2283965,35198959,0.15505707237553354
rs5756202,35200791,0.15728309083624625
rs2281082,35202696,0.11772209703587505
rs6000284,35213020,0.4173709880652666
rs3747163,35214972,0.18228589492171265
rs2564,35215105,0.1952871904105552
rs2281085,35215598,0.1952871904105552
rs2281086,35216323,0.421533341155341
rs5756214,35218012,0.0816500672650568
rs1000427,35220051,0.1952871904105552
rs2011107,35220299,0.114280757365669
rs5756219,35221804,0.904539236791544
rs742144,35224568,0.05986845717885898
rs4820237,35224599,0.2786192050445325
rs2277841,35230217,0.16132061226377536
rs760718,35230752,0.35346669383060647
rs11704715,35236119,0.86410105965814
rs728785,35237044,0.38477861860384166
rs16996838,35242405,0.45621671189849033
rs2076083,35242670,0.4884698849824798
rs2235319,35246102,0.3362770098133583
rs8140240,35249289,0.8702969002812009
rs16996856,35249688,0.9546807405301279
rs12170906,35249800,0.8702969002812009
rs12166028,35250146,0.8702969002812009
rs7364182,35250471,0.8702969002812009
rs742146,35250780,0.8702969002812009
rs742149,35251148,0.45621671189849033
rs1076643,35251560,0.8702969002812009
rs9622410,35251998,0.8702969002812009
rs7364189,35252151,0.8702969002812009
rs6000293,35253090,0.2777006215886956
rs6000295,35253177,0.015185442622509345
rs6000299,35253445,0.41127224251407846
rs6000300,35253537,0.6245352273423981
rs5995296,35254185,0.3515853301521551
rs5995298,35254660,0.4555130791614974
rs140002,35255443,0.3159347700262155
rs5995300,35255544,0.517182752337519
rs9607351,35255684,0.6611245555000227
rs5756230,35258361,0.726995042364945
rs16996911,35264449,0.2846367082156247
rs4821499,35264465,0.5179776651695134
rs6000319,35264767,0.5179776651695134
rs2049972,35265318,0.7186515939519553
rs5756233,35265742,0.7971385264958232
rs713750,35268073,0.5248005904221469
rs713686,35268453,0.5179776651695134
rs2008974,35269333,0.5248005904221469
rs5756236,35270409,0.5248005904221469
rs5750269,35271011,0.43086600756270144
rs2049974,35272269,0.8298102511372663
rs140028,35280246,0.8717582552369594
rs8141227,35281270,0.21208448779624267
rs140033,35283761,0.03398460144310831
rs2228703,35284574,0.0486449324080959
rs4821501,35284885,0.5053670007401687
rs140034,35285313,0.0224611480626325
rs4820239,35288854,0.17194935750385276
rs6519020,35292575,0.4393711191559191
rs7284729,35292712,0.21788222095576504
rs1569488,35295230,0.32890531379750654
rs2267339,35296188,0.5271274461903666
rs9622418,35299629,0.09112498971629782
rs140040,35299878,0.12906975017688171
rs2283970,35300233,0.08469863989786157
rs2050140,35301903,0.05538030094303552
rs2267341,35306921,0.42965716643787366
rs7285742,35310048,0.007569654662414063
rs3788520,35310897,0.009223113892193466
rs11913953,35311031,0.5501863794384372
rs9622423,35311202,0.04757656765272837
rs17735352,35311998,0.5501863794384372
rs4820242,35312621,0.10332390459889418
rs2235682,35313374,0.04757656765272837
rs9619621,35314143,0.035349368227616876
rs9622424,35314253,0.035349368227616876
rs16997001,35314864,0.5501863794384372
rs2283981,35316038,0.7156045910988145
rs2283982,35316173,0.01481905285639172
rs2283984,35318530,0.9369718025135005
rs2283985,35318600,0.7000533522754919
rs926543,35319273,0.9658302355191395
rs2283986,35319352,0.2906674260987153
rs3788521,35322433,0.8153353176932853
rs4821506,35324009,0.24682757136300226
rs4821508,35329460,0.5441156434719792
rs9622429,35331441,0.044763102923545725
rs11704051,35332010,0.19106526315631878
rs4821510,35333402,0.7621538105752484
rs2267346,35337416,0.6315765656853627
rs5756261,35338276,0.6315765656853627
rs713952,35338433,0.7420828436056799
rs738977,35338874,0.6185834573586515
rs6000351,35340813,0.780606281208132
rs12160203,35340875,0.778113249964246
rs1475985,35341594,0.657238441385168
rs5750276,35342520,0.6248535457895686
rs6000352,35342574,0.778113249964246
rs2267347,35342899,0.40488750345516056
rs2267348,35343113,0.40488750345516056
rs2267349,35343326,0.5880860636607743
rs738975,35343339,0.4532197397285582
rs4821512,35343640,0.5510209773284318
rs4821513,35343765,0.4532197397285582
rs5756267,35345140,0.5522704651473418
rs2283992,35345217,0.657238441385168
rs2283993,35345275,0.657238441385168
rs2299831,35345746,0.6019716888292417
rs2283994,35346560,0.5880860636607743
rs2267355,35347836,0.6200880337911824
rs2267357,35347928,0.5880860636607743
rs5756268,35350087,0.5880860636607743
rs738974,35355220,0.657238441385168
rs2032465,35355765,0.5861881600736185
rs131829,35357413,0.551045549365557
rs140527,35357626,0.5363158526132399
rs16997076,35358096,0.778113249964246
rs2283999,35359866,0.5497294561985092
rs9622436,35362109,0.6770178244243623
rs140526,35363210,0.46917786626802627
rs6000364,35373613,0.9256150379160182
rs8137408,35377084,0.6023273084624585
rs1883987,35383415,0.649327250845839
rs2284001,35390300,0.8895819537652878
rs12628674,35392962,0.7040226204542832
rs3888741,35396402,0.7803912433644129
rs2746967,35396435,0.775897535224992
rs2284006,35399975,0.5582044239191422
rs2284008,35403694,0.5004673110625266
rs6000386,35407310,0.022807925442538127
rs2284009,35408495,0.10913530632432855
rs738514,35410684,0.994982472004487
rs12160357,35411343,0.30662238811070575
rs2284010,35411641,0.41577739143313086
rs2284011,35411754,0.29642648851114173
rs761491,35412058,0.35747266530075095
rs9607371,35413440,0.7100056915979431
rs2592958,35414927,0.7619895384706117
rs2284012,35415388,0.32394648369819457
rs738516,35417439,0.2494762331223489
rs2284013,35420289,0.29761162596456814
rs2179871,35421577,0.8563924056513
rs6000387,35422455,0.1319353338653234
rs5750283,35424439,0.27245671451982045
rs2592960,35426047,0.22717396493414033
rs2284016,35426740,0.7342310690478342
rs2284017,35426873,0.5821080433285721
rs2267361,35430206,0.5872592137247539
rs2746971,35431836,0.5872592137247539
rs1883988,35435126,0.5255737534449969
rs6519032,35439255,0.3316215845960546
rs5756311,35439400,0.9252736793831414
rs2064459,35440215,0.3822775146634555
rs9607373,35440672,0.4564712337055583
rs41376249,35440705,0.9968515419627542
rs715541,35446044,0.8252450788079101
rs737795,35447001,0.8987774135174199
rs715582,35447030,0.41026337432192195
rs715581,35447259,0.6372323239743378
rs9619632,35448050,0.6372323239743378
rs738518,35449746,0.33940550297211525
rs999540,35451047,0.5294877994594023
rs9622461,35452561,0.8987774135174199
rs3091386,35455607,0.3976806126714575
rs12484028,35456802,0.8987774135174199
rs1569785,35458541,0.6050208672361255
rs5756325,35459227,0.3976806126714575
rs5756327,35461805,0.7314484104963718
rs5756328,35461880,0.6050208672361255
rs5756330,35463359,0.6861177945187715
rs4821520,35465080,0.7242474128665697
rs4390848,35465251,0.6861177945187715
rs1569784,35466932,0.7314484104963718
rs12484703,35470743,0.9744895233955184
rs2592959,35478881,0.3976806126714575
rs6000401,35479282,0.5292042967611836
rs41466945,35480948,0.776889885273342
rs129333,35483235,0.8185614065719142
rs3827351,35487186,0.995479793444901
rs1048015,35493026,0.872250767061509
rs1048012,35493275,0.9394657113009711
rs5756339,35496403,0.9394657113009711
rs5750303,35496620,0.9394657113009711
rs4821523,35498584,0.9394657113009711
rs4821524,35498671,0.9394657113009711
rs4821525,35499931,0.9394657113009711
rs5750306,35500861,0.9415572148993167
rs2009667,35501557,0.12590163545073593
rs8135284,35512627,0.9970551279109
rs9610583,35523932,0.6930313021525007
rs5756349,35526626,0.25502899246595867
rs2001063,35526917,0.30809463768933076
rs4820250,35527476,0.7905959618795634
rs6519034,35528655,0.9913151887688045
rs6519035,35528822,0.9913151887688045
rs5750309,35528968,0.27830746964570585
rs2022068,35529752,0.3104266055331599
rs4821531,35529893,0.9913151887688045
rs2284021,35531763,0.2575385647477402
rs2284022,35531837,0.2575385647477402
rs4820254,35536287,0.07931765854947836
rs5750310,35538606,0.06199192451309574
rs4821536,35539393,0.8220304746813745
rs2269511,35540602,0.14566965887744524
rs5756362,35555233,0.39279431177541413
rs5756363,35555435,0.9326752029715639
rs5756365,35558223,0.39279431177541413
rs762919,35560154,0.4479583417717986
rs713953,35563269,0.5237399948686499
rs5995349,35564640,0.36515031358865513
rs16985559,35564732,0.2180837834070496
rs5995351,35566573,0.4862183314519457
rs131833,35569860,0.7775037590715009
rs5756370,35572422,0.83874165179473
rs140528,35572571,0.39302781423401634
rs131838,35573166,0.39302781423401634
rs2269513,35573530,0.9945862043536382
rs2269514,35573608,0.8443322993582459
rs10211998,35574823,0.8506947474853288
rs5756371,35574966,0.7071711830002319
rs11913594,35576275,0.6026367689794511
rs760521,35577797,0.4209362519658856
rs730483,35577824,0.28373605703709814
rs9680832,35580379,0.615043748486074
rs5995354,35580805,0.6063562595818286
rs6000449,35581323,0.6063562595818286
rs5995355,35581407,0.6063562595818286
rs10854693,35581956,0.3810920174680147
rs11914104,35582564,0.2410284742653569
rs4821542,35582864,0.18176718345409437
rs7287350,35583185,0.5545284243635171
rs6519037,35583518,0.18781811335801024
rs4820258,35585799,0.13972483843693925
rs1883112,35586792,0.22082207914368968
rs2413426,35587801,0.2334108694057755
rs4821544,35588449,0.7511448318660707
rs741997,35588759,0.670919794036285
rs741998,35588790,0.2740778531347662
rs760517,35588932,0.8109016128927354
rs741999,35589219,0.8837061051399293
rs746713,35589305,0.10831473926266542
rs760519,35593652,0.6134449372120578
rs729749,35593792,0.33510580198799955
rs2284027,35595025,0.3285876684579332
rs2075938,35596268,0.7191404694681546
rs2072709,35597889,0.35842922200391814
rs2072710,35598447,0.35842922200391814
rs2072711,35598501,0.9190540978257842
rs3827352,35599124,0.35842922200391814
rs3788523,35599453,0.896655717622283
rs738148,35600448,0.6731967373785817
rs2072712,35601748,0.3034336013374125
rs11552115,35603688,0.3034336013374125
rs6000462,35604293,0.17209587874066024
rs5756379,35605850,0.7767128636137083
rs4821554,35606030,0.26090378223871225
rs5750326,35606231,0.6332029994850547
rs6000466,35606690,0.15903524149548665
rs5756381,35607562,0.3806877499667035
rs2413427,35607790,0.9012645181140615
rs5756384,35612039,0.4691798013750865
rs2413429,35619815,0.4691798013750865
rs5756390,35626075,0.23780218948902987
rs10483195,35626482,0.39422445357188185
rs735563,35626877,0.43619490809226014
rs723590,35628628,0.23780218948902987
rs6000476,35630356,0.4691798013750865
rs2413432,35635453,0.6243940326326938
rs16997498,35638637,0.5061920344147908
rs4821558,35638731,0.5061920344147908
rs2075726,35639992,0.7024878864949127
rs4821560,35641752,0.744135372928546
rs4821561,35641823,0.744135372928546
rs2899276,35642119,0.744135372928546
rs2413436,35642507,0.744135372928546
rs4821564,35644236,0.6309756241738558
rs4821565,35644361,0.674535379441599
rs4821566,35644453,0.730835186860278
rs9607397,35645934,0.674535379441599
rs5756407,35646205,0.674535379441599
rs4821567,35646334,0.674535379441599
rs4821568,35646422,0.674535379441599
rs5756408,35647794,0.8293297165894922
rs6000488,35651806,0.1518808021718259
rs17811365,35652766,0.28332886958770886
rs7286768,35653760,0.32945474363558036
rs909486,35653934,0.749730555704472
rs1534882,35659491,0.3164214902172603
rs11705394,35659622,0.8105340285656122
rs2075937,35660028,0.2501937564106974
rs738149,35660195,0.2956937749866452
rs5756414,35660725,0.23413988759266635
rs2239749,35661251,0.17128430354919644
rs16997510,35663352,0.7109528148836632
rs16997517,35663882,0.5289986329654106
rs6000495,35664899,0.6910760970586534
rs131842,35665719,0.8828189007444531
rs131843,35667355,0.7747468555857053
rs13055341,35667718,0.5525167019234988
rs9622506,35668232,0.7747468555857053
rs11703148,35668964,0.4231287071199421
rs13056064,35669211,0.5525167019234988
rs131849,35672665,0.849186420451863
rs5750342,35675550,0.05415007396711543
rs5756419,35676241,0.15974707385507136
rs9622515,35676596,0.05415007396711543
rs8137446,35677905,0.08769923445433225
rs9622521,35680827,0.06674824685569995
rs13057045,35685223,0.34703873256470363
rs11705583,35686590,0.1731011951521617
rs4821576,35687115,0.027355842960595688
rs12165584,35689907,0.01898360373782506
rs8142593,35693067,0.26183812565518283
rs8141779,35693146,0.26183812565518283
rs16997569,35695220,0.367299617516051
rs5995369,35696564,0.7776020220186199
rs5995370,35696772,0.7776020220186199
rs8136107,35697254,0.7346417636416991
rs17749540,35697482,0.8508407493312624
rs2858472,35697669,0.7646052803158465
rs2858474,35697968,0.9658465832045257
rs877166,35699094,0.4514384841363852
rs135120,35699323,0.9658465832045257
rs130437,35699411,0.9658465832045257
rs11089816,35699968,0.8652319183772456
rs5750348,35700867,0.8933180016743524
rs7287097,35700934,0.24449098314995166
rs9610613,35702890,0.4514384841363852
rs10470277,35704697,0.20146515178170443
rs12167091,35705063,0.20146515178170443
rs5756437,35705614,0.9980778017327284
rs5756441,35707683,0.9980778017327284
rs5756444,35708397,0.9735359982263877
rs4820266,35708804,0.4514384841363852
rs9610617,35710326,0.6997997163056344
rs1157557,35711620,0.6346834882132859
rs5756453,35712196,0.7529296278737996
rs6000522,35712993,0.4737280759758018
rs4821578,35713561,0.4737280759758018
rs5756454,35713755,0.6346834882132859
rs5756456,35714146,0.7565133760042245
rs2032476,35716003,0.4737280759758018
rs713829,35716866,0.4737280759758018
rs5750354,35717065,0.6346834882132859
rs9610624,35717203,0.7388277056051185
rs6000523,35717407,0.4737280759758018
rs9610625,35717451,0.5721525941130854
rs1573671,35721581,0.7091854312695551
rs1978041,35724337,0.7634637261951434
rs2001062,35724677,0.7634637261951434
rs916213,35727496,0.7476553705614055
rs743749,35728141,0.6932175253109457
rs2413447,35731478,0.8028093454724123
rs738986,35731738,0.8709089894981485
rs2413448,35732726,0.8028093454724123
rs130596,35732765,0.7916916677495512
rs2413449,35732856,0.8028093454724123
rs5756470,35733248,0.8028093454724123
rs16997638,35734113,0.6417135147295613
rs5756471,35734195,0.8028093454724123
rs9610629,35735576,0.9433517588145741
rs6000533,35736280,0.9433517588145741
rs5750366,35736347,0.8028093454724123
rs4764,35737140,0.4064864628309396
rs5756477,35737473,0.8887356126818002
rs130598,35738081,0.7713782651078701
rs470029,35739741,0.4543485888354979
rs5750370,35742913,0.24923352343550764
rs5756489,35747143,0.11847640449078961
rs2187723,35752336,0.4064864628309396
rs8141597,35754794,0.3005218602951546
rs5756492,35754937,0.3817739202262963
rs5750373,35754977,0.18483163663881874
rs228129,35758545,0.2250938040152608
rs2160907,35765846,0.8351137244520203
rs130624,35768597,0.16885950482747702
rs7285681,35769647,0.18469232176486605
rs130629,35772397,0.9765394645950153
rs710183,35780706,0.6083270242563412
rs2235320,35783202,0.7514632468832828
rs760719,35790395,0.5068012071012382
rs2235321,35792872,0.3826319745924025
rs855791,35792882,0.5195417020755547
rs877908,35794570,0.2848767354614581
rs5756504,35797216,0.366947275836186
rs5756505,35797300,0.2848767354614581
rs4820268,35799537,0.5935265115628414
rs2413450,35800170,0.40262079815901786
rs855789,35802801,0.6293660192467718
rs855788,35804025,0.3391035220536044
rs17750017,35806515,0.32660162985192764
rs1005478,35808200,0.7280573497974652
rs7286184,35808721,0.13769007473448847
rs2235324,35815670,0.6878427140768555
rs1421312,35817756,0.5454462372933094
rs2743824,35821491,0.5141775891398643
rs2743825,35822147,0.45452287046789086
rs2160906,35823124,0.0981582818714927
rs732756,35824366,0.0981582818714927
rs228904,35824760,0.0981582818714927
rs733655,35824997,0.216809773958605
rs228906,35825768,0.5541275038340795
rs17750152,35827972,0.9888778935683747
rs4140589,35828965,0.9926113629829625
rs11704654,35829332,0.9070454858997425
rs5756516,35829645,0.9180412495819347
rs228909,35830589,0.9070454858997425
rs228910,35831016,0.9699891854734467
rs228913,35834103,0.7450926252569586
rs228918,35836626,0.9829169732057137
rs2092169,35836808,0.06919829942133807
rs228924,35837196,0.6140446314724296
rs11914132,35839033,0.7593348584328063
rs228928,35839790,0.5768145413350145
rs926331,35840018,0.32294181493574126
rs5756523,35843494,0.6671649364340058
rs228935,35846316,0.9236618334530955
rs16997734,35848578,0.12955335737642315
rs5995385,35849810,0.041109271678664516
rs3218339,35851157,0.10458749930912897
rs228942,35854565,0.21107103281237827
rs84458,35855154,0.2670393392829108
rs84460,35855677,0.6435373954407729
rs228947,35856475,0.013258571382840572
rs3218322,35858044,0.17419787668137743
rs2072861,35858308,0.22596592156170558
rs3218318,35858522,0.2884091578708987
rs2072862,35858552,0.17419787668137743
rs3218312,35860278,0.266417699240846
rs228953,35861382,0.34763583591782776
rs3218297,35862387,0.4664489707655908
rs3218295,35863014,0.432917763572369
rs2284033,35863980,0.34763583591782776
rs2281094,35865417,0.07757751524414686
rs228966,35867460,0.29750705606192995
rs1003694,35869074,0.6163064358899533
rs2235330,35869659,0.2901357473185858
rs3218348,35872616,0.1975034006162364
rs3218258,35874191,0.4858452608985948
rs3218256,35874384,0.9181775589445892
rs3218255,35874432,0.6137573146938443
rs228979,35874877,0.7924012090143067
rs3218344,35875239,0.10464922199206589
rs2016771,35881256,0.5951553035129112
rs743776,35881433,0.5007091745923733
rs743777,35881553,0.5007091745923733
rs229483,35883565,0.5244082087068369
rs929022,35883671,0.5244082087068369
rs9622555,35885531,0.7146383179705578
rs2051582,35888302,0.8645519615200236
rs229492,35890538,0.6279681102714685
rs5756531,35892057,0.28211784847333277
rs12171227,35892413,0.0677179482090786
rs9607420,35896157,0.17499053509031193
rs12167757,35897436,0.04017390439098252
rs1034417,35897773,0.5191263757937407
rs1034418,35897789,0.17499053509031193
rs1573673,35898616,0.2910680790862382
rs5756536,35900791,0.012125864116927756
rs2543528,35901444,0.11415662258838274
rs4821594,35903793,0.05716616750377576
rs229513,35904580,0.021178975539589345
rs11089825,35905344,0.8653400444819953
rs9607421,35905877,0.05716616750377576
rs4821595,35905923,0.27586927112095594
rs11704001,35906005,0.746961661734121
rs229518,35907818,0.021178975539589345
rs229519,35908525,0.021178975539589345
rs229522,35908906,0.021178975539589345
rs10854698,35910084,0.48171332424167324
rs11913300,35910573,0.3048086776562817
rs7290488,35911329,0.4346062533836844
rs229526,35911368,0.40976918648309824
rs229527,35911431,0.510372607774775
rs229528,35911623,0.510372607774775
rs734139,35912112,0.03345807636711969
rs5756540,35912151,0.03345807636711969
rs5995396,35915946,0.26541166072658395
rs229535,35918512,0.03292644573250082
rs5756546,35919751,0.3079389907380451
rs229540,35921236,0.6064409604767216
rs5756552,35921607,0.40976918648309824
rs64547,35922450,0.1965940520993701
rs6000603,35923037,0.40976918648309824
rs4140871,35924771,0.05858140286273806
rs229554,35924866,0.7563524359719555
rs16997918,35925862,0.14193220502437118
rs229562,35929011,0.1965940520993701
rs229563,35929388,0.04124834257845791
rs739040,35929748,0.9802220723098145
rs4821599,35930509,0.05858140286273806
rs229566,35932077,0.9927453122074127
rs2071710,35932967,0.09291624358651761
rs229569,35932997,0.09291624358651761
rs4821601,35938994,0.09318127037499879
rs4821602,35939135,0.4377509573014051
rs4821603,35939240,0.38002067374081805
rs28614056,35940365,0.13813821523949552
rs5756560,35941166,0.9836164760248708
rs5756562,35941753,0.7972420176739208
rs13053175,35943255,0.5293151172286292
rs4820273,35945628,0.517421055000005
rs4821609,35948024,0.9632057185950886
rs4821610,35948082,0.9814283284319167
rs933222,35948583,0.835431115870015
rs933223,35948780,0.9632057185950886
rs5756568,35948884,0.9632057185950886
rs9610671,35948946,0.9632057185950886
rs9610672,35948967,0.517421055000005
rs9610677,35949434,0.9632057185950886
rs9798725,35951215,0.9632057185950886
rs9610680,35951897,0.47301662224297847
rs8137698,35954182,0.517421055000005
rs739041,35954945,0.9332953231197673
rs2284036,35955023,0.517421055000005
rs4140870,35955590,0.6456546782681003
rs2284037,35956048,0.6712158471259101
rs8135343,35957791,0.5840897265202005
rs2285110,35958091,0.7276227970011347
rs9610684,35958939,0.5080476266856373
rs9607431,35959884,0.652314140715818
rs9610685,35960264,0.4082763784294364
rs9607432,35960429,0.4082763784294364
rs9607433,35960808,0.2106437528472811
rs12170612,35962126,0.5080476266856373
rs5995404,35962884,0.6693447081169529
rs12166336,35963296,0.7757961101074741
rs5756573,35963721,0.8767587806361588
rs9610686,35963797,0.3882372181948376
rs11704316,35964798,0.7471578020613223
rs2284038,35965001,0.6848021367190779
rs4821614,35965374,0.6509655189805239
rs2157206,35966297,0.4731714328869423
rs2239774,35967599,0.36095233146995054
rs2239775,35967787,0.8355064854000889
rs2239773,35968235,0.5863832433560219
rs2213430,35968906,0.08667591506417817
rs2413458,35971187,0.8742656754880695
rs5995407,35971386,0.9125585465937404
rs972430,35973510,0.6502871320846122
rs6000632,35974061,0.31970801217814204
rs10212068,35974567,0.5317316393670226
rs739043,35975176,0.5081624462826944
rs4821616,35976238,0.43004425630602405
rs6000634,35977518,0.4908040704053981
rs2413459,35978628,0.43004425630602405
rs13054809,35980790,0.6529731873577405
rs9610695,35988645,0.8560756223357832
rs8139798,35990201,0.695214988465006
rs5750402,35991234,0.9697288802299809
rs5756581,35992382,0.6689354215346704
rs6000645,35994156,0.38176250945328116
rs4820279,35996732,0.8806833921871068
rs4821623,35998524,0.39133266347789875
rs9610698,35999267,0.571555970597756
rs739036,36001623,0.26399504857520106
rs4820280,36003053,0.35109879753469286
rs7284821,36003727,0.9550854214107789
rs2267364,36007350,0.28389649663444916
rs727047,36007665,0.0167504912345926
rs727048,36007838,0.21542008069506968
rs8141057,36007895,0.22004785490720646
rs11705401,36008042,0.014938596897266971
rs5756587,36008150,0.05538271794272691
rs3213555,36008324,0.07261043482048786
rs3213556,36008497,0.2474163923617818
rs3213557,36008511,0.12971686131783686
rs5995410,36008760,0.12605032869318103
rs1041894,36009617,0.6118875582635199
rs1041895,36009709,0.22518859139621905
rs763082,36013322,0.6779854641761844
rs4239887,36013629,0.6779854641761844
rs5756592,36013885,0.7005357991461966
rs5756595,36015685,0.6779854641761844
rs5756596,36015842,0.5077192306086534
rs5756601,36022884,0.573717723192585
rs2239822,36029323,0.25983628320512986
rs3830145,36029752,0.25983628320512986
rs2269591,36037908,0.4145236243439364
rs2269593,36037950,0.48408263591344913
rs3203726,36039959,0.14047512938233528
rs3203728,36040123,0.19549106073168088
rs5750409,36040241,0.1927648131688089
rs2284051,36040515,0.18707525359512966
rs6000665,36043628,0.4692221770848718
rs12710561,36043759,0.38886106753667804
rs933241,36044891,0.4703077783045936
rs1894599,36046583,0.733332974621768
rs1981475,36047366,0.6868192798919863
rs17824310,36048853,0.32392657851878115
rs5995416,36048950,0.5867238760719294
rs1008184,36050214,0.3664867337183998
rs4821628,36052247,0.5999704831239545
rs6000671,36052836,0.878623903879661
rs713939,36056606,0.6301714689171907
rs9610713,36058437,0.5808587947159181
rs5750423,36064398,0.7695566095228246
rs4821633,36068567,0.2497694586260636
rs4820283,36080239,0.5782106569432421
rs4821637,36081613,0.6365686842070754
rs4821638,36081644,0.5439245912487198
rs4821642,36081891,0.4475553971945194
rs9607448,36082598,0.4150106241758744
rs9607449,36082643,0.4150106241758744
rs4821643,36082927,0.5144720157422064
rs2069221,36083202,0.5144720157422064
rs2069220,36083269,0.5144720157422064
rs739189,36083945,0.5993319963735443
rs4821644,36086219,0.808185872178989
rs13055170,36088282,0.5747468340070307
rs4821647,36088676,0.6875915672053892
rs4821648,36089883,0.5747468340070307
rs4821651,36091759,0.8200665561406515
rs5756654,36093808,0.7138492551133949
rs3752518,36094199,0.5492899988067095
rs8142615,36100012,0.38619104759307343
rs7292751,36100303,0.2958583287837264
rs2071856,36100576,0.9084623142100442
rs2071857,36101104,0.7562167506885082
rs4821653,36101931,0.8687810568166675
rs968744,36105174,0.30647996318939363
rs9610726,36109775,0.694666236805494
rs6000704,36111820,0.585631574561414
rs4821661,36112202,0.7074426826359537
rs11089838,36112884,0.5459909307849576
rs17751502,36113297,0.16582167887088772
rs11089839,36117271,0.335322494764273
rs6000709,36119488,0.7708114919429255
rs4820287,36120057,0.6872443283497784
rs9610733,36122459,0.5215923982070925
rs6000711,36122536,0.5215923982070925
rs12628460,36123112,0.3719070858408283
rs7285729,36123354,0.9259470828566848
rs5750428,36124215,0.5842596638083881
rs5995425,36124239,0.9630286162038086
rs12160899,36124797,0.5596073760651221
rs12157866,36125229,0.9571557278303954
rs5756666,36127643,0.9141789477335971
rs5750429,36127746,0.9141789477335971
rs5995427,36128529,0.9141789477335971
rs6000718,36129946,0.6223207006329523
rs6000725,36137249,0.778702220765443
rs9622618,36138830,0.9361304722913217
rs754645,36140402,0.6013797844865854
rs754647,36140437,0.6013797844865854
rs133738,36140653,0.9033808457367132
rs739167,36140723,0.6013797844865854
rs133736,36142116,0.7585268400066778
rs133731,36146883,0.8968896480989818
rs9610751,36148057,0.3288292953749772
rs12158179,36150023,0.7790150120970029
rs133724,36150759,0.7802037426334062
rs133721,36152169,0.56433315790046
rs5995431,36155126,0.8393147887807855
rs133710,36157142,0.8486115426159653
rs133709,36157194,0.36573697033189245
rs1573703,36157657,0.8890106297865121
rs4821667,36160027,0.7333286456993514
rs8136663,36160760,0.8448330506244728
rs133708,36161040,0.3463440249134765
rs5995434,36161864,0.8854020524175965
rs5756677,36165522,0.20263918488050814
rs13053198,36166238,0.3889108404247684
rs2097455,36173185,0.21418594912930689
rs2097454,36173206,0.9574288765888502
rs2413469,36173796,0.07788771966623478
rs6519064,36177411,0.29763629382161594
rs5756683,36186221,0.19952724266388244
rs5756685,36188043,0.11688543821076987
rs739166,36193405,0.19833603071559736
rs3788527,36195003,0.24964798404510358
rs35852296,36195506,0.6799779507328517
rs8192548,36196009,0.37504425443350176
rs9610770,36208417,0.3893857123505948
rs9610772,36209225,0.4829581032730952
rs2284052,36209418,0.19952724266388244
rs2284053,36209504,0.19952724266388244
rs2071839,36212505,0.19952724266388244
rs11089844,36212677,0.19952724266388244
rs3761441,36213804,0.19952724266388244
rs5750441,36216474,0.27342952447298696
rs2015823,36225900,0.4478236478467028
rs742152,36226695,0.08338332625009927
rs140056,36228690,0.9852943577970745
rs12627982,36229380,0.31075913768833474
rs3817799,36229871,0.31075913768833474
rs3817803,36230222,0.31075913768833474
rs3817804,36230553,0.31075913768833474
rs3817805,36230708,0.4249502766215464
rs738304,36232123,0.4138924372968389
rs5750446,36232872,0.5787030194067964
rs5756708,36233524,0.856498143344403
rs2235334,36234197,0.6803968511822583
rs738299,36238961,0.9623683913443698
rs8140025,36240341,0.2996359125556385
rs6000759,36241136,0.13541587623943063
rs7285355,36248062,0.0986097634512048
rs6000762,36248418,0.14204097950369984
rs9607468,36249192,0.7977519757734312
rs9607469,36249213,0.15239428994534696
rs6000764,36250043,0.07558366168912063
rs6000766,36251975,0.07558366168912063
rs8139526,36252360,0.054796403159109205
rs1079982,36259705,0.6575376757457476
rs2103578,36261701,0.05480785980962474
rs2092173,36261792,0.10111042075954252
rs7286335,36264477,0.11159903107298558
rs9610790,36265891,0.10036758991611934
rs8137687,36273245,0.9197907495624567
rs12166327,36273378,0.4459727304235517
rs5995460,36281397,0.9298980840874977
rs9610804,36286160,0.7584962772926025
rs2235336,36288214,0.7584962772926025
rs5995463,36289160,0.793649172364923
rs2076087,36290311,0.3617062178840007
rs2076088,36290671,0.6631899136169631
rs2235338,36295826,0.24888275715924857
rs2281097,36296006,0.32667542590402354
rs4821670,36300812,0.510049975887492
rs5750457,36306737,0.331514793777963
rs9917559,36307251,0.17238102965503743
rs140059,36307364,0.5193036170313168
rs12167061,36307427,0.10241602683812473
rs12485019,36309210,0.24416768539200473
rs12157728,36310288,0.2425549338071119
rs6000813,36310440,0.7217558361958636
rs5995472,36311675,0.25799542969114864
rs12157904,36311958,0.2425549338071119
rs7290515,36314603,0.18405378993001253
rs9622650,36315673,0.8728728432379477
rs4547623,36322650,0.2466468379141793
rs2413472,36325398,0.29351890631357613
rs2413475,36326726,0.3702912650782929
rs12158264,36331450,0.2425549338071119
rs3761442,36333016,0.2425549338071119
rs9622658,36333570,0.6468980089008294
rs5995481,36334148,0.2425549338071119
rs7290615,36335823,0.8482097030826043
rs6000845,36337758,0.8396785148427303
rs761336,36339187,0.7070394019650099
rs2294972,36339981,0.9389896127788319
rs9619691,36342412,0.8375681009914864
rs2273066,36342819,0.2425549338071119
rs3817997,36343118,0.2425549338071119
rs6000847,36352568,0.9095569107687883
rs2071766,36355321,0.9220858430971073
rs2071767,36355767,0.15591397514527275
rs9306321,36362655,0.15005819049515848
rs13053913,36364914,0.867298385655638
rs2227110,36368006,0.8623768891329628
rs1894529,36369654,0.4115724872112191
rs713977,36370788,0.28205899405995805
rs12165814,36373525,0.4115724872112191
rs2051593,36377980,0.15256671949718623
rs749326,36380965,0.5647232592863359
rs9622677,36384208,0.07070225576334702
rs7287340,36384271,0.07070225576334702
rs9622678,36387284,0.07070225576334702
rs732856,36390637,0.19998097104721613
rs732857,36390796,0.07070225576334702
rs6000855,36391396,0.4788075448719151
rs713835,36394596,0.19998097104721613
rs12628135,36395601,0.04465648449452657
rs4820294,36400989,0.23735333975232975
rs929039,36401457,0.15769179270036504
rs12167604,36404088,0.07070225576334702
rs9622682,36404380,0.07070225576334702
rs2899292,36407664,0.42276311746212303
rs5756763,36409185,0.5163446079813383
rs5750472,36411693,0.2240732362640877
rs4820295,36413047,0.23146014703388562
rs762990,36415421,0.09035394523704282
rs743837,36415469,0.06855239587773333
rs9610834,36416520,0.7888927569586535
rs5756767,36419628,0.11087227596816009
rs9607488,36422951,0.8790685453260628
rs12158556,36423115,0.8790685453260628
rs10427722,36423198,0.14145553279190629
rs12627943,36426280,0.3087355182253223
rs12627973,36426643,0.3087355182253223
rs4264658,36429986,0.14145553279190629
rs5750477,36432292,0.9523136481018747
rs4820297,36435927,0.1936635984001237
rs5756784,36437908,0.36373375918227757
rs11089853,36440231,0.6999359901718474
rs739140,36445502,0.8344267787300997
rs5750482,36447889,0.29579694953941926
rs9610841,36451098,0.7651010288186669
rs7284476,36459278,0.6545553078528517
rs8140958,36460418,0.36373375918227757
rs4821702,36464082,0.4471764410009277
rs4820303,36464112,0.3244166925626154
rs5756802,36471332,0.36373375918227757
rs762982,36474181,0.3448767386579191
rs5756805,36474564,0.8754650684124405
rs4821704,36476531,0.9827802542943074
rs11089854,36478828,0.3448767386579191
rs8139381,36481462,0.360794903281513
rs4821705,36482875,0.36373375918227757
rs875300,36487751,0.7602200516805714
rs3788530,36488687,0.8443451283893586
rs4821708,36494052,0.3448767386579191
rs1047326,36499992,0.10985957958430971
rs5756813,36505423,0.35619891982442853
rs11705616,36510433,0.3448767386579191
rs4821714,36522398,0.17305413487622046
rs2413485,36523866,0.13651675101539862
rs5756825,36529896,0.5603268611757225
rs11703407,36530070,0.20003679840798905
rs6000898,36532345,0.20003679840798905
rs1894644,36532498,0.5880458575478417
rs2071910,36534205,0.20003679840798905
rs763137,36535006,0.5880458575478417
rs2285177,36535840,0.20003679840798905
rs2285178,36535935,0.20003679840798905
rs929104,36538457,0.5182256321556351
rs13911,36542708,0.3432589938522287
rs2017022,36543329,0.3432589938522287
rs4821717,36546704,0.3432589938522287
rs7290156,36548583,0.36132952951157193
rs7290169,36548647,0.36132952951157193
rs6000905,36571378,0.6416264025700271
rs2899293,36572759,0.6160121894396411
rs4821721,36574162,0.6266934727291777
rs2157472,36581632,0.4186737267388446
rs11913731,36585145,0.35537441249398216
rs4821722,36585271,0.35911862342764234
rs5756843,36588756,0.6160121894396411
rs16998570,36591537,0.87126651437963
rs139838,36598868,0.5712892282639427
rs139842,36602875,0.6160121894396411
rs9466,36603695,0.4581007631892823
rs17752670,36612843,0.984707493125329
rs139852,36613551,0.35911862342764234
rs9610864,36616090,0.7279278832351606
rs139853,36619998,0.7170321985449805
rs84445,36621020,0.5395976554312099
rs139857,36622920,0.6160121894396411
rs34517070,36627427,0.45591113261523997
rs4821723,36630913,0.6160121894396411
rs5750508,36633101,0.8212744946178903
rs6519091,36637855,0.6149710858278956
rs2899295,36642366,0.6461850063777874
rs5995518,36644124,0.7544479677978777
rs12628891,36647083,0.6788551350645263
rs2072859,36652296,0.7107722467557696
rs3026629,36659231,0.9952964376857728
rs5756853,36659470,0.9536754128791862
rs139859,36671080,0.9952964376857728
rs139860,36673089,0.9536754128791862
rs9610885,36683892,0.9198788800911009
rs139866,36684630,0.975264856737208
rs3026641,36694151,0.7430275052016425
rs139879,36694498,0.9464670487870757
rs139883,36698973,0.7396549048537433
rs139884,36699922,0.9464670487870757
rs139885,36700985,0.8259849772518073
rs139886,36701274,0.8259849772518073
rs139889,36716733,0.6295174691354133
rs139891,36717860,0.9579080905046868
rs139892,36718149,0.9579080905046868
rs84770,36720074,0.9579080905046868
rs3026659,36726166,0.3425034870966681
rs139895,36726980,0.8444093901975815
rs139896,36727743,0.7014128569008232
rs139897,36729044,0.8444093901975815
rs139898,36729925,0.6670350722354361
rs139905,36739542,0.8530051391234458
rs713991,36755989,0.9499214328620996
rs8142174,36757909,0.836307628146608
rs6519095,36761863,0.836307628146608
rs742395,36777390,0.8159234137400946
rs4821733,36779340,0.9569871124301602
rs2018980,36780566,0.9687121371263425
rs8142185,36781026,0.3995388010417036
rs3026681,36782086,0.5513827547066423
rs3952,36786544,0.3995388010417036
rs738443,36788627,0.9687121371263425
rs3026685,36792626,0.30591335642394835
rs3026688,36793087,0.3103523139278187
rs2076369,36793598,0.9687121371263425
rs2076370,36793914,0.9732528899173725
rs7289911,36798578,0.4478112557374905
rs2012859,36803652,0.6156489500570306
rs2076371,36804642,0.9959453041022189
rs1004764,36804798,0.7271759358743632
rs2235573,36807876,0.8053331308630604
rs2267366,36810605,0.614885073825653
rs132928,36816684,0.7818010169820454
rs132930,36816975,0.8593476102624565
rs132931,36817472,0.8593476102624565
rs4373009,36820002,0.6039557715322128
rs9798787,36826200,0.6077836984684655
rs6001003,36829878,0.9590705757152582
rs4821737,36830328,0.9590705757152582
rs4821738,36830426,0.8459656319762576
rs5995536,36830773,0.9590705757152582
rs4296527,36832873,0.9196654961161923
rs11089862,36835692,0.7504215966705412
rs9622726,36836634,0.29577479232022263
rs11570768,36837931,0.20868775278787155
rs2076114,36839385,0.20868775278787155
rs2076116,36847351,0.5811826564352545
rs4820314,36848484,0.3727251261732849
rs11570734,36848568,0.19953449521045774
rs4820315,36848677,0.3727251261732849
rs2072867,36849281,0.4293316038534697
rs3827354,36853011,0.06537348471012724
rs2076118,36859446,0.3796555423116539
rs11570662,36861937,0.4773770451009913
rs8135937,36862234,0.20868775278787155
rs3788534,36863917,0.3727251261732849
rs3788535,36863991,0.3727251261732849
rs5750542,36864453,0.07665442315483562
rs6001020,36868192,0.5246830817646391
rs2076112,36868768,0.10197998637184176
rs2076113,36868858,0.22585171483894195
rs4375,36868987,0.26938128936418804
rs11570645,36869366,0.5008608396625103
rs2284060,36873399,0.3800663286517919
rs2284063,36874244,0.3120777009047553
rs6001026,36875309,0.23783153174965843
rs6001027,36875565,0.3120777009047553
rs5756931,36875979,0.10011488457399012
rs5750547,36876646,0.2810281214394251
rs132946,36878535,0.688738286994111
rs6001031,36886206,0.24935429239471218
rs4376,36890691,0.8752285132882638
rs132966,36891508,0.8752285132882638
rs132985,36893417,0.3221598193801706
rs9622746,36893987,0.4334287611612516
rs11570601,36895784,0.7277017287974649
rs132991,36896277,0.8752285132882638
rs133024,36904012,0.2576573822945384
rs133029,36906261,0.40330383674528447
rs2267371,36907065,0.23132230550680455
rs8140036,36914650,0.34368324611219336
rs11912714,36918048,0.34368324611219336
rs4821756,36918105,0.40330383674528447
rs4821757,36918456,0.9958741050779881
rs4821758,36921136,0.8244467598099152
rs2413506,36923074,0.09729349675097611
rs2899297,36924614,0.3123765102423277
rs5756968,36925186,0.3123765102423277
rs3761445,36925357,0.3123765102423277
rs4608623,36927324,0.1487445412311383
rs4820325,36929924,0.4045191633569617
rs2267373,36930488,0.4045191633569617
rs2267375,36931177,0.4045191633569617
rs11914181,36932086,0.5085678658654176
rs4444637,36936726,0.14337591469181635
rs6001054,36944041,0.049700596922887585
rs4821767,36944075,0.40955767948927424
rs11089873,36944879,0.8279577434865897
rs2235265,36947279,0.28702109968487777
rs5750562,36950003,0.3775846022005902
rs11914064,36953660,0.25351890992566073
rs5756980,36954979,0.23884116034396063
rs7289126,36958252,0.8990566923080006
rs2267376,36958685,0.6651537706518988
rs2267380,36961714,0.7555183707480808
rs4820328,36965625,0.8990566923080006
rs6001064,36968017,0.6651537706518988
rs2018805,36972289,0.6698211920375932
rs9610922,36976406,0.6651537706518988
rs16998847,36976846,0.544020930157249
rs5995558,36977585,0.7751184898755323
rs9610923,36979729,0.43933790564387354
rs9610926,36983521,0.5462289370907083
rs9610927,36983635,0.45395655376398014
rs6001074,36985543,0.7060293920143856
rs135710,36986631,0.6205427653168926
rs135711,36988523,0.6298932314832131
rs135714,36990357,0.6298932314832131
rs7290882,36990512,0.6420743415722243
rs135715,36990817,0.6298932314832131
rs2006730,36991806,0.7262293737471267
rs135718,36992230,0.7262293737471267
rs12485196,36992342,0.8658046235032288
rs135720,36993765,0.7262293737471267
rs135721,36993802,0.7128985537100632
rs135722,36994017,0.7262293737471267
rs2413511,37002431,0.9874139368690035
rs9622771,37005684,0.5582084840200346
rs17753394,37008333,0.5582084840200346
rs135736,37008510,0.4745095014704447
rs9622773,37008692,0.5582084840200346
rs5750576,37009727,0.9376200615403364
rs135745,37013583,0.6916957770368701
rs135749,37015465,0.41297262005841984
rs2075983,37020644,0.6200813194428432
rs2075984,37020835,0.38287356534436257
rs3890379,37022326,0.5738833169733757
rs1534891,37025045,0.5397701243850688
rs6001093,37031339,0.8457987921890746
rs7284708,37033052,0.9558187602484838
rs135763,37038350,0.35048524164709904
rs867198,37038552,0.5738833169733757
rs1997644,37045168,0.8108630922794564
rs5757037,37049135,0.46013533312067856
rs7289981,37049908,0.5867350189752804
rs5750592,37055087,0.2845603157382689
rs13054361,37062770,0.8958244375319053
rs5750597,37071739,0.023063191079278466
rs7288109,37076315,0.8983265157193049
rs9619738,37077868,0.5750730582194614
rs9622792,37080966,0.2845603157382689
rs5995572,37083257,0.2845603157382689
rs9619741,37083380,0.31435565270635946
rs6001102,37083902,0.2845603157382689
rs6001106,37096628,0.2845603157382689
rs195312,37099261,0.2845603157382689
rs195314,37101786,0.02761924855966144
rs196105,37117885,0.2845603157382689
rs138366,37119882,0.0377732555285611
rs138367,37120077,0.09256766115813143
rs138368,37120474,0.45523467852626287
rs7289871,37127863,0.874100988072647
rs138382,37128133,0.3635749302912422
rs34500977,37129247,0.24403581372870642
rs138392,37137090,0.3625852758990932
rs11089885,37139431,0.1537547241725707
rs885867,37141228,0.80535904122308
rs138396,37142946,0.04386909178205056
rs111105,37143121,0.04386909178205056
rs138399,37145489,0.0766540718614302
rs11089887,37148622,0.2980453428626817
rs743942,37149559,0.6758894185126625
rs196054,37151450,0.5466427950765822
rs196057,37152246,0.6713121876124383
rs2269608,37152467,0.6480810163093014
rs196059,37153082,0.6713121876124383
rs196060,37154579,0.6713121876124383
rs11704277,37156745,0.33196700490546494
rs4821787,37159720,0.8389179202766319
rs2267384,37161150,0.6287557673923988
rs2267386,37162058,0.9533441813520019
rs196074,37162458,0.6309456032931375
rs2267387,37163212,0.426092646613647
rs9607537,37169431,0.6063831202029065
rs2267389,37170167,0.2251318295797301
rs17753650,37170283,0.09997505150094745
rs196082,37171282,0.6529433913105649
rs196088,37174749,0.6133639195695764
rs196091,37175734,0.6529433913105649
rs46629,37177596,0.638562487570605
rs4821788,37178150,0.8605131404040511
rs9607541,37179366,0.9940872069184846
rs196094,37179625,0.6599598794540996
rs196067,37183623,0.21807952453652524
rs138407,37188272,0.7105331699848858
rs138412,37189954,0.7977826775007499
rs138413,37190017,0.7977826775007499
rs2269609,37194406,0.794895352505734
rs5995580,37195809,0.36351079447063117
rs401933,37205495,0.4624806293669653
rs12004,37207407,0.22726188261946068
rs138435,37207864,0.4624806293669653
rs138436,37208704,0.4624806293669653
rs2071887,37208956,0.3294008929748945
rs16998989,37209441,0.07996919179963781
rs1043402,37209634,0.22726188261946068
rs763121,37209886,0.3294008929748945
rs138437,37210633,0.4624806293669653
rs86796,37211400,0.44322255544712297
rs5750609,37214721,0.2558903625700263
rs138441,37215573,0.4624806293669653
rs2267390,37219603,0.22726188261946068
rs138457,37227997,0.44322255544712297
rs12627803,37228761,0.05884918425962412
rs9619748,37229931,0.5851810194052713
rs138462,37235392,0.47637602105324983
rs138465,37237795,0.5763682272274879
rs138466,37239177,0.47141097829085277
rs1946990,37242717,0.44322255544712297
rs5750616,37248840,0.5305637078107304
rs1980455,37255665,0.3597953776523196
rs16999046,37262521,0.4624806293669653
rs9917599,37266550,0.4624806293669653
rs5757133,37277781,0.18351497099225422
rs11570392,37288206,0.4624806293669653
rs1569492,37305457,0.3150537593006618
rs16999109,37311977,0.2410028527009721
rs5750627,37312267,0.2645509120035002
rs4560233,37312388,0.13377913304223585
rs5750630,37315764,0.13377913304223585
rs1569493,37318290,0.09245180984328379
rs6519120,37321339,0.13377913304223585
rs5757169,37333441,0.2645509120035002
rs6001173,37345248,0.2645509120035002
rs4821797,37346128,0.3579990134850711
rs5995599,37348125,0.4427506050870458
rs5757184,37349799,0.2558903625700263
rs5757187,37351468,0.13377913304223585
rs760645,37362216,0.2751315277537131
rs11089893,37362294,0.20191166775899494
rs16999173,37364732,0.2410028527009721
rs5757193,37364813,0.13377913304223585
rs5995603,37370679,0.08010481949596757
rs2205802,37376273,0.13377913304223585
rs5757204,37376646,0.13377913304223585
rs9622836,37382513,0.9247366070345386
rs5757213,37383834,0.06746418622621501
rs2072795,37394155,0.17910241746442845
rs2072796,37394176,0.17910241746442845
rs3827356,37394752,0.47610328257878454
rs4821807,37395528,0.2313843248103281
rs3761454,37396766,0.17910241746442845
rs3761455,37396797,0.832735815638022
rs3747173,37398991,0.17910241746442845
rs1065201,37399456,0.17910241746442845
rs5757226,37400496,0.17910241746442845
rs6519132,37400868,0.2410028527009721
rs5757231,37401604,0.17910241746442845
rs5750662,37402418,0.17910241746442845
rs6001191,37404398,0.17910241746442845
rs4821811,37405091,0.17910241746442845
rs16999224,37406533,0.2410028527009721
rs5750668,37409910,0.18194404132414277
rs1056610,37410024,0.3372422318897087
rs10135,37412120,0.3372422318897087
rs4820345,37421097,0.17910241746442845
rs5750671,37424565,0.3372422318897087
rs28362527,37431025,0.2410028527009721
rs5750672,37434114,0.17910241746442845
rs4821815,37435653,0.46373069480699325
rs2284073,37435894,0.3372422318897087
rs16999281,37438579,0.2410028527009721
rs9611012,37445619,0.1769598421196238
rs138695,37450184,0.2410028527009721
rs138696,37450440,0.2410028527009721
rs6001209,37451198,0.13590962599596057
rs16999297,37451984,0.2410028527009721
rs2235230,37454413,0.13099132381005577
rs2235229,37454858,0.1427424273141608
rs4820346,37455020,0.03720077798002683
rs16999301,37455475,0.2410028527009721
rs138699,37459654,0.18217547534056344
rs1043441,37460910,0.17424178087459186
rs1043312,37461673,0.36999056150635146
rs138702,37462547,0.2606088677015921
rs138703,37462694,0.36999056150635146
rs138705,37463749,0.2606088677015921
rs2072797,37464153,0.2558903625700263
rs138712,37471546,0.2606088677015921
rs2072798,37478429,0.2257084937028121
rs2072794,37480489,0.2606088677015921
rs7284966,37482358,0.29632345189582665
rs9611018,37485819,0.11477936836856929
rs4303811,37487701,0.8512304513401765
rs5750678,37490063,0.9279604324920527
rs5757277,37493802,0.33183694244881
rs4821818,37495985,0.9427521548501935
rs5757280,37502008,0.8629725741944358
rs4821822,37502057,0.84824487433888
rs14040,37505213,0.1301483956248788
rs738144,37508321,0.06607171332985143
rs760482,37508647,0.2583604423289795
rs12484954,37511542,0.8464990657750886
rs6001225,37514585,0.1301483956248788
rs3761456,37520411,0.13068513220898434
rs926215,37522172,0.9292806098024818
rs4821826,37522941,0.13068513220898434
rs738141,37523012,0.13068513220898434
rs738142,37526883,0.10325073343368464
rs713863,37527885,0.7348299389870863
rs5757290,37529882,0.24243588227403956
rs4443097,37539785,0.826304289852513
rs4821837,37540775,0.8709173633206794
rs760484,37543435,0.7348299389870863
rs5750683,37544092,0.11735066781374048
rs7288826,37544720,0.07064005955396102
rs741977,37546247,0.2621244518393432
rs2235135,37546613,0.7873815741905213
rs8140217,37547947,0.07064005955396102
rs2252528,37549878,0.9723157914426312
rs4140576,37550854,0.2667206686289644
rs5757299,37552598,0.19839858773045338
rs2235137,37553518,0.19839858773045338
rs713726,37557991,0.6238403129491028
rs737776,37559539,0.24474612925840988
rs9611034,37560830,0.09736140213935895
rs6001251,37562709,0.9155526667573053
rs5757308,37565778,0.19025703800548055
rs1076116,37567783,0.7296376207490398
rs12628179,37571240,0.2779819699613486
rs6001258,37575529,0.041643867871255874
rs13053505,37575564,0.09771872823045587
rs5757312,37585537,0.4220387116953087
rs8141420,37587343,0.2350783660463064
rs735306,37589978,0.482412259575247
rs11913682,37605946,0.4925448765264161
rs4361209,37611582,0.4695200474232719
rs132499,37612289,0.604558471605093
rs132500,37612591,0.604558471605093
rs2142836,37617065,0.3158523559012629
rs132506,37617105,0.5115713855153041
rs469987,37617301,0.604558471605093
rs132508,37617856,0.604558471605093
rs5750695,37621203,0.604558471605093
rs132513,37621572,0.604558471605093
rs132514,37621804,0.7334234060113128
rs2413552,37630882,0.604558471605093
rs5757362,37636026,0.9242140925365181
rs4820357,37636576,0.35505347089475636
rs5757366,37636730,0.52967589368035
rs729809,37646678,0.6018430413684195
rs5757373,37650774,0.3380168316863985
rs5757378,37658664,0.4677225313568416
rs17000526,37661292,0.1516158697731425
rs7288049,37662175,0.25663839366648356
rs1014971,37662569,0.11607926604916971
rs5757387,37663286,0.6778306091876058
rs17000544,37667446,0.5920527927932817
rs17298311,37668283,0.9847955369167152
rs17000548,37669726,0.6105180579692226
rs4821843,37670583,0.6742335644496665
rs7289653,37673029,0.2837731168643842
rs7289804,37673134,0.2917086096606235
rs5757395,37673238,0.3819659127086128
rs11914037,37673419,0.04265436108980542
rs9619782,37676625,0.47398834309665927
rs5757399,37677724,0.4549773510786371
rs5995640,37679563,0.47398834309665927
rs17370615,37680168,0.9087666361637516
rs17298479,37681412,0.966097498524937
rs12157810,37683118,0.3211286212395317
rs4365560,37685055,0.3211286212395317
rs2142833,37722242,0.14988678035777983
rs6001363,37722426,0.14988678035777983
rs9622902,37723380,0.031146707910124694
rs9611069,37725558,0.91202434632841
rs9611070,37725653,0.07476722499159251
rs6001376,37737345,0.8817095081193228
rs1883277,37742875,0.9687023097746758
rs1969643,37743614,0.24578031417586843
rs2142834,37748559,0.8319035919130535
rs5757432,37758865,0.48131787960518213
rs8139110,37759155,0.5640722218662475
rs5750726,37764853,0.4786506584949397
rs2413565,37768605,0.5616979464159555
rs4821862,37771149,0.5616979464159555
rs2014881,37775326,0.5602656126362577
rs2076101,37775500,0.5602656126362577
rs6001402,37778657,0.47230341126064335
rs5757451,37778696,0.6449761461531691
rs5750734,37779449,0.6501226750195039
rs5750735,37779601,0.5602656126362577
rs5757462,37802489,0.21856441682662042
rs12160242,37803793,0.6158215621460674
rs34798692,37805133,0.9148143164527067
rs5757465,37807069,0.7090508672875011
rs3736685,37807337,0.17251679876947545
rs8177832,37807512,0.17251679876947545
rs10427620,37807918,0.17251679876947545
rs3091374,37810191,0.7960037674946168
rs2413570,37811133,0.7960037674946168
rs139272,37817611,0.20515941559348727
rs139275,37818506,0.712905185664247
rs17000751,37821079,0.6619171188790858
rs139291,37826145,0.9286799410329019
rs139294,37826358,0.5322338012465784
rs139298,37827398,0.5420386981102128
rs139314,37829550,0.958850909951057
rs139316,37829709,0.5306794982802293
rs139317,37829848,0.5306794982802293
rs6001442,37836922,0.9666244344083164
rs738469,37840941,0.21964277557066003
rs139358,37843476,0.599384167715138
rs139371,37849142,0.5048104612863604
rs4821867,37850761,0.7341289425679257
rs79501,37852886,0.6664359602456562
rs13054347,37855382,0.6364980964609682
rs139379,37855737,0.8579254256424713
rs139382,37856706,0.7500982672291951
rs710190,37857736,0.45642481126394985
rs710191,37857760,0.45642481126394985
rs139383,37857855,0.46273556293343565
rs79503,37858386,0.45642481126394985
rs713841,37858975,0.8719834817832071
rs4820369,37859079,0.30486557676934645
rs11089928,37859375,0.6129103883351842
rs714016,37862500,0.8719834817832071
rs139390,37862799,0.992100713091731
rs139393,37867878,0.992100713091731
rs139394,37868160,0.992100713091731
rs877529,37872238,0.5151182410161839
rs2281258,37872840,0.30486557676934645
rs2235686,37874240,0.30486557676934645
rs139404,37877147,0.41169310501700995
rs12158877,37879372,0.5543983535909017
rs139410,37882543,0.5543983535909017
rs139412,37882949,0.9163578371757362
rs139413,37883718,0.5151182410161839
rs139416,37884695,0.7991035291802646
rs139418,37887108,0.45642481126394985
rs139420,37887360,0.3691374690385357
rs139426,37890612,0.7249814057061823
rs1003991,37895842,0.9920828340641624
rs11089929,37896931,0.5006318709954432
rs12171203,37899096,0.6549990458654238
rs6001470,37899421,0.5748513185704974
rs926544,37901380,0.7360150181253983
rs6001473,37902513,0.6225776432942836
rs17000830,37902904,0.2154937163684576
rs5750761,37905638,0.38994819151073623
rs12166894,37905794,0.37524585563651447
rs738470,37911223,0.8903482836406085
rs5995693,37912614,0.7475636270431474
rs7511618,37913708,0.6710226786681186
rs2413573,37914383,0.7886319379799529
rs5750764,37915370,0.6022070379116599
rs17394203,37916194,0.7793499815683413
rs5995694,37919298,0.806329252925113
rs5750769,37922127,0.7429863441026248
rs5757528,37922227,0.9344168759057991
rs6001491,37924686,0.9646904676297431
rs2064309,37929247,0.36209087375068494
rs5757546,37929691,0.9877614115401848
rs4821872,37930597,0.540836882886983
rs742502,37932464,0.6096141695476354
rs13058433,37933330,0.7125453541329844
rs5757556,37933875,0.6918812350066788
rs12484719,37938026,0.7270393433413833
rs12484710,37938139,0.6857373695982134
rs5750776,37938679,0.8188891756776958
rs130658,37940385,0.4071602149731064
rs130657,37940593,0.6096141695476354
rs135175,37942030,0.9763708140707861
rs2040399,37945263,0.9763708140707861
rs9611116,37953998,0.6779747891712223
rs9611117,37954051,0.6076442204586447
rs5757570,37954184,0.7966973926148597
rs9622978,37955014,0.6076442204586447
rs2239768,37956365,0.5060626544556335
rs11704525,37959275,0.4835107237678279
rs9622979,37959555,0.815537221487859
rs2247128,37960233,0.1091143712480356
rs879180,37961493,0.8719531437419048
rs5757573,37963568,0.2653032092475217
rs2267406,37963695,0.8679337311650797
rs5750781,37964380,0.83188202080004
rs2413582,37989600,0.9011403949383722
rs8137082,37989673,0.26232626341979914
rs2413583,37989719,0.10664092193892769
rs742403,37990136,0.738317792898994
rs5757582,37990978,0.7693796789429063
rs17000920,37991033,0.26232626341979914
rs17304019,37991543,0.5953311711174644
rs11089938,37992649,0.21685663349329443
rs4820372,37993012,0.2568136644690464
rs1569496,37995147,0.6365440131369886
rs2103588,37997079,0.26232626341979914
rs968451,38000797,0.9129113420705375
rs1007117,38005716,0.5411567775806206
rs1003643,38006440,0.5720170935211342
rs1003644,38006690,0.7193811688429813
rs137580,38007687,0.09429772629511465
rs137581,38007784,0.392316245425509
rs1569501,38013480,0.75037862305641
rs79290,38015778,0.031015234990853742
rs54211,38017430,0.08430816887369295
rs16985788,38020097,0.5872423307412213
rs137602,38023354,0.049529320923811924
rs137603,38024171,0.03016632464104803
rs137612,38027956,0.03016632464104803
rs17000979,38030704,0.0640132254894403
rs137618,38035050,0.12033391640058043
rs17000981,38037963,0.059099394117425166
rs5757611,38038303,0.9492459566347842
rs2014842,38038955,0.4755522623198688
rs2076124,38039551,0.5872423307412213
rs137620,38039722,0.6525553433316285
rs137621,38040190,0.531649731444416
rs7285530,38040610,0.3645411046093907
rs2076125,38041297,0.9492459566347842
rs126230,38042260,0.06343322740320621
rs12484030,38042882,0.059099394117425166
rs738331,38044162,0.26023259861355985
rs1569498,38044650,0.7664175646091766
rs137625,38044854,0.08430816887369295
rs12483879,38049094,0.055980295519938425
rs5995711,38050294,0.3645411046093907
rs12627970,38051691,0.9492459566347842
rs12627761,38054083,0.9492459566347842
rs137653,38062117,0.3363990064130079
rs137682,38068371,0.9221331175315728
rs137684,38068671,0.7883873809003545
rs137685,38069574,0.4085152406969135
rs9607634,38075187,0.2301599640241626
rs12166817,38076370,0.8749704374646752
rs2069235,38077726,0.2971670245801704
rs11705183,38078317,0.9991939077041343
rs2049986,38086800,0.5187924078340721
rs4821887,38086931,0.7154649966595306
rs5757637,38088487,0.8614307252531167
rs739363,38090829,0.5289770706385142
rs2012907,38091201,0.4676078716129495
rs5757642,38094770,0.4465463309035477
rs5750806,38096957,0.5467917565326679
rs1569499,38099764,0.4465463309035477
rs1010169,38108113,0.43437348923719243
rs1010170,38108273,0.43437348923719243
rs5757650,38108365,0.3763684371811269
rs1043395,38110907,0.15778128242604073
rs1007337,38111531,0.5372940195550604
rs9611169,38112973,0.43437348923719243
rs5750810,38122889,0.4455579382696584
rs5750811,38123012,0.4455579382696584
rs5750812,38123025,0.548316905934096
rs35515473,38124380,0.9189779060616806
rs5757655,38127124,0.548316905934096
rs4821893,38127725,0.31325785125037775
rs5757657,38128375,0.548316905934096
rs4337572,38130650,0.548316905934096
rs5750816,38140325,0.4455579382696584
rs5757659,38142355,0.4132604067399257
rs6001585,38142932,0.6275364352354692
rs5750818,38150831,0.4455579382696584
rs4821895,38152961,0.4455579382696584
rs739141,38154396,0.40620333753706117
rs5750820,38155268,0.4319842562666597
rs5750822,38156734,0.4455579382696584
rs7949,38157499,0.4455579382696584
rs9611174,38158671,0.09673240899715485
rs5757670,38159682,0.4455579382696584
rs5750825,38161224,0.2115973454725537
rs4821897,38165533,0.16215509333567546
rs5750830,38170774,0.26854259602393993
rs5757676,38171646,0.7538555419418064
rs5757678,38173355,0.20196883860653936
rs5757680,38174739,0.20196883860653936
rs1005522,38175844,0.15018788096532293
rs5757682,38178205,0.15239490512296758
rs5757683,38180120,0.15239490512296758
rs1557541,38181916,0.1322350664900147
rs738289,38185829,0.15239490512296758
rs909674,38189115,0.09727372091914702
rs6001601,38195421,0.2719981330958805
rs2284076,38196884,0.7559898842177839
rs4820378,38199155,0.6202896414033663
rs5757690,38202646,0.6250852269430212
rs1003538,38202653,0.7917192278380063
rs9306336,38203416,0.3494477716886092
rs12484278,38203883,0.6218444272671101
rs2899319,38204260,0.9913962258082192
rs760712,38204736,0.5366579136563868
rs4821901,38205912,0.3494477716886092
rs17001167,38211086,0.5416772972287477
rs4821902,38213290,0.9026146754628817
rs5995741,38214029,0.2747063726196175
rs3827380,38217632,0.6932287207483439
rs12157593,38218807,0.6699654940310872
rs6001609,38222805,0.6699654940310872
rs7287617,38227109,0.32945890642595277
rs2294360,38227738,0.1592996833527871
rs4821903,38232421,0.15879599361415675
rs4821905,38236556,0.22304803741409496
rs738288,38237607,0.084336899723861
rs17001213,38237921,0.5572703269478939
rs2232088,38238365,0.620774946383823
rs1048310,38243228,0.03177445566765523
rs710192,38243366,0.03177445566765523
rs10854722,38243503,0.03177445566765523
rs6519194,38249470,0.1411606650710903
rs5750844,38253634,0.021188146359748364
rs1028321,38256875,0.021188146359748364
rs1109793,38259892,0.07272112964927165
rs6001618,38264782,0.22304803741409496
rs5750848,38267215,0.07272112964927165
rs5757715,38271100,0.7144033829529688
rs9623015,38271578,0.11311624372849108
rs4820382,38274735,0.9503311338723155
rs713689,38276226,0.9818305852544386
rs2092168,38277014,0.17615601818123816
rs5757721,38277520,0.1661573654350854
rs2413598,38280118,0.9756065015362074
rs2413599,38282044,0.1666102226616063
rs9607658,38287686,0.1794444241184988
rs5757731,38297731,0.27595384167812176
rs132567,38303472,0.22342178465466866
rs3788557,38307157,0.8212258839496598
rs132572,38307985,0.2814044261076942
rs132575,38312667,0.18487646335021402
rs132577,38314032,0.17722985551122328
rs132579,38314819,0.17722985551122328
rs132580,38314892,0.17874290068779763
rs4522708,38315229,0.5158515585900636
rs132582,38318121,0.10757319533590828
rs713971,38318223,0.29924724137200676
rs3788562,38319027,0.7695837206904879
rs2413602,38319162,0.2778861865786002
rs5750854,38320721,0.8423534479021527
rs1076614,38326210,0.14917003763192305
rs713865,38327576,0.14917003763192305
rs5750857,38330167,0.33935853069376254
rs5995756,38330259,0.12617057778026664
rs6001639,38333255,0.14917003763192305
rs3788566,38335970,0.33935853069376254
rs3788567,38335981,0.33935853069376254
rs9611204,38340329,0.11230381171539798
rs8140185,38340752,0.19098478523973117
rs3788568,38341219,0.3602538215205727
rs738168,38341643,0.29924724137200676
rs3788569,38343162,0.39913073772421703
rs136805,38348158,0.3868689102921602
rs12170452,38349719,0.7844777950088752
rs136809,38350822,0.16253711814756067
rs136812,38351560,0.16253711814756067
rs11704409,38353582,0.39912391813390613
rs5750861,38356087,0.7528343173749831
rs5750862,38356255,0.6864802474056297
rs2092179,38364539,0.66048737229551
rs713938,38371833,0.8170432250409545
rs136825,38372230,0.5231560772899133
rs5757759,38373758,0.6891062016311971
rs136828,38376023,0.30165454380047085
rs136832,38376484,0.5373634040074948
rs136845,38379356,0.6967373854885066
rs136846,38379670,0.2796580738871882
rs732381,38381112,0.8803586891197525
rs136848,38384374,0.6828522824241134
rs5757761,38384894,0.610474319359748
rs136849,38385196,0.7494216135654053
rs136851,38385842,0.7494216135654053
rs5757762,38394527,0.5631534417184141
rs136858,38395268,0.9488224931976676
rs5750870,38397586,0.5631534417184141
rs4820386,38397997,0.5631534417184141
rs2235341,38398625,0.5631534417184141
rs5750871,38399395,0.4403792596756032
rs714031,38400180,0.489575816822178
rs4820387,38400392,0.5631534417184141
rs4820388,38400588,0.7241415544662265
rs9619826,38401176,0.5833785195095376
rs9607666,38401693,0.9885417006174463
rs909680,38403731,0.9488224931976676
rs3747179,38413676,0.56752926580171
rs4821913,38419254,0.4626293520668924
rs4821914,38421493,0.6443152973636259
rs5757777,38422810,0.31715766448071014
rs4820389,38428790,0.2857562281398701
rs12484428,38432560,0.2538822875435053
rs11704241,38432864,0.7139858180297253
rs6001655,38433880,0.0945474774643786
rs5995773,38435727,0.13482512067425928
rs8140044,38436928,0.8199152979200734
rs10427810,38441569,0.016535928652056532
rs10427663,38447343,0.13482512067425928
rs9611212,38448406,0.2865208798969321
rs7291427,38454892,0.13482512067425928
rs5757783,38457239,0.40100212658231227
rs737793,38469385,0.03252075922750858
rs11704363,38471845,0.7907508857061243
rs4597643,38475787,0.4907976633466299
rs12170853,38476132,0.06611513630271376
rs6001673,38487197,0.4619307207901203
rs5757793,38495638,0.5684863965317197
rs6001679,38499872,0.43264254932463575
rs5750879,38500580,0.4907976633466299
rs9941962,38502144,0.7907508857061243
rs8137883,38514866,0.20823211739447844
rs2205968,38518746,0.7907508857061243
rs9941972,38518872,0.7907508857061243
rs2205969,38524963,0.6604319681640555
rs11703400,38526700,0.7833663918712142
rs11703943,38526897,0.7833663918712142
rs3091377,38527581,0.06174266328300877
rs6001686,38536757,0.256631575897035
rs5757798,38538400,0.5684863965317197
rs9941927,38539121,0.08452903329295725
rs7287193,38556737,0.12915385679570776
rs10483200,38565782,0.0731314256874158
rs6001694,38570445,0.3318044051848458
rs10427892,38570749,0.0731314256874158
rs742209,38570862,0.0731314256874158
rs9623081,38586432,0.29827476289872246
rs6001697,38592428,0.3838736429580685
rs9623083,38593943,0.8887809934660287
rs5995786,38594497,0.27070898437776336
rs8135811,38598763,0.08454414741685254
rs137947,38608339,0.9065583650766454
rs137948,38609476,0.8451981738473042
rs17319801,38613373,0.7202190612849566
rs7285997,38614232,0.274438597735146
rs17001508,38616216,0.5309146594381877
rs2958649,38616701,0.5986816128733699
rs137953,38618331,0.30511221689120394
rs137954,38618776,0.8562247326997385
rs8139544,38620780,0.1288388220411518
rs2958647,38621085,0.5327364666289348
rs137955,38621753,0.4518729205841988
rs2958646,38622637,0.2661354563235918
rs137956,38623409,0.5340725388205474
rs137959,38626324,0.37171109785686596
rs713925,38629104,0.9706473920376794
rs137960,38631426,0.7197899370447058
rs137966,38637333,0.6680397398734523
rs17001521,38637478,0.5087797251622888
rs2267415,38638374,0.7197899370447058
rs137972,38641825,0.9500556936545671
rs739091,38647072,0.43841233379194333
rs137975,38647573,0.9562066510660033
rs5757806,38648144,0.8471017278023736
rs137977,38650307,0.9581846360887409
rs137978,38650704,0.9581846360887409
rs12166465,38653011,0.41645339557213634
rs137980,38655107,0.7128468323670034
rs713883,38656120,0.3832601497136705
rs2267416,38656781,0.8264008193080536
rs137981,38657152,0.6741701223095238
rs137983,38658937,0.3903207546664489
rs137985,38663075,0.6693366728019197
rs107140,38664873,0.31253049433009383
rs137988,38666767,0.8331556865340779
rs137990,38668230,0.059195495445175286
rs137991,38670721,0.7618087815096559
rs137992,38673989,0.5381546348784403
rs2267420,38678466,0.5683938731949696
rs137994,38679433,0.8569116460577522
rs9607675,38679519,0.539554526252006
rs3021213,38681384,0.26103580596739095
rs138000,38684927,0.5713433008891868
rs9611234,38687613,0.6085916441671251
rs7285609,38688094,0.39595666750709424
rs138006,38692892,0.9086645613774887
rs2284078,38693724,0.8569116460577522
rs2267423,38694361,0.6385703331851939
rs138011,38698175,0.594429434284208
rs138016,38705649,0.6288958977917763
rs114607,38706329,0.16170896662688294
rs7285507,38718254,0.11662765292834892
rs2958658,38718953,0.6210848661595645
rs3021222,38722550,0.3193486497111101
rs3021274,38725030,0.19198333723849637
rs2958659,38730858,0.1087033296581206
rs11912922,38733117,0.10144215145010049
rs17406386,38735844,0.10144215145010049
rs17406434,38737520,0.10144215145010049
rs7284488,38742497,0.3235844132072666
rs7291782,38745563,0.14648652725024094
rs9611246,38745655,0.472252924738507
rs6001722,38758379,0.8179016761399509
rs6001728,38764703,0.9610636782353288
rs9623117,38782065,0.9610636782353288
rs6519216,38802345,0.8319476287073041
rs6001749,38805272,0.9610636782353288
rs7292838,38809394,0.24398150956623887
rs9607685,38809757,0.6773270495787651
rs6001762,38825419,0.6773270495787651
rs9611266,38830798,0.8753457048342563
rs9611267,38835950,0.9610636782353288
rs6001794,38859361,0.6109307998180289
rs8140112,38863076,0.5192287848014607
rs17323619,38868663,0.6109307998180289
rs11089974,38873554,0.8796001526400963
rs2899334,38881796,0.6833906003593491
rs9611280,38882065,0.7579597826788047
rs11089975,38892173,0.6177083465136426
rs6001826,38901445,0.6833906003593491
rs17421384,38908289,0.5988872322568635
rs9611286,38914908,0.563003132713636
rs7288451,38924648,0.3490588289563653
rs8137636,38929577,0.49807476321956146
rs6001834,38930433,0.7282735839564932
rs4820408,38934891,0.6833906003593491
rs6001841,38935109,0.6833906003593491
rs5995839,38936239,0.6833906003593491
rs8138982,38940344,0.22011378767819034
rs138022,38942982,0.47669873744754243
rs739182,38945222,0.2891321813495814
rs138027,38946058,0.47669873744754243
rs138036,38949725,0.6833906003593491
rs138038,38950511,0.6833906003593491
rs138039,38951234,0.6833906003593491
rs1018807,38959751,0.6833906003593491
rs5757882,38960979,0.6833906003593491
rs5750909,38961056,0.6833906003593491
rs5757884,38961383,0.6833906003593491
rs4821935,38961993,0.3110010341261906
rs5750910,38962718,0.6833906003593491
rs12485003,38965222,0.8818602714174569
rs6001848,38966745,0.2891321813495814
rs3752513,38971926,0.6833906003593491
rs2157369,38972598,0.6142312657996465
rs13056733,38976018,0.9849217865349725
rs17001761,38978144,0.1701674148163762
rs9611302,38980230,0.7579597826788047
rs763071,38982747,0.3889076472714331
rs12484776,38982819,0.670532732174426
rs739181,38986834,0.22085813813100685
rs4821939,38989197,0.8718589108030609
rs4821940,38989519,0.43844605492023114
rs5757899,38989727,0.6833906003593491
rs9611305,38995013,0.6833906003593491
rs733381,38999594,0.8701158330256447
rs2413621,39003945,0.47669873744754243
rs5757903,39010646,0.3889076472714331
rs6001862,39011734,0.2891321813495814
rs713898,39013786,0.1701674148163762
rs6001864,39014006,0.22873059253299488
rs5757906,39017703,0.30578040577943366
rs5995843,39027323,0.22873059253299488
rs139909,39027527,0.33846922028700066
rs139910,39033834,0.30950872303706345
rs2072858,39038625,0.21424944312466754
rs6001877,39042583,0.2891321813495814
rs4821942,39048046,0.8699114818455189
rs139915,39050909,0.8147410695532521
rs139916,39051008,0.3863733750286892
rs4821943,39052691,0.2862931391563782
rs139921,39056708,0.8013548291131245
rs470113,39059560,0.22121826616722606
rs11703324,39061080,0.5003031983148639
rs9611310,39063723,0.22121826616722606
rs9611312,39064736,0.22121826616722606
rs12484697,39066418,0.22121826616722606
rs3788579,39072935,0.22121826616722606
rs17001846,39073999,0.22121826616722606
rs2280790,39075127,0.22121826616722606
rs2075764,39088527,0.22121826616722606
rs5995849,39107018,0.1956542875841909
rs17001868,39108177,0.26154654310059333
rs11913132,39108724,0.29866852402444233
rs9611324,39111108,0.29866852402444233
rs742140,39111532,0.22121826616722606
rs9611325,39112436,0.22121826616722606
rs9611327,39119552,0.6492049367169879
rs9611328,39121918,0.22121826616722606
rs9611329,39121984,0.22121826616722606
rs760700,39130017,0.22121826616722606
rs760701,39130464,0.2904303035665975
rs9611345,39141829,0.7077157409189052
rs878756,39144446,0.30701420497378884
rs17425081,39145818,0.11565362101744954
rs2072856,39146695,0.4340093913116112
rs5757948,39147611,0.3288860235751032
rs5757949,39150097,0.3300527158160228
rs9611346,39150462,0.33528601965668525
rs6001910,39153955,0.6543630069573715
rs6001911,39155139,0.5070398340566514
rs1106673,39155760,0.2157757335212982
rs2294352,39157265,0.5070398340566514
rs6001912,39158307,0.5070398340566514
rs9306345,39162321,0.6947434269300286
rs6001913,39166699,0.4063258996680853
rs6001915,39170560,0.5070398340566514
rs5995856,39179008,0.6736295663860115
rs4507196,39179650,0.34502715679660867
rs8135759,39188950,0.9120067535549957
rs9607721,39192066,0.5599136807799228
rs12159787,39200645,0.8006458688000647
rs10483204,39200740,0.8393905826382811
rs6001930,39206180,0.8393905826382811
rs6001931,39207460,0.8393905826382811
rs6001932,39207581,0.590440157676466
rs17001977,39210159,0.6543630069573715
rs3827381,39211348,0.8393905826382811
rs3827382,39211349,0.6543630069573715
rs10483205,39213545,0.6543630069573715
rs139063,39215132,0.23838862311993936
rs5750948,39216690,0.2987564002508769
rs5995867,39218082,0.8393905826382811
rs17001993,39230023,0.6189399125050402
rs10483206,39231291,0.8393905826382811
rs6001946,39233367,0.7541245095202724
rs17001997,39235018,0.6543630069573715
rs3091393,39239102,0.8314139069931029
rs9611367,39244895,0.6464736126171013
rs7289671,39246142,0.8502493192075447
rs5757979,39246328,0.4329153702451596
rs6001954,39251626,0.3196098983035094
rs5995871,39252278,0.4957179375318209
rs2413624,39260158,0.9316045589608954
rs5757998,39269856,0.9864224814685754
rs5758001,39276253,0.9504109138145325
rs5758004,39280727,0.9530172479930159
rs5758008,39289206,0.7166364643902945
rs5750960,39289866,0.4610390456277099
rs16985899,39293348,0.3641164549677448
rs9607730,39301649,0.1581639960951321
rs1022533,39302493,0.5615330081268659
rs17002024,39305214,0.4957179375318209
rs133030,39307886,0.48634634011444744
rs6001974,39309110,0.4957179375318209
rs17002026,39312527,0.4957179375318209
rs17002027,39314517,0.3641164549677448
rs5758018,39317676,0.6059093831998443
rs17002030,39319320,0.3641164549677448
rs17002034,39326313,0.4326924565681155
rs17002036,39327057,0.3641164549677448
rs2187832,39328395,0.3640096401324432
rs17002038,39330910,0.3641164549677448
rs6001980,39334330,0.4957179375318209
rs133036,39342384,0.4610390456277099
rs6001981,39347371,0.4957179375318209
rs133040,39348111,0.6059093831998443
rs718193,39354010,0.3641164549677448
rs133047,39357765,0.5882964794498129
rs4140512,39362809,0.5287372637015444
rs5995886,39363747,0.5287372637015444
rs133050,39363907,0.621135875327014
rs133051,39366455,0.7163155388357747
rs12159200,39372037,0.4343215613241579
rs133054,39380554,0.3251235278431661
rs133055,39380817,0.7494437955735929
rs12172281,39396833,0.9943088231748304
rs133063,39401605,0.9407858816144699
rs133064,39401677,0.9687724970278202
rs133067,39404114,0.1727178147503704
rs133070,39404719,0.9212730071732164
rs133073,39405641,0.9487159934520656
rs133074,39408419,0.2680701000424691
rs9611386,39408479,0.06975108233160299
rs9611387,39411435,0.2907824794059244
rs133076,39411507,0.7777757405325959
rs8136721,39418818,0.7337043382686586
rs133081,39419955,0.44375237400962453
rs7288796,39422037,0.7055510100658837
rs7289470,39422215,0.7055510100658837
rs133084,39425904,0.7655367760775585
rs133085,39426110,0.44375237400962453
rs6002033,39429773,0.7055510100658837
rs6002037,39433559,0.8701721328292179
rs6002043,39434170,0.4168021003431235
rs12168697,39437634,0.9905188514943006
rs6002045,39437664,0.8701721328292179
rs998482,39438081,0.8701721328292179
rs6002046,39439221,0.8701721328292179
rs17344464,39451130,0.8701721328292179
rs5995935,39451375,0.8701721328292179
rs6002083,39453741,0.5111291776779922
rs6002085,39454414,0.8701721328292179
rs41454646,39454432,0.8482800053323845
rs8136514,39454938,0.3191871491416205
rs17344701,39462348,0.8701721328292179
rs17344784,39464887,0.8701721328292179
rs1884276,39472965,0.4110612892668948
rs6519231,39474821,0.4110612892668948
rs5995941,39474863,0.13996973657218872
rs6002107,39475550,0.47803820952297205
rs2038339,39479811,0.8701721328292179
rs5758064,39483825,0.4120760102464345
rs5758069,39493054,0.8520703381883882
rs11806,39496081,0.5355766854232531
rs5758072,39497818,0.5030478574053054
rs2076674,39500009,0.5355766854232531
rs5758077,39505209,0.5415711074319232
rs138294,39511532,0.6296753029052463
rs138297,39513417,0.6296753029052463
rs138298,39514048,0.48898136438519746
rs138305,39523520,0.5355766854232531
rs713910,39526014,0.6267381447762205
rs138311,39530146,0.5355766854232531
rs138312,39532082,0.4021823831643442
rs138318,39538308,0.5355766854232531
rs138319,39538349,0.5355766854232531
rs138320,39539102,0.5355766854232531
rs138326,39541175,0.5355766854232531
rs13054099,39545618,0.43617413562542307
rs5758093,39545974,0.16339846046354922
rs5750995,39545983,0.16339846046354922
rs6002169,39547256,0.17545752206303689
rs6002171,39553805,0.27443525038598626
rs5750998,39559095,0.17623928136435008
rs739272,39562540,0.1512473308676555
rs1573745,39570781,0.24997191302101052
rs138342,39571891,0.3992306038755672
rs2266787,39576898,0.16339846046354922
rs5758106,39577189,0.4275790872565175
rs138349,39579468,0.7416197170186115
rs5758108,39580385,0.15468027724689365
rs7290793,39580958,0.9668771061407795
rs6002182,39588090,0.16339846046354922
rs9611427,39592049,0.16339846046354922
rs138351,39592798,0.9311986114585777
rs138352,39598871,0.7416197170186115
rs9611429,39600676,0.16339846046354922
rs138354,39602089,0.9636177572105775
rs1005402,39621676,0.27324628118447025
rs13056402,39622767,0.8848921825055958
rs6002199,39642296,0.03353782096207435
rs9611435,39645029,0.2575535776804886
rs2899341,39655014,0.39189475858648926
rs9611437,39655736,0.12535019071756034
rs6002207,39677759,0.09260252632401665
rs6002208,39681739,0.09260252632401665
rs17347451,39699054,0.6202537033304527
rs5758168,39729380,0.2442963404892442
rs5758179,39736865,0.8078483186210296
rs5751022,39737111,0.7320664503740235
rs5751028,39744380,0.19867225380121234
rs926914,39748100,0.6801790641744742
rs6002232,39753999,0.35241812014629625
rs4820425,39761288,0.7410185407910181
rs12628527,39761436,0.559969436733511
rs4821990,39768656,0.6216217854279682
rs4821992,39773021,0.4235599935534756
rs8139287,39774632,0.559969436733511
rs8138132,39781131,0.15693163923047002
rs13053242,39789432,0.7332108933952496
rs4821995,39791782,0.26229940954685604
rs5758209,39791811,0.3089624057172754
rs5995990,39792676,0.372312673457157
rs4821997,39794487,0.372312673457157
rs5758211,39796175,0.372312673457157
rs8139533,39804733,0.29591576959873056
rs7290458,39806283,0.37003426396221195
rs5995992,39817164,0.8955195407497658
rs5758223,39819866,0.7949360472496803
rs738628,39823420,0.44415367147848683
rs7286979,39828573,0.4182504577122136
rs17433014,39829768,0.30507625584936293
rs6002260,39832868,0.4182504577122136
rs9611497,39837346,0.6112458215164189
rs2144342,39843040,0.5973357094860143
rs5758237,39845690,0.5073161824572899
rs5758238,39849254,0.5073161824572899
rs4822006,39849308,0.4786796237507698
rs9611502,39861182,0.8598094646802132
rs4820428,39867535,0.7749226212003697
rs9611505,39870225,0.7749226212003697
rs1569858,39870970,0.6112458215164189
rs20551,39877954,0.7749226212003697
rs7510675,39879243,0.9238395578873857
rs4820431,39879867,0.6940334263457544
rs4822011,39880900,0.5073161824572899
rs4822012,39880985,0.5073161824572899
rs1033611,39888178,0.6112458215164189
rs5751056,39892123,0.9238395578873857
rs2294976,39894654,0.4425319909775449
rs5751058,39895231,0.4182504577122136
rs6002271,39896541,0.7749226212003697
rs2076577,39898426,0.42001541952934607
rs2076578,39899555,0.4182504577122136
rs5758251,39900691,0.4638338260164384
rs1046088,39904329,0.775841320333678
rs12628695,39907910,0.4425319909775449
rs2143694,39914297,0.4182504577122136
rs79546,39932833,0.4182504577122136
rs139432,39934503,0.6112458215164189
rs139438,39935585,0.6112458215164189
rs139439,39935976,0.7469153784517585
rs3818003,39939636,0.7749226212003697
rs139450,39939805,0.6112458215164189
rs139451,39939970,0.6112458215164189
rs139452,39940118,0.6112458215164189
rs139453,39940188,0.6112458215164189
rs139460,39941009,0.6112458215164189
rs139461,39941406,0.5074791543673656
rs139465,39944059,0.6112458215164189
rs2273085,39945322,0.7749226212003697
rs5758264,39946230,0.7749226212003697
rs139474,39949172,0.6112458215164189
rs5758267,39949296,0.6496508145219103
rs2179744,39951660,0.7749226212003697
rs3721,39957019,0.7295405309423989
rs139484,39957489,0.7295405309423989
rs1953,39971930,0.7288675732945111
rs3171692,39972158,0.9810496845973162
rs9611526,39972357,0.896659852176964
rs9611528,39978448,0.9810496845973162
rs104974,39980980,0.8453204171945741
rs139507,39981413,0.8453204171945741
rs139509,39982679,0.5950647279636558
rs139513,39985004,0.4190826641924603
rs139515,39986079,0.8453204171945741
rs5751072,39986455,0.8738386124906197
rs2235852,39991100,0.9810496845973162
rs139528,40002217,0.9452598842297261
rs8139515,40003538,0.9986299756596819
rs60171,40004467,0.9209524479294712
rs139531,40006122,0.7288675732945111
rs139533,40007160,0.8260203686443804
rs9611542,40007263,0.9810496845973162
rs8139784,40011960,0.9034019296885348
rs1984584,40014372,0.8453204171945741
rs2024566,40027284,0.9810496845973162
rs5758297,40050643,0.9199163315098065
rs4822021,40055999,0.9199163315098065
rs2143695,40058566,0.9279705489973653
rs8137373,40059162,0.9199163315098065
rs9607793,40066036,0.24915592894142335
rs5751080,40066213,0.8006249048978102
rs1883828,40069316,0.942053867195607
rs12170305,40072229,0.6221056885521754
rs7290005,40072258,0.5408322258458145
rs2281331,40075301,0.9703443395143616
rs3817999,40077663,0.9430931020241509
rs9538,40085803,0.9256512820360906
rs4820437,40091236,0.9402592360075317
rs4820438,40097081,0.9256512820360906
rs9611565,40097432,0.9345227792972346
rs9611566,40098571,0.9256512820360906
rs11090046,40099029,0.45576306657383936
rs4822025,40106592,0.6911625704595323
rs2234059,40107859,0.827624555590483
rs12484449,40113605,0.8655753756104296
rs17365991,40120125,0.8853218711239166
rs2073167,40121482,0.6088260826447087
rs9611577,40123036,0.8212146726124566
rs132902,40127704,0.9950453423804851
rs132903,40127770,0.6248091205968331
rs132905,40129052,0.8577951219425967
rs132915,40135728,0.9288960117058483
rs202664,40143832,0.9958251639358242
rs2899345,40145555,0.47858235458031206
rs202617,40152739,0.9958251639358242
rs202622,40155288,0.9958251639358242
rs9611591,40160158,0.8620223579364159
rs106860,40170353,0.9958251639358242
rs202654,40170980,0.7642403502881179
rs202657,40174732,0.9958251639358242
rs202628,40179459,0.9958251639358242
rs79008,40180446,0.9958251639358242
rs5758365,40188603,0.9958251639358242
rs79009,40190810,0.9958251639358242
rs5758368,40192234,0.9958251639358242
rs202631,40193369,0.9958251639358242
rs505533,40194162,0.8620223579364159
rs79011,40196884,0.9958251639358242
rs727563,40197323,0.8620223579364159
rs9611598,40201409,0.32973958652853264
rs5751114,40210716,0.5259699117258851
rs2267435,40213740,0.5259699117258851
rs738140,40214900,0.9546340560092252
rs9607809,40218058,0.8377651874564791
rs2076196,40225355,0.9315577880131414
rs137831,40233759,0.8620223579364159
rs9611602,40238351,0.9884801373586084
rs1799932,40241471,0.9283248200769292
rs9619974,40243359,0.9283248200769292
rs203320,40243423,0.8620223579364159
rs17367716,40243790,0.9884801373586084
rs203319,40244539,0.8620223579364159
rs12484694,40249276,0.9884801373586084
rs17367849,40253590,0.990031855207484
rs1810460,40257646,0.9884801373586084
rs9611606,40261020,0.8787713037727634
rs4822035,40265858,0.9884801373586084
rs12483786,40268482,0.9884801373586084
rs12484228,40269685,0.9884801373586084
rs4822037,40275059,0.9884801373586084
rs9611610,40279205,0.8238789421214674
rs9611613,40291777,0.7448659550821799
rs5996039,40311903,0.598669817449559
rs9607821,40313884,0.9514587044325803
rs4822049,40323442,0.7508445122367997
rs8139993,40325281,0.7448659550821799
rs132765,40338014,0.7508445122367997
rs132767,40339466,0.8007639577586552
rs5751129,40345711,0.7448659550821799
rs28384699,40346254,0.5965825557969502
rs132770,40347210,0.9659916717322408
rs5758397,40349197,0.7508445122367997
rs881092,40379156,0.40177498178627313
rs11912946,40384107,0.40177498178627313
rs132788,40389714,0.903608676998981
rs132793,40393627,0.6803078393709876
rs8779,40400222,0.7508445122367997
rs132806,40400739,0.9669635875768836
rs5758405,40406327,0.7448659550821799
rs5758408,40407683,0.7508445122367997
rs6519270,40408612,0.7808409789328012
rs739134,40419569,0.7448659550821799
rs739135,40420015,0.7508445122367997
rs2187795,40422171,0.7508445122367997
rs743832,40425410,0.23534155122294986
rs9619984,40426007,0.8388844700482614
rs2413652,40427184,0.9446387610793233
rs5758427,40429634,0.7448659550821799
rs739136,40430221,0.7508445122367997
rs5758431,40439863,0.9757415876688221
rs739129,40448195,0.8886943417498507
rs6519276,40454315,0.40177498178627313
rs5996056,40457727,0.5410820068703044
rs2064189,40457945,0.9241166613147593
rs5751144,40458043,0.9241166613147593
rs6002455,40458407,0.5410820068703044
rs5751147,40469000,0.8886943417498507
rs5751148,40469024,0.8886943417498507
rs964898,40472252,0.8886943417498507
rs17449595,40474318,0.804509440005264
rs715498,40478413,0.8886943417498507
rs1534932,40480092,0.8886943417498507
rs17377643,40482934,0.9830526206419877
rs5758458,40484078,0.8886943417498507
rs8141939,40484376,0.40729144701442066
rs9619990,40493205,0.40177498178627313
rs8139203,40496362,0.9620449685408888
rs6519287,40499215,0.9130886574809194
rs5758464,40501246,0.8886943417498507
rs6002477,40504837,0.40177498178627313
rs6002479,40506856,0.40177498178627313
rs6002481,40507762,0.5410820068703044
rs126092,40508387,0.7891678671494758
rs8141783,40509057,0.40177498178627313
rs6002482,40510530,0.5410820068703044
rs139553,40517145,0.7891678671494758
rs738247,40520255,0.8000001012945908
rs6002488,40521486,0.5602225880643978
rs139559,40521582,0.9241166613147593
rs4820443,40523859,0.8886943417498507
rs139561,40525356,0.8886943417498507
rs738248,40526413,0.6650373661711824
rs12166503,40527216,0.993161670207154
rs4820444,40532552,0.8886943417498507
rs139568,40540931,0.4998085099533167
rs139572,40544478,0.709039086743525
rs4820446,40545630,0.7475098157190397
rs7364180,40548802,0.30461365329580836
rs7285782,40554964,0.7104681516379614
rs34344173,40558102,0.6440407251304772
rs1569451,40562237,0.8935263742186861
rs7287010,40564883,0.9887072246126394
rs9607850,40565298,0.9713540747002773
rs2267439,40567715,0.8935263742186861
rs7287886,40567973,0.8436893516555936
rs16985978,40569168,0.40177498178627313
rs1009544,40569294,0.6115119109281932
rs2255957,40571318,0.8436893516555936
rs1883205,40572966,0.8935263742186861
rs4501042,40575709,0.8935263742186861
rs133280,40585471,0.479361741950892
rs9607852,40588218,0.8380432231035202
rs714015,40589044,0.4001092179657766
rs2269657,40594215,0.46149833230438664
rs133290,40597551,0.32967254506000443
rs11702960,40599478,0.2555805854858383
rs4822062,40604233,0.8399262825188972
rs12165579,40608191,0.8380432231035202
rs2269658,40610564,0.42400407324308087
rs9623466,40611095,0.8380432231035202
rs9623468,40611240,0.8380432231035202
rs1052717,40611375,0.6130083282492859
rs9623469,40611533,0.576045052784379
rs17002737,40611958,0.4279961865674442
rs2839715,40614206,0.6837254032364591
rs5996078,40616201,0.8380432231035202
rs2267443,40617400,0.45465328808167704
rs5996080,40619412,0.12645686140378215
rs9620000,40626649,0.12645686140378215
rs6002527,40627914,0.12645686140378215
rs17379759,40629481,0.4109579197050127
rs2229442,40631694,0.12645686140378215
rs7290134,40651197,0.46186464971419705
rs5996087,40651537,0.15195524935628593
rs5996088,40653859,0.12645686140378215
rs12158335,40654568,0.42835403656228754
rs9620001,40660175,0.291668519739969
rs9611693,40663748,0.7821405280876006
rs8135804,40664606,0.82014545194221
rs5758511,40666118,0.9178939250654076
rs3752591,40669462,0.291668519739969
rs10483213,40669471,0.5940537217032051
rs1023497,40670454,0.291668519739969
rs1023498,40670515,0.291668519739969
rs1023499,40670528,0.291668519739969
rs1023500,40670790,0.33998522576388435
rs7293091,40671254,0.291668519739969
rs6002555,40673037,0.2673301088167783
rs5996091,40674212,0.8781218910978266
rs8140869,40674243,0.9551005532344242
rs5996092,40674354,0.4801886470044896
rs5996094,40677006,0.5750383072322428
rs6002560,40686832,0.9247295195996793
rs5751188,40687986,0.9215251937287907
rs4822075,40692506,0.7844296533025448
rs10154700,40695019,0.8052815666113625
rs916440,40697783,0.7887965049723444
rs5758525,40699041,0.20171143393681945
rs5751191,40700937,0.4087799679378483
rs2269665,40707824,0.9668365539302236
rs5751194,40709759,0.20171143393681945
rs133295,40714071,0.22379800333986355
rs6519301,40715913,0.638360522911229
rs133299,40718787,0.3157110295675707
rs739296,40719894,0.7447202091421948
rs7290907,40720155,0.7593368435381913
rs133302,40721122,0.3157110295675707
rs710194,40722506,0.3157110295675707
rs1062753,40722757,0.7593368435381913
rs8138080,40726317,0.7593368435381913
rs133308,40727415,0.3157110295675707
rs11090066,40728141,0.7593368435381913
rs133309,40728552,0.9585732521447398
rs129857,40729632,0.638360522911229
rs133330,40739402,0.638360522911229
rs133333,40742311,0.3157110295675707
rs133335,40746002,0.638360522911229
rs133337,40746641,0.3157110295675707
rs133340,40747633,0.638360522911229
rs133341,40748131,0.38858063114812746
rs5751204,40763747,0.5665670886468326
rs5758566,40784300,0.4845841501415791
rs1063392,40784896,0.638360522911229
rs9620018,40791133,0.5126678523169119
rs133367,40793312,0.83193069024296
rs133368,40793635,0.480428432851433
rs133369,40793760,0.6112255553763607
rs133373,40795734,0.5592430774691678
rs133376,40796851,0.37731214345809505
rs133380,40798856,0.4146237997642488
rs13057094,40800263,0.478524236129789
rs133382,40801720,0.4044278357683557
rs133383,40803549,0.5592430774691678
rs7245,40811795,0.5592430774691678
rs4147641,40812448,0.3287952979677732
rs2284087,40815617,0.5506201152387602
rs1801311,40816669,0.3287952979677732
rs4147638,40817846,0.3287952979677732
rs5996109,40823044,0.22136332153307803
rs6002616,40834625,0.3287952979677732
rs2413669,40837694,0.3287952979677732
rs5751216,40838883,0.5592430774691678
rs6002621,40840948,0.3287952979677732
rs6002623,40843707,0.3287952979677732
rs11090076,40844136,0.3287952979677732
rs5751221,40846312,0.722613410586777
rs5758589,40848326,0.5592430774691678
rs764481,40848370,0.34304707920301125
rs4467371,40871272,0.722613410586777
rs2142694,40872814,0.6357764086336759
rs5751229,40875165,0.7228487527728247
rs5758610,40877353,0.6114910840369496
rs742086,40882197,0.49922451609716134
rs4453786,40893252,0.6114910840369496
rs9623534,40895144,0.6492084888912497
rs2011944,40899943,0.6114910840369496
rs5758626,40902307,0.6114910840369496
rs9607885,40908540,0.7328340362038503
rs5758637,40910877,0.6114910840369496
rs2142695,40911192,0.11114461251699133
rs12484402,40916017,0.11680910483948011
rs5751239,40922183,0.28037410831663023
rs8142673,40926197,0.28006600060766873
rs9623538,40927322,0.6509649420958792
rs17002872,40927780,0.022213387168925704
rs2223273,40929390,0.8238808469323853
rs17002876,40929591,0.10630815137247915
rs5758649,40935492,0.8092607249665198
rs2070116,40936201,0.16257447091893684
rs5758651,40939092,0.5612775948538122
rs5996130,40942241,0.9853484260243117
rs5758652,40942352,0.5612775948538122
rs5758659,40951947,0.39944880046326314
rs9623543,40952313,0.6509649420958792
rs5758660,40953662,0.39944880046326314
rs5758661,40954389,0.31570010285045624
rs5751247,40962998,0.7436202906037563
rs5751251,40970550,0.350592080435733
rs5996135,40971402,0.03246501269852611
rs5751255,40978352,0.48001961020738615
rs134871,40982660,0.5735291696022345
rs17478227,40984271,0.8722330758676562
rs5758686,40985321,0.5612775948538122
rs134873,40987510,0.39944880046326314
rs134874,40991088,0.14175472695984745
rs5758689,40994916,0.6874480274011925
rs12168969,40995061,0.8167171048509602
rs1107553,40997417,0.6759463595526587
rs1107554,40997538,0.5612775948538122
rs1001587,41000055,0.5612775948538122
rs1001586,41000237,0.6539504627663038
rs134882,41000909,0.39944880046326314
rs762995,41002068,0.27831269619509846
rs134886,41003800,0.14175472695984745
rs134887,41004183,0.11349550522370362
rs134888,41004225,0.14175472695984745
rs134894,41007857,0.08100987500528005
rs86669,41010744,0.31570010285045624
rs134897,41011804,0.06721229417989229
rs134898,41012501,0.06721229417989229
rs4822100,41012730,0.21951193774519318
rs134900,41013287,0.39944880046326314
rs134901,41013464,0.14175472695984745
rs134902,41013941,0.39944880046326314
rs5758698,41014762,0.5612775948538122
rs134904,41015481,0.06721229417989229
rs17002947,41018476,0.8036568013363803
rs9611766,41018583,0.023118769658175924
rs17002948,41018668,0.669406628963753
rs1548304,41021182,0.741146510573508
rs6002674,41024164,0.7822562095544394
rs11704558,41025092,0.4492751356217055
rs8141607,41026244,0.6958521299089961
rs6002676,41027160,0.12671264430357665
rs4822101,41028047,0.18013839953017174
rs4822103,41028518,0.1912621627330594
rs4822104,41028744,0.18013839953017174
rs8140842,41029940,0.14518141740828672
rs763000,41034626,0.29031350711274706
rs4822107,41034778,0.27118043722832175
rs5758706,41039278,0.34306344828301194
rs6002686,41039996,0.27986559260836463
rs7286736,41040999,0.27986559260836463
rs1107526,41047052,0.06900885183215907
rs2227113,41052462,0.047868480051339764
rs5751263,41052976,0.12313814080921326
rs4822111,41057077,0.2069402556189598
rs6002692,41060624,0.11227758045139384
rs4822112,41061484,0.5083012555384234
rs9620039,41068710,0.24128700250598178
rs1041879,41070487,0.6714922585189523
rs739151,41071410,0.6455423316859437
rs6002695,41072395,0.09440945355384688
rs6002701,41076821,0.34533299484833646
rs5751267,41077791,0.9678759255011967
rs1011224,41082871,0.3949211511389662
rs17479531,41083864,0.8708346922334588
rs1023469,41089285,0.15813932850874857
rs4422240,41091968,0.0948320013689714
rs4822120,41101170,0.09414514653231598
rs9611784,41103676,0.15358121676446063
rs9623573,41106220,0.19271768619616925
rs2294361,41106532,0.19271768619616925
rs2294362,41106553,0.19261735174984962
rs7286723,41106912,0.42113559376681
rs12484310,41107358,0.1326484431158967
rs11090090,41107565,0.23769569837927673
rs11090091,41107606,0.25160952958733973
rs11090092,41107638,0.25160952958733973
rs11090093,41107660,0.25160952958733973
rs11090094,41107879,0.25160952958733973
rs11090095,41107910,0.2049265436209653
rs1057157,41108962,0.12692544210075496
rs731026,41109823,0.9042362841913821
rs12484229,41110929,0.4051552152455842
rs12484478,41111015,0.4051552152455842
rs5996149,41114145,0.7113738163487345
rs10084647,41118260,0.4910488839015178
rs12160838,41123507,0.6967852213284393
rs5996153,41123817,0.6967852213284393
rs5996156,41126846,0.7869803573561992
rs2142831,41131396,0.700238198239297
rs2179232,41133753,0.41971608143343464
rs2413689,41135839,0.4051552152455842
rs7287634,41136675,0.39491204236845956
rs17003058,41141045,0.5290290946366281
rs8137110,41141106,0.40249579303342375
rs733278,41141863,0.8311815260272054
rs8139063,41143697,0.2320062661072121
rs7288411,41145302,0.9008428970896841
rs17003075,41151944,0.4023140344500157
rs8139123,41152227,0.8088781661247784
rs4822129,41153860,0.33693632945803087
rs9620047,41154983,0.6654899612497707
rs6002737,41157703,0.7957365418741649
rs1016109,41165671,0.9907004087897435
rs5758727,41178298,0.5805262164182614
rs5751276,41185043,0.567181658905699
rs5758731,41185221,0.6013336470754929
rs5751277,41188657,0.6828591420802972
rs5996168,41192425,0.992750575716134
rs5751278,41195656,0.7578299657616928
rs2839705,41196558,0.7599119580195701
rs4822134,41197276,0.442470286936243
rs5758742,41197842,0.7256166416026361
rs5751281,41199397,0.7578299657616928
rs6002745,41201059,0.9522394936363561
rs5996171,41202030,0.6245814058396586
rs13057831,41203476,0.9806079084265751
rs5758746,41203886,0.46382658383869746
rs5751282,41205423,0.16893090757600449
rs4822135,41206548,0.12264900066754424
rs11703700,41207487,0.08882497574507901
rs5758751,41207945,0.39674394747203656
rs12159371,41208293,0.08221734984411373
rs4822136,41210905,0.5876477106187711
rs5758756,41214941,0.19642923496874343
rs715499,41222277,0.821203727169764
rs4429562,41222540,0.048310134635008196
rs2413692,41226418,0.06776548314810586
rs4820470,41236248,0.5224574794877357
rs12485160,41237563,0.29270566580128454
rs4822160,41262261,0.27588874520907936
rs8135177,41287232,0.08440099921477755
rs3788593,41287734,0.08440099921477755
rs916323,41295096,0.03929783404722337
rs137043,41295611,0.9268871390456754
rs137073,41303145,0.47647677526807697
rs137074,41303646,0.6716527688682508
rs2285137,41310622,0.05252822911879874
rs137085,41311082,0.06514244146553426
rs137086,41311111,0.06514244146553426
rs137087,41311293,0.3960182812891765
rs2239811,41311452,0.05252822911879874
rs1043606,41311622,0.011226778918190185
rs137088,41311834,0.7242019206626193
rs137091,41312516,0.7242019206626193
rs137094,41314527,0.3960182812891765
rs137098,41318061,0.9337817295317029
rs4822173,41326093,0.11230265397480257
rs137107,41331072,0.05567357127131806
rs137113,41339761,0.7588580021458657
rs137114,41341190,0.7242019206626193
rs137116,41341618,0.05008885948739864
rs137121,41343498,0.7278114535152959
rs137122,41343780,0.040171784064108096
rs137126,41349196,0.20454745323225498
rs137127,41349576,0.8809671247631824
rs137129,41350266,0.21847498567050094
rs137132,41351498,0.21847498567050094
rs137137,41353479,0.10700483655953458
rs2071846,41353883,0.8932698039108815
rs137138,41353924,0.6729789195212965
rs137139,41354354,0.3748121681758536
rs2267452,41355414,0.4435603386082282
rs2285138,41356560,0.6504738835912306
rs5758820,41356736,0.18413500038134067
rs6002829,41357768,0.18413500038134067
rs8190423,41361601,0.06998184497462605
rs5996200,41362686,0.42554844872398245
rs2285141,41362814,0.10289864835088164
rs5751318,41365737,0.02413106458561567
rs2284088,41370817,0.06998184497462605
rs916321,41371335,0.06703782716709926
rs6002850,41371489,0.6395970466565165
rs5758837,41378958,0.0681948361446929
rs13057781,41380471,0.3909263350431549
rs5996206,41380483,0.3909263350431549
rs1009433,41383757,0.5504660476059684
rs130328,41391426,0.021741272408855056
rs2413709,41391438,0.10466161509054074
rs4420,41391681,0.3472287743327691
rs7286140,41393190,0.1101938531369545
rs130334,41396475,0.8310386918547739
rs17003208,41402975,0.009795818253103364
rs5758863,41406285,0.3422259748253589
rs135097,41409158,0.6413517285381831
rs17003212,41409698,0.009795818253103364
rs130370,41409972,0.6413517285381831
rs130385,41412209,0.22868001546404082
rs130388,41412770,0.7733465571028872
rs732336,41414048,0.264853385143746
rs736013,41414557,0.01939369491039806
rs5996223,41416117,0.3582818713335302
rs1053026,41418205,0.5284742587521023
rs3747193,41418407,0.019098720920871046
rs11541159,41419793,0.4217645065328307
rs3788594,41420193,0.44781168304665186
rs28915378,41420678,0.8352172694970856
rs28915376,41421163,0.43985119872620226
rs130395,41421298,0.0847522846764511
rs3216827,41421511,0.01939369491039806
rs130396,41422795,0.4071347836425584
rs3761464,41422856,0.01024403764778345
rs130397,41423087,0.009150248906991579
rs135108,41423540,0.1303907199010296
rs11090115,41424821,0.7987758545537138
rs4822185,41424869,0.3357140170410363
rs5758871,41425544,0.0808016647888697
rs910303,41425986,0.6233198418903725
rs5758873,41427458,0.7783821485704107
rs5751341,41427495,0.7265619494093037
rs7285550,41433628,0.4129868089603099
rs738526,41442419,0.6858810604612248
rs8136914,41442618,0.6762512865442241
rs9620088,41443379,0.7332441756909847
rs28992176,41444076,0.6124832859544118
rs28992170,41446208,0.812627309559111
rs28908469,41446251,0.9344134221165412
rs5758898,41447407,0.17641278699602903
rs12166331,41451370,0.5993245808910077
rs9607931,41452664,0.9462364840744121
rs6002935,41471353,0.3244405964069892
rs2143921,41471403,0.7413008147054885
rs4365558,41473843,0.2089564732388829
rs4820478,41481707,0.7939001892556157
rs7287569,41483090,0.581867752340572
rs17486173,41483647,0.22504927137864272
rs7286343,41486987,0.540294636585259
rs9611880,41487268,0.9483039770167008
rs5996233,41490089,0.35567578377478914
rs2413716,41492896,0.8851601051996538
rs8140077,41494313,0.31357849444477126
rs738532,41502211,0.41136146194176226
rs738533,41502252,0.18664645384279943
rs9611895,41503866,0.3495673499526357
rs4634034,41504357,0.1931523676412965
rs9623697,41509110,0.1461043089033377
rs5758941,41511747,0.49313328946279633
rs1997885,41513706,0.9812719504691492
rs8140100,41517180,0.891427631600364
rs8136141,41523098,0.45492407074623464
rs5751372,41523267,0.47024870569212607
rs4393836,41523585,0.028101156205183005
rs9611908,41523791,0.45492407074623464
rs9611909,41523873,0.34017414734676554
rs1807591,41524217,0.3092000467144833
rs5758948,41525240,0.5811324287498083
rs5758951,41526978,0.46312756998565174
rs738535,41533081,0.2988261591392297
rs11913107,41533154,0.45492407074623464
rs1018448,41536894,0.6747880848952102
rs17003354,41541335,0.45492407074623464
rs2024645,41542725,0.24346037418908295
rs9607955,41546677,0.4701918613558871
rs17003362,41547024,0.14498227385213378
rs9607957,41548341,0.45492407074623464
rs5758961,41553146,0.028101156205183005
rs5758962,41555118,0.049311864998125315
rs9607959,41559081,0.45492407074623464
rs2273142,41560084,0.38646843799082065
rs9607961,41562762,0.30910075510317336
rs5758972,41562917,0.4718572269298368
rs8136252,41567220,0.30910075510317336
rs4822203,41570750,0.30910075510317336
rs5751386,41575289,0.6747880848952102
rs6002963,41576090,0.6747880848952102
rs3788599,41577359,0.25793364042509825
rs5758988,41579037,0.46803288105027063
rs7364130,41579144,0.028101156205183005
rs5758991,41582279,0.8290017272631975
rs738536,41590371,0.309142603087767
rs4822208,41591167,0.309142603087767
rs9611944,41591816,0.45492407074623464
rs5759002,41593376,0.43908812500740735
rs7074,41595771,0.309142603087767
rs753086,41596191,0.08590977478359287
rs4822211,41597775,0.24346037418908295
rs13433641,41597953,0.19255914375875827
rs2073200,41598039,0.1379541473838803
rs9607973,41598446,0.24871149343012655
rs2073199,41605194,0.6747880848952102
rs5759010,41608092,0.028137205920171986
rs2899365,41608164,0.309142603087767
rs8139013,41610003,0.8889835845585556
rs2273143,41610594,0.7736592524827937
rs2267462,41613026,0.05534818903606212
rs5751399,41615253,0.30866440605919143
rs7288133,41615866,0.30866440605919143
rs5759012,41616820,0.30866440605919143
rs12166809,41617234,0.24346037418908295
rs2076157,41619180,0.028101156205183005
rs5759013,41619417,0.30910075510317336
rs2076158,41619682,0.028101156205183005
rs8140775,41621220,0.26013212875431957
rs11913561,41622816,0.45492407074623464
rs5996246,41627365,0.7724542179860018
rs9611958,41627970,0.6128404966578814
rs1076117,41629238,0.309142603087767
rs1076118,41629654,0.7736592524827937
rs2267465,41629822,0.028101156205183005
rs4820494,41635805,0.24346037418908295
rs2267470,41636485,0.018868011421862844
rs11090122,41638419,0.028101156205183005
rs2267472,41640091,0.028101156205183005
rs4822225,41640596,0.6747880848952102
rs4822226,41641840,0.9660416903323373
rs7364152,41646611,0.7736592524827937
rs2092210,41648644,0.24274583838043762
rs738384,41649102,0.18845317514015847
rs2267475,41651760,0.028137205920171986
rs9607982,41652158,0.45492407074623464
rs5759042,41654127,0.3835502773531261
rs4822231,41656054,0.799668515380442
rs4822232,41656751,0.8963762431902027
rs3788601,41657470,0.7736592524827937
rs738386,41658363,0.8831442151122328
rs738387,41659763,0.9724358178615643
rs8140884,41663100,0.024802232703004568
rs6002985,41663371,0.8997638472675087
rs2038058,41664239,0.8827116775682337
rs5759049,41665434,0.043591783227493144
rs8138930,41666672,0.781565124192917
rs3819674,41669820,0.0653902408519434
rs1071960,41679576,0.0833699844128222
rs5996250,41684278,0.0288079074285861
rs4140554,41685200,0.8997638472675087
rs7290939,41686166,0.5598711870786994
rs2068943,41686255,0.8997638472675087
rs2068944,41686386,0.7876605291118646
rs7291153,41686443,0.8668930570485341
rs1569507,41686643,0.8997638472675087
rs2179260,41687016,0.19713032042470835
rs1569510,41689392,0.8997638472675087
rs5759066,41696240,0.8668930570485341
rs4822241,41699293,0.8997638472675087
rs7511534,41702316,0.24171379968072026
rs1040427,41703514,0.7325432692601306
rs5759070,41705645,0.8997638472675087
rs2179258,41716766,0.19731519136914577
rs972579,41717655,0.8860323882402794
rs738377,41719514,0.8997638472675087
rs2018340,41720263,0.09931421729863074
rs7286299,41722800,0.24171379968072026
rs5751410,41723929,0.8997638472675087
rs713717,41726053,0.37091684559613425
rs5759081,41726389,0.37091684559613425
rs737782,41727507,0.2971360399905141
rs2038062,41727910,0.8997638472675087
rs2284097,41729950,0.8997638472675087
rs738379,41730708,0.8997638472675087
rs4822246,41732968,0.25195750039632203
rs738381,41734051,0.8997638472675087
rs5759093,41739933,0.8570970618691747
rs3091364,41744274,0.2010211510185861
rs5759099,41745655,0.232415399027062
rs2072883,41765612,0.59656963484838
rs2072884,41766113,0.0782058497594675
rs7349054,41769240,0.5741584324323137
rs5759111,41772543,0.8345513677275949
rs5759113,41773896,0.59656963484838
rs5759116,41775516,0.06490000017233481
rs5759120,41776832,0.06490000017233481
rs1980457,41780294,0.7630492264944224
rs5759124,41784399,0.06490000017233481
rs5759125,41785376,0.09190798839551936
rs4822258,41785475,0.10047331917725756
rs17415203,41785536,0.5205913488285088
rs10427606,41787806,0.28649736695236827
rs5996262,41787962,0.802055561669067
rs9680750,41789757,0.802055561669067
rs1052160,41789790,0.10047331917725756
rs2272870,41789808,0.802055561669067
rs6003029,41794299,0.802055561669067
rs2076154,41795473,0.05759101004055969
rs2076155,41795758,0.802055561669067
rs2076156,41796161,0.06490000017233481
rs5996268,41800470,0.802055561669067
rs926350,41801892,0.22630665672646544
rs5759142,41803378,0.3904043801184097
rs5759143,41803606,0.7944161596670188
rs760771,41806376,0.3795835371008067
rs8141749,41813186,0.48829167356016223
rs5759157,41817204,0.3525112947468907
rs8142159,41820578,0.10788521852457703
rs9612003,41821213,0.7513573828643942
rs135001,41822583,0.8552140041821268
rs135002,41822906,0.8552140041821268
rs5759165,41824016,0.1497897730599064
rs135014,41827842,0.846693668759232
rs5996274,41828058,0.11304547182307886
rs135015,41828105,0.7119540644915894
rs5759167,41830156,0.73799632333739
rs4988360,41835015,0.7069914175278763
rs4988366,41835639,0.3939424696762074
rs4988372,41836579,0.5349098613780712
rs9620115,41839612,0.16792502301536627
rs1883264,41839790,0.16792502301536627
rs738276,41840163,0.42939770724387916
rs4988386,41844830,0.19102264132967117
rs6519362,41845966,0.2817854172645843
rs4988394,41846077,0.2062146528833978
rs742134,41848219,0.385474096337593
rs4988406,41848268,0.1776042787720461
rs742136,41848766,0.385474096337593
rs11090143,41850049,0.5160355511823896
rs4988443,41855596,0.09726201851246474
rs11574528,41857625,0.25033642000004297
rs2245946,41858184,0.6612199603372311
rs7402,41858973,0.6612199603372311
rs13815,41859258,0.6612199603372311
rs2066910,41859461,0.6612199603372311
rs2413748,41860926,0.4116100391273575
rs2072852,41863304,0.27337735194580903
rs2072855,41863459,0.4450145218030582
rs6003071,41864738,0.4274520852594357
rs5759182,41869595,0.30673535843600974
rs739092,41874767,0.9905641141751422
rs138908,41878099,0.2663171678289866
rs138910,41879999,0.22822546384074682
rs5759197,41880093,0.8880563137099569
rs762960,41880996,0.8880563137099569
rs138911,41883361,0.22822546384074682
rs138913,41884970,0.15531600187628836
rs138915,41886260,0.22822546384074682
rs113515,41886866,0.3369602347255948
rs6971,41888870,0.8468561386135239
rs6972,41888916,0.4361698905066901
rs6973,41889081,0.44846600797641845
rs9333347,41889656,0.43538688766630085
rs1076922,41890906,0.40955789290825684
rs2012930,41891281,0.9555090575045465
rs80411,41891619,0.955699199056619
rs138922,41891747,0.955699199056619
rs47340,41892773,0.3244292859714525
rs138933,41895799,0.263910286031079
rs138936,41897880,0.20139488719294507
rs762953,41900012,0.1588710871715039
rs6003097,41902124,0.3943086348249383
rs6519365,41903890,0.9426248743111185
rs4822261,41905560,0.634750637280834
rs2071724,41906992,0.8682138846614063
rs138951,41909027,0.3785416297471864
rs875307,41909266,0.7425078262649469
rs138957,41914173,0.9159476878045851
rs138958,41914225,0.9159476878045851
rs138963,41915792,0.4840022473684351
rs138965,41917900,0.8467107674265489
rs138973,41923076,0.5390888486218208
rs17515719,41923905,0.9364822578988693
rs138974,41924082,0.9072856323323546
rs1543792,41924777,0.9364822578988693
rs1543793,41924990,0.9364822578988693
rs138977,41925959,0.5437210091209929
rs138978,41926069,0.7122890931066521
rs138981,41927759,0.4084747147143484
rs12484656,41928325,0.4896629529572507
rs138983,41929861,0.7122890931066521
rs138985,41932704,0.7122890931066521
rs17003557,41933454,0.6435536315116146
rs8142858,41934778,0.6435536315116146
rs7287269,41935467,0.6435536315116146
rs11704836,41935598,0.09076522640405765
rs2071725,41939704,0.13807005546498485
rs138991,41939854,0.7880195749431204
rs138993,41940151,0.7211299690190645
rs138994,41940752,0.285682461283032
rs12053796,41944043,0.37910220187707533
rs5759219,41944545,0.35837052345996245
rs138997,41944949,0.18308677503921844
rs138999,41945185,0.2652200222993486
rs139004,41946983,0.5200864307347273
rs6003114,41949144,0.4616374352583906
rs139006,41949575,0.3195540789939296
rs916256,41950563,0.9460984992169512
rs129415,41953339,0.42380623704909326
rs139012,41953916,0.42380623704909326
rs9612028,41953966,0.34472257724923605
rs139013,41954249,0.5311027138868083
rs139014,41954709,0.4380666302309614
rs139015,41955979,0.4118910280210323
rs735704,41957893,0.6044292780670458
rs916257,41961296,0.1908571910026028
rs139021,41962044,0.4732451879200651
rs2001076,41962808,0.5820320077720185
rs7285856,41963405,0.28454767607505393
rs8137393,41963921,0.2523752824183686
rs762957,41965151,0.23466505395913473
rs6003120,41965262,0.4486216200317966
rs6003121,41965493,0.2866909484474408
rs6003122,41967229,0.17062641696058511
rs11704275,41968196,0.1886825370006162
rs998409,41969082,0.5365084109814025
rs11913873,41969863,0.7746736286911422
rs739094,41969933,0.5461374673485009
rs5759225,41970672,0.6910429854637854
rs916260,41971277,0.9986551733787918
rs17516897,41972097,0.8012941791193124
rs11705577,41975077,0.5425193973624749
rs737612,41977360,0.6901450211297627
rs53724,41977898,0.3970902667298175
rs139027,41979645,0.70793613957154
rs139028,41980673,0.7638335447072144
rs139029,41981365,0.6411024498067368
rs733181,41984410,0.9021503420034742
rs9623792,41984421,0.5436436876079664
rs733182,41984895,0.7008420052597679
rs5751457,41985371,0.9237757664023716
rs5751458,41985470,0.9237757664023716
rs2413752,41986266,0.9428989181067361
rs5759237,41990551,0.9214513336295922
rs5751462,41991024,0.8454676181994192
rs6003130,41992732,0.6726176167376706
rs12484304,41994288,0.5028750967054928
rs139035,41994609,0.2270770652696915
rs139038,41997637,0.808726699469046
rs139039,41998113,0.4223852633372204
rs12628378,41998544,0.9098096334286634
rs139041,41998956,0.808726699469046
rs139042,42000038,0.4223852633372204
rs139043,42000330,0.4848372226982788
rs139045,42000476,0.5759245700518864
rs139046,42000817,0.45499148224637065
rs5996304,42001327,0.4848372226982788
rs12484747,42002573,0.8626569115359165
rs7291800,42003415,0.808726699469046
rs5759250,42003744,0.786337010178592
rs5759251,42004193,0.8438933478287466
rs5759256,42010183,0.7997391898549979
rs737752,42010931,0.4684611549216352
rs6003138,42012961,0.9560666133105612
rs763265,42013946,0.565791038002608
rs5751471,42014003,0.9987538370495739
rs4820516,42015258,0.4684611549216352
rs7290575,42015601,0.18373883761391607
rs12053791,42016346,0.27500419259983533
rs5759261,42016560,0.9997510646644266
rs4822276,42017622,0.9560666133105612
rs12484029,42018610,0.9140887975231334
rs5751474,42019486,0.6800848309550366
rs5996306,42019928,0.9560666133105612
rs2097570,42021926,0.49700629150830555
rs5759264,42023225,0.8042778235705592
rs2007836,42023677,0.7173567615945367
rs2253884,42028073,0.4201421894045396
rs2269668,42029718,0.5079160398834806
rs6003146,42029950,0.37210815252589946
rs2269670,42029957,0.22927394838732462
rs5751478,42033935,0.7219864781097436
rs11704418,42035622,0.735114456005017
rs6003150,42035873,0.6029468643981838
rs17003645,42037804,0.2728527660968818
rs4820518,42037940,0.5410474983302498
rs2008971,42041126,0.5120953524225789
rs713788,42042480,0.5487648270555487
rs715632,42042729,0.5182756577816596
rs2744875,42043197,0.5120953524225789
rs12628419,42044199,0.09327145582255664
rs5996309,42044660,0.9652110142033542
rs2859441,42045792,0.8412437926126884
rs2744874,42045806,0.9966447942369473
rs3213584,42046268,0.4087710388691722
rs17003655,42046915,0.6309586903477273
rs9612040,42048498,0.7669477095298681
rs2859442,42049383,0.693799455757085
rs6003156,42051463,0.8879774912274454
rs5759284,42052569,0.9413493861461348
rs3091358,42054577,0.6292745404407076
rs9623812,42054630,0.4144786020767546
rs9612041,42056453,0.7484730030207328
rs5759288,42057098,0.9413493861461348
rs9608016,42061501,0.6138435936598168
rs6003160,42061618,0.9413493861461348
rs2859443,42062368,0.9382369056988528
rs13053545,42064210,0.6138435936598168
rs5759291,42066336,0.43622039441101335
rs1894718,42067444,0.33769618863938455
rs2744881,42070362,0.9709893061089596
rs4820523,42077896,0.8128253745275117
rs9612051,42080648,0.8434280445039961
rs5759305,42085771,0.9236601300468
rs695288,42087635,0.9236601300468
rs695648,42090131,0.24058587022986178
rs4822283,42092154,0.5288166974615103
rs695810,42092301,0.23537029531534281
rs695396,42097023,0.7922023756593566
rs695537,42099815,0.877679528846024
rs9612058,42103821,0.6678532664133423
rs5751487,42106005,0.5450373810426908
rs8136152,42106024,0.365786392877686
rs6003184,42106796,0.5450373810426908
rs5996328,42109464,0.905166594191041
rs1555242,42109811,0.37274513500256745
rs9612059,42111071,0.65265497896778
rs743029,42112881,0.5626484706789882
rs743030,42113134,0.43218047325312803
rs743031,42113315,0.43218047325312803
rs736030,42113895,0.43218047325312803
rs736029,42114038,0.850077643561095
rs5759313,42114325,0.7024695705984672
rs9612061,42115112,0.44485836982040694
rs9608023,42115963,0.47042078330355275
rs2144415,42116497,0.65265497896778
rs9680768,42117233,0.797823648877343
rs2015865,42119161,0.6890850239531681
rs8141639,42121828,0.8966794965737357
rs6003188,42122030,0.31505632080337487
rs5759316,42126971,0.4807162361820634
rs9608024,42130710,0.5546750295645029
rs5751491,42130768,0.3327927422778495
rs11705567,42133831,0.2636992081058046
rs5759325,42137207,0.8608927877074398
rs8135509,42139102,0.8797146157101821
rs11705299,42140424,0.5036256322552879
rs7286402,42141536,0.6977234579038203
rs5759333,42142775,0.5595378415932555
rs2180154,42144401,0.8385469599328392
rs738682,42145612,0.8657227383101186
rs932514,42145737,0.6541097625566489
rs974579,42146162,0.5595378415932555
rs974580,42146197,0.5595378415932555
rs933218,42148223,0.7037303341305301
rs11090163,42149701,0.5809047994512728
rs135085,42150230,0.42101644822048423
rs5759339,42152682,0.4896473031115872
rs4822289,42152958,0.6218348895632415
rs135082,42153922,0.4168099309220129
rs135080,42154515,0.27666937374056455
rs7290966,42154562,0.5208722465339968
rs9306377,42155383,0.4215077540497225
rs739018,42156211,0.33479343902279124
rs11703590,42159840,0.9908788488619897
rs2413761,42160940,0.6332418074236654
rs4331615,42161000,0.6332418074236654
rs135067,42163642,0.9704739021771683
rs135066,42163726,0.4168099309220129
rs135059,42167159,0.6962634547283826
rs135044,42175652,0.6263427882828572
rs739017,42177533,0.6190877423083735
rs5751498,42178350,0.8522962638434121
rs11704091,42181429,0.9959082840946757
rs9620142,42181886,0.7803061685364243
rs362211,42183641,0.8295742333331337
rs20195,42187272,0.7781929167184803
rs6003211,42188474,0.914715147919822
rs5996341,42189421,0.7840705718850023
rs6003212,42189524,0.7495072693297073
rs80318,42193241,0.5371110203482117
rs6003215,42195423,0.15122398308065635
rs7292049,42195569,0.7086978880330541
rs8142313,42197121,0.5019569042060238
rs867105,42198450,0.8150999283352984
rs6519378,42198515,0.4592311440036765
rs867106,42199551,0.5179173421281831
rs12168763,42199800,0.967996244169161
rs11704226,42202877,0.3338904143405903
rs5751502,42206355,0.5952716875195699
rs5759360,42208641,0.49944987386708095
rs2076666,42210450,0.6680885802005012
rs28548726,42210977,0.8041524224382789
rs28711734,42215343,0.4148208186616781
rs28760421,42228014,0.9233471324609425
rs9625943,42237502,0.13413453051205546
rs13054573,42238105,0.6253923969353783
rs11912820,42239966,0.5117418493584109
rs12159522,42241816,0.5278582606041621
rs9614366,42242172,0.16052186288722003
rs12483905,42245729,0.07090040769561931
rs7285376,42249790,0.3615987749836419
rs11090604,42251444,0.8843936401897396
rs9614176,42253832,0.07597522903820438
rs7285825,42254007,0.5278582606041621
rs9614177,42256423,0.049342547776238005
rs9614180,42257343,0.07597522903820438
rs738725,42258575,0.46547337581542403
rs4585129,42262158,0.8843936401897396
rs7286735,42262997,0.8843936401897396
rs5764204,42263754,0.4732610739110592
rs8136307,42272784,0.30007209662050016
rs137159,42278407,0.5635676714621489
rs137160,42278436,0.28970252611743674
rs137161,42282623,0.699395223431305
rs137162,42284109,0.699395223431305
rs1883602,42289506,0.7842081608156324
rs5764419,42291261,0.9491909843089714
rs926542,42295833,0.9173728015492822
rs7291629,42297178,0.3141631782233191
rs7289650,42297484,0.5153379158295929
rs5764458,42297793,0.04503479070072534
rs5764482,42301333,0.04503479070072534
rs16990774,42304562,0.07090040769561931
rs9614382,42307729,0.8686578428898338
rs9614417,42311949,0.2170804700367921
rs12627976,42313879,0.39172721783604736
rs16990783,42317474,0.5153379158295929
rs16990790,42320231,0.5153379158295929
rs12628583,42320777,0.8128053448510046
rs4823207,42322166,0.04072651994483106
rs6006714,42322654,0.8232315103549509
rs7291305,42329831,0.3354303533836287
rs9614453,42330057,0.10564282169974686
rs735234,42332044,0.04072651994483106
rs9614235,42339633,0.4685564186713752
rs5764690,42343546,0.5966415052638572
rs5764691,42344273,0.03328707367728459
rs1981467,42344649,0.6077226230206554
rs2374774,42345626,0.027137414143785326
rs4823124,42346624,0.565906614171342
rs9614242,42347598,0.06851426306154726
rs137719,42350344,0.6396798820586657
rs6006512,42351509,0.8154455948561229
rs137722,42353504,0.2662236839032537
rs110618,42353911,0.061858355022964315
rs4823125,42354506,0.04072651994483106
rs137724,42355028,0.061858355022964315
rs361729,42358427,0.05613437867051828
rs470083,42358549,0.08450530853831081
rs137731,42362375,0.39234634172781513
rs713912,42369851,0.9639986287995218
rs737788,42370618,0.027936971314396347
rs137746,42373315,0.4848996082883317
rs137748,42375719,0.8438084277356184
rs137749,42376608,0.4848996082883317
rs9614251,42383267,0.9888436195922011
rs9614252,42383885,0.04516413933814621
rs12627771,42384179,0.006561388992640873
rs6006521,42387277,0.04516413933814621
rs9614255,42387574,0.0790170779754608
rs2040400,42388036,0.04516413933814621
rs6006524,42390010,0.04516413933814621
rs743797,42390392,0.04516413933814621
rs86607,42390405,0.7140657866708369
rs137761,42391253,0.17052770922151106
rs9614170,42392342,0.06587182322280374
rs137766,42397074,0.5332183462614084
rs137767,42397103,0.4848996082883317
rs1014208,42401863,0.06587182322280374
rs137786,42405516,0.8471255961268196
rs6006528,42406216,0.09952505439283149
rs9614258,42408440,0.09952505439283149
rs8141450,42410978,0.4488880917434527
rs137794,42411013,0.4848996082883317
rs713913,42411812,0.6109248416102874
rs9306469,42411979,0.09952505439283149
rs9614174,42413787,0.8319260460475729
rs137803,42418082,0.04516413933814621
rs137804,42419108,0.6109248416102874
rs137806,42422428,0.623763387675831
rs137808,42423729,0.9895772927616096
rs12627931,42425421,0.6837872083608538
rs1894489,42426302,0.06521324293385405
rs8136283,42432474,0.06845629108701407
rs137820,42432744,0.013359529172326214
rs2001071,42433969,0.09317040380655413
rs17568513,42439002,0.6109248416102874
rs5764234,42444178,0.013359529172326214
rs767249,42445146,0.7614398994305828
rs5764236,42446194,0.03839755065213028
rs2401408,42451208,0.013359529172326214
rs2092257,42451331,0.013359529172326214
rs5764245,42451454,0.6837872083608538
rs2401409,42452175,0.013359529172326214
rs1013038,42454835,0.06292613705008823
rs8136516,42458283,0.0655485235656899
rs10483219,42460308,0.06587182322280374
rs3747203,42463119,0.25339471375756795
rs5764261,42468552,0.588922913812653
rs4823137,42468682,0.10705648105851945
rs5764263,42469086,0.045191238044860506
rs4823094,42478803,0.5904703863528676
rs16990981,42482989,0.9997773005263728
rs6006540,42485587,0.023331303035378125
rs5764275,42487769,0.7058168812375302
rs1894629,42488570,0.4848996082883317
rs1476036,42489823,0.012272545483059479
rs5764277,42490938,0.4399470670151242
rs5763989,42491330,0.8776548640509476
rs5764280,42494726,0.031411125763768394
rs8141695,42496931,0.045191238044860506
rs16990991,42499017,0.045191238044860506
rs739234,42499314,0.7265479876514431
rs2187887,42500759,0.9156513923454082
rs1894631,42509305,0.4802613295573235
rs9614183,42510460,0.09394375751857818
rs9968041,42515246,0.07035207012294113
rs9614186,42519020,0.8319260460475729
rs4823141,42520129,0.06378751496105119
rs4823142,42520281,0.04772973830014712
rs4823143,42521514,0.11132166333846143
rs5764302,42521911,0.4848996082883317
rs6006546,42522856,0.9863845320454933
rs17491531,42523351,0.006561388992640873
rs9614187,42524959,0.17643065760447196
rs9614188,42525726,0.8727234009862939
rs5764309,42526987,0.6332353769951593
rs5764310,42527300,0.5200528181614522
rs5763997,42528385,0.8691926049324067
rs9614276,42529348,0.8443562035056228
rs17491688,42534984,0.6109248416102874
rs5764314,42535078,0.6332353769951593
rs8138497,42540458,0.8982935667853971
rs6006553,42540497,0.9697502881342818
rs5764318,42542231,0.6838953491652231
rs13055972,42544171,0.187854199504229
rs8136755,42546306,0.1286661795567309
rs8141900,42546606,0.1286661795567309
rs7291445,42548134,0.5739235014327242
rs8138368,42548631,0.5739235014327242
rs138053,42550441,0.6053838996089193
rs4149445,42551277,0.6838953491652231
rs138055,42551624,0.5264991860224477
rs138056,42552006,0.7220168192034279
rs138057,42552580,0.6379473294304914
rs763120,42553700,0.6392459072469932
rs138059,42553749,0.7220168192034279
rs470086,42553772,0.7220168192034279
rs138060,42554140,0.6422038753714365
rs138061,42554173,0.7220168192034279
rs4149444,42554399,0.41892792357610353
rs138062,42557127,0.4747806216850923
rs138065,42558320,0.7220168192034279
rs138066,42558681,0.8628054817398635
rs138067,42558889,0.10851509145618157
rs2071886,42561126,0.2426558978868545
rs138073,42566266,0.8818640867378373
rs4149442,42568197,0.17829912505118928
rs138076,42568315,0.7409758076765092
rs2269602,42569629,0.36228755994088924
rs138079,42570832,0.6053838996089193
rs9306470,42571495,0.7619246317290909
rs470088,42572018,0.6053838996089193
rs138080,42572308,0.43181326401771003
rs17570873,42572618,0.5602621089276348
rs138082,42572734,0.7619246317290909
rs138085,42575439,0.8945497075694092
rs138087,42575954,0.6053838996089193
rs78509,42576319,0.7619246317290909
rs2013467,42576342,0.36228755994088924
rs80627,42576414,0.6053838996089193
rs138088,42576604,0.7619246317290909
rs713956,42577440,0.36228755994088924
rs138089,42577465,0.7619246317290909
rs138091,42578073,0.7619246317290909
rs2269603,42578090,0.7619246317290909
rs470089,42579837,0.7619246317290909
rs470090,42580602,0.7619246317290909
rs2285162,42580796,0.4455956274665004
rs138097,42581903,0.4747806216850923
rs2285166,42581963,0.4455956274665004
rs2285167,42582522,0.6838953491652231
rs2285168,42582659,0.17829912505118928
rs470091,42582981,0.7619246317290909
rs138099,42583185,0.7619246317290909
rs138101,42584158,0.7619246317290909
rs2269605,42586555,0.6838953491652231
rs739230,42586665,0.7384512534871615
rs2269606,42587161,0.17829912505118928
rs138105,42587165,0.46190695332749354
rs2269607,42588577,0.7619246317290909
rs138110,42591114,0.19708701923889949
rs138112,42591739,0.7619246317290909
rs138114,42592914,0.7619246317290909
rs470092,42595153,0.6322131240521449
rs9614284,42595304,0.17829912505118928
rs5764359,42595550,0.5310168538032215
rs138118,42595835,0.7619246317290909
rs5764362,42599909,0.763095725086928
rs138127,42603569,0.37251362367172614
rs5764367,42603783,0.6579964040891771
rs470093,42607504,0.37251362367172614
rs12485136,42607877,0.6934550481471548
rs5764372,42610085,0.6579964040891771
rs739231,42613609,0.8611203865045436
rs739232,42613640,0.8611203865045436
rs138131,42613836,0.8544387217079019
rs2071881,42614773,0.3607147408328014
rs9626043,42616148,0.9599000987279301
rs2401203,42616187,0.5774254437914894
rs2071882,42616287,0.9626145737843663
rs5764386,42616402,0.5958804238622553
rs10428037,42616645,0.5988120759120232
rs2017461,42617098,0.6190355568535656
rs743935,42617145,0.3607147408328014
rs739233,42617428,0.5228942561588412
rs2071883,42618283,0.3607147408328014
rs763115,42620595,0.6755329324580497
rs743936,42621648,0.3607147408328014
rs86790,42621837,0.35157177328969025
rs743938,42621860,0.3607147408328014
rs138134,42622564,0.793329040827395
rs5764391,42622991,0.5958804238622553
rs470094,42624987,0.8232607114906604
rs4823100,42629590,0.5130170409207969
rs6006574,42633092,0.7820213797995309
rs4823164,42633670,0.851387366796579
rs4823103,42635752,0.4086572337630149
rs5764023,42636551,0.9038248327893186
rs4823168,42638868,0.5258232582704605
rs4823169,42641423,0.4638946386932621
rs929090,42645182,0.5722411685918158
rs4823171,42648033,0.2601768934179113
rs4823104,42652482,0.6644411323138117
rs2076213,42654255,0.8699064662337559
rs2076212,42654303,0.495623832306354
rs139047,42654407,0.5349051220300394
rs738407,42655288,0.047569921636330566
rs734561,42655437,0.46787731024382095
rs738410,42655504,0.8357584555239703
rs139051,42656009,0.6299642522081801
rs738408,42656063,0.7326019024987002
rs5764034,42657188,0.9609142035296356
rs12483959,42657329,0.7948719176632265
rs1883350,42659376,0.44594044983712244
rs4823173,42660063,0.9374259507494994
rs2076211,42660411,0.9374259507494994
rs2076210,42660530,0.904453500187866
rs4823174,42661607,0.993379104892891
rs2281135,42663903,0.7275995233678387
rs2896019,42665027,0.7275995233678387
rs2073081,42667077,0.7384480284104683
rs1010023,42667431,0.7275995233678387
rs3810622,42669467,0.8006380364990292
rs16991187,42672731,0.5409730469182419
rs2294917,42673319,0.7435622500464716
rs2294918,42673449,0.9844529418290452
rs2294919,42673658,0.9999798601619841
rs1474746,42681750,0.9011538505670637
rs738491,42685444,0.772953810303377
rs6006591,42686563,0.8738642172374909
rs16991236,42690330,0.4944030607366928
rs12170274,42691062,0.6177041504652079
rs2073082,42691340,0.7802863921840644
rs9626074,42695069,0.6177041504652079
rs5764434,42695927,0.9516773902950203
rs2273031,42696127,0.8576503017222785
rs6006595,42699372,0.5409730469182419
rs3761472,42699455,0.8533802460410644
rs3177036,42699537,0.9537479279590796
rs932430,42700074,0.887825471944729
rs738494,42701772,0.6177041504652079
rs14315,42703965,0.783192194818977
rs6519823,42706577,0.887825471944729
rs8142910,42706840,0.887825471944729
rs11090620,42707075,0.783192194818977
rs4823182,42708775,0.9422938985766602
rs2235776,42709332,0.8305865491253275
rs2294922,42710898,0.6552153542989747
rs8418,42711171,0.9648038102453558
rs4823107,42712556,0.4328745256319697
rs6006467,42713580,0.5409730469182419
rs2294928,42714186,0.8865073018551073
rs12166587,42714403,0.6177041504652079
rs6006469,42714950,0.6601169558507056
rs12158715,42715612,0.5406980520617115
rs6006470,42719329,0.5693651886436775
rs6006471,42719541,0.992419576517021
rs5764451,42719670,0.8623412819350598
rs3788604,42719750,0.6601169558507056
rs3827385,42720150,0.6418781068274388
rs3827386,42720725,0.8865073018551073
rs2235778,42720847,0.5084820250821618
rs5764053,42721569,0.47934607931906204
rs2235779,42721699,0.7304595321233729
rs5764055,42722358,0.5693651886436775
rs2281298,42722567,0.5556415340037238
rs2179642,42722921,0.6896546460125131
rs2143571,42723019,0.5082451112960178
rs6006473,42724408,0.5563879160785483
rs8141950,42724809,0.38915214324373437
rs2073080,42725735,0.6418781068274388
rs2281292,42726722,0.5563879160785483
rs1007863,42726784,0.5229358902104384
rs5764455,42729857,0.9767389078682512
rs6006611,42732031,0.7680938339360343
rs6006613,42733974,0.6065447274299836
rs6006615,42738932,0.3723038542127195
rs4823185,42739574,0.35912750345187905
rs16991341,42740509,0.9662389418859127
rs12484530,42741326,0.6474728768231752
rs5764058,42741506,0.8598944428193993
rs9626091,42745659,0.5276194143968929
rs5764466,42746856,0.6106854963895745
rs135114,42749303,0.565039923745659
rs7285340,42751204,0.7552158261980637
rs2267591,42752758,0.7021634240222714
rs2267592,42752896,0.6406486740628805
rs12170546,42753666,0.495352618868694
rs11914048,42753971,0.5171542830688327
rs6006622,42755441,0.4971784628197605
rs2267597,42758945,0.7879202453258146
rs713747,42759348,0.5353262620819667
rs2401520,42760937,0.5270058109989816
rs1018795,42761095,0.6293037768866551
rs2896022,42766283,0.7413123976757953
rs5764066,42766885,0.7707224544793629
rs2284152,42778281,0.4379733031408716
rs6006632,42778379,0.665328568773291
rs2299846,42778819,0.6805478169008778
rs1004529,42783651,0.9051763283040876
rs11703221,42784361,0.31571914848237703
rs5764495,42786071,0.6311063651129856
rs2284155,42786806,0.9047416120237697
rs2267603,42787818,0.9266963090486847
rs12168526,42788025,0.14937849231182207
rs5764076,42790778,0.7086595510144977
rs2284156,42791328,0.24283052391579818
rs130311,42797883,0.5185096402656764
rs7286964,42798403,0.7993181566400894
rs6006636,42799085,0.4957728610133828
rs130314,42799243,0.7671541657319044
rs2267604,42801268,0.3368264724868407
rs5764084,42803677,0.9858753126955628
rs9626105,42810936,0.1515825163957586
rs738482,42811730,0.9102151941650427
rs910011,42811846,0.8742654399295038
rs16991431,42815532,0.6309586024022865
rs16991437,42817619,0.34383352740490447
rs2267606,42818347,0.1558102837430902
rs2050176,42820129,0.8193113157353586
rs738477,42820355,0.9658130530595401
rs1983609,42821201,0.3138549265373154
rs738479,42821229,0.6239216433440953
rs2076507,42821275,0.24188196319171718
rs16991456,42822910,0.3379091438386802
rs4823189,42824434,0.6362867970004273
rs16991463,42825156,0.3379091438386802
rs9614199,42825380,0.5315757699134052
rs5764088,42825752,0.6080188649849467
rs12169088,42825799,0.37033863194225347
rs8137036,42826862,0.7979606588164602
rs8140244,42828250,0.8802163031245066
rs9614325,42829467,0.37851044338197226
rs9614200,42829534,0.4880624363019691
rs6006643,42830550,0.6892900101215922
rs2267610,42830976,0.539544845582531
rs2092437,42831476,0.2594983992515877
rs11913389,42832968,0.1851968971552017
rs6006486,42834966,0.3899372039530554
rs6006488,42837566,0.2662938523574395
rs11703393,42843457,0.0804008849130273
rs1569666,42844806,0.5235797701794318
rs2267611,42844991,0.06037208183268265
rs5764540,42845648,0.4514550420626058
rs2143428,42846007,0.8102916810512322
rs761166,42847139,0.5899018928809183
rs5764543,42848598,0.7949456004919497
rs7291712,42849222,0.7949456004919497
rs5764546,42850209,0.3159614347989961
rs133905,42852608,0.2594983992515877
rs1535009,42853645,0.21381378113853267
rs13055414,42853683,0.41742863572652444
rs133908,42854074,0.9829502822357294
rs133909,42854166,0.9829502822357294
rs133911,42854495,0.6268564054513499
rs133914,42854883,0.29509685815195186
rs2896050,42854926,0.7130520481995323
rs133915,42855530,0.5356565260095073
rs133916,42855603,0.35587498588902255
rs9614202,42855971,0.6729599591139024
rs9614203,42856707,0.9656770672095848
rs41377744,42856833,0.9614997107226325
rs12628899,42857072,0.12552581309486907
rs738483,42859047,0.941988322275557
rs2179559,42861412,0.628287100062454
rs2267613,42861619,0.9614997107226325
rs2267614,42861753,0.2634251288906262
rs2267615,42862107,0.10857353967311385
rs2267616,42862177,0.9614997107226325
rs6006493,42862339,0.086592131925499
rs2255388,42869238,0.3865692169361302
rs2267617,42870021,0.2885003699869255
rs2267620,42870626,0.27989316123141383
rs2284158,42871235,0.27353503571806836
rs2072949,42875682,0.9785361707670763
rs5764559,42875993,0.6177127235991808
rs5764098,42876855,0.5269084626085643
rs5764561,42876878,0.6177127235991808
rs10483222,42880277,0.16235682533109896
rs760988,42880953,0.9614997107226325
rs139069,42884099,0.19362007865028374
rs139072,42886112,0.514885366583753
rs79471,42886361,0.7288524948781674
rs139073,42886943,0.7288524948781674
rs4823197,42888396,0.1517538266243326
rs5764577,42888502,0.6560819391445978
rs139077,42890051,0.7288524948781674
rs139078,42890144,0.30544122806071394
rs139079,42890978,0.8107306765960949
rs139080,42891088,0.4339184887091394
rs139081,42891175,0.8107306765960949
rs2272940,42891328,0.09013643942280103
rs139082,42891466,0.8107306765960949
rs9614354,42892172,0.6045782166876479
rs5764106,42892620,0.025643758335653303
rs139089,42893682,0.9679271518016128
rs139095,42895630,0.1418243961078045
rs139096,42895740,0.48649629765222235
rs9614207,42898768,0.6053021439083281
rs9614208,42899411,0.9518407770083395
rs7292425,42900747,0.18422476538158628
rs139107,42901313,0.46402157791039333
rs9614362,42903911,0.2202541323772118
rs12483834,42904365,0.36676121203011436
rs139116,42904875,0.22459473650879413
rs2092351,42905737,0.045992995267946694
rs139120,42905880,0.09340882829853671
rs878406,42906306,0.9184118861167183
rs3747208,42907201,0.3997231254796805
rs139123,42907418,0.12322359809211271
rs139124,42907465,0.09340882829853671
rs7287117,42907988,0.36676121203011436
rs9614363,42911069,0.6616649750695042
rs139131,42912379,0.7235097596442923
rs5764592,42912736,0.938109692886111
rs6006693,42912882,0.7312659346564601
rs139132,42913438,0.5812802455331669
rs6519830,42913597,0.5343838398039358
rs139133,42914153,0.5812802455331669
rs139134,42914262,0.41076204789501625
rs139135,42914579,0.5408581073125676
rs139136,42915491,0.5408581073125676
rs139140,42917274,0.7858078792017885
rs932381,42920341,0.6344144574168293
rs139142,42921190,0.5111082069057806
rs139144,42922325,0.32868186834989654
rs139147,42924957,0.8192761886265559
rs139148,42925366,0.7855719716535409
rs139149,42925468,0.7855719716535409
rs139150,42925542,0.8192761886265559
rs139151,42925809,0.5450873458302675
rs16991639,42926572,0.3570785973577335
rs139154,42926895,0.8192761886265559
rs470111,42926924,0.49737838688022074
rs139156,42927418,0.7855719716535409
rs139157,42927540,0.7855719716535409
rs139160,42928837,0.7825992807113573
rs139163,42929262,0.4672604770301747
rs139166,42929939,0.8332187706640668
rs139167,42930025,0.8192761886265559
rs139170,42930785,0.4037716698295085
rs139171,42930864,0.4037716698295085
rs139191,42935538,0.23293483098800993
rs139210,42942383,0.9018677417584631
rs9614371,42942555,0.9018677417584631
rs9614213,42942583,0.9018677417584631
rs139211,42942631,0.9018677417584631
rs139222,42944855,0.917929881974437
rs755944,42945696,0.05594855742979617
rs139228,42946766,0.8944135652195058
rs139234,42948788,0.22323572696236627
rs139235,42948858,0.2814419839434341
rs16991689,42948895,0.8131407212925458
rs139240,42949197,0.2814419839434341
rs11705476,42949695,0.12635855411330266
rs13057050,42950168,0.2666354898920331
rs139247,42951033,0.2814419839434341
rs139248,42951119,0.2814419839434341
rs11703846,42954842,0.6177739657781041
rs139258,42955157,0.1618917843300346
rs11703924,42955204,0.6177739657781041
rs4823122,42955835,0.6177739657781041
rs3884696,42957900,0.6177739657781041
rs139265,42959401,0.09495278348849515
rs7289241,42961247,0.5978579640815909
rs9614390,42965544,0.5978579640815909
rs1043669,42971467,0.7442982071115938
rs737263,42971941,0.23451617217398535
rs3827389,42972016,0.17538411776509688
rs9614399,42972134,0.17538411776509688
rs3810624,42972385,0.05865755593074024
rs3788609,42972957,0.35662511363816396
rs16991711,42974662,0.10597949015393869
rs9614403,42977026,0.174225739951412
rs5764147,42977248,0.6872532390697674
rs9614404,42977317,0.2490706925240046
rs5764658,42977361,0.5559822835595779
rs5764659,42977438,0.5559822835595779
rs5764148,42977452,0.5559822835595779
rs9614405,42977642,0.17691699796956573
rs135444,42977996,0.8491407220143788
rs5764661,42978391,0.5559822835595779
rs9614407,42979426,0.15904884069572234
rs16991714,42980998,0.3324665808058196
rs6006712,42982904,0.34720222806435697
rs6006713,42983490,0.34720222806435697
rs135439,42986296,0.9822668165015231
rs135438,42987822,0.07410267283853741
rs135437,42987914,0.0796368634028308
rs135426,42989068,0.4546653132973597
rs4823209,42992777,0.8454501847755409
rs2743847,42996397,0.25069769562904864
rs135416,42998225,0.4523924765857996
rs28584938,42998647,0.20471378577906107
rs135406,43003352,0.1634785878200984
rs12483789,43005031,0.5338538769392431
rs135403,43007420,0.36072029544540585
rs135401,43008185,0.3515137823639767
rs135399,43008453,0.7736651194674244
rs135396,43008980,0.2991523212316818
rs135391,43011095,0.27462861086209023
rs135388,43012945,0.12460686947975187
rs9614421,43015372,0.02341713643409501
rs12159191,43022888,0.017594409819194964
rs3935378,43026421,0.5149925989876346
rs8137744,43028613,0.8075978103213428
rs6519834,43029075,0.21519004061671954
rs7511306,43031920,0.5396438239347876
rs4072880,43032379,0.6900058719040254
rs7511423,43032705,0.28113639607340746
rs12162979,43033026,0.2863147445615204
rs9614436,43034835,0.7341707781492832
rs9614231,43035946,0.4275276527346338
rs7290560,43036573,0.5710734730302778
rs9614437,43036602,0.19332114876368522
rs6519839,43037549,0.17953567545525506
rs12158741,43038147,0.35989986484104164
rs7510759,43038359,0.8049732279966652
rs6519840,43039049,0.31524033878012747
rs34014753,43041087,0.17953567545525506
rs34810367,43047800,0.33276079631022504
rs34420568,43054604,0.9769425771027642
rs35086751,43055458,0.6025621350086139
rs12171009,43114372,0.27987298232763447
rs7289788,43114436,0.9587768035838401
rs9614891,43116310,0.9242635052956033
rs9626539,43116452,0.2396129180933223
rs8139289,43116934,0.4639812942488568
rs6519897,43117070,0.6185960129572281
rs11090718,43119070,0.8014414482562489
rs11090720,43119191,0.4243134623510507
rs8137340,43120253,0.6141884175055263
rs13055215,43121608,0.31457985814699985
rs5765896,43122744,0.592595491811127
rs5764966,43122979,0.7241817957766188
rs7284718,43123117,0.6924615659752618
rs949441,43123548,0.3973092980985863
rs739161,43123915,0.4277003937786503
rs5766069,43124247,0.11275108353432607
rs2097445,43124384,0.47464450470450803
rs763045,43125661,0.2931660616023307
rs743864,43125764,0.15472566369141852
rs16992075,43128674,0.41972896629457956
rs9614528,43128874,0.6446050966600624
rs8137546,43129769,0.21437546340693758
rs713724,43130670,0.1017192209039172
rs1974462,43131614,0.3037750671482399
rs7288379,43131883,0.2604121051924916
rs713695,43132172,0.13947156331053676
rs11705079,43133627,0.2533828338990569
rs10854823,43134314,0.32047518237427897
rs763036,43135096,0.7801579657125324
rs2014530,43135735,0.16787798632199813
rs9614538,43136103,0.12805601853607276
rs5764885,43137819,0.46782042652514066
rs8138173,43138703,0.7035980231658208
rs1557553,43139648,0.7534691292903767
rs5765807,43140295,0.8033483136596388
rs7292668,43140684,0.21532920502120145
rs5764916,43141053,0.7354140599808696
rs763040,43142270,0.5822673410276704
rs5764924,43142315,0.6491060539736268
rs763041,43142416,0.9894922420096983
rs5764925,43142463,0.8107364173062102
rs17509144,43142512,0.7686480184867168
rs9614858,43143065,0.3359183721387855
rs11703302,43144189,0.22506879469409535
rs6007197,43144315,0.45600850776661783
rs17509283,43144358,0.7916989757247387
rs6519884,43144479,0.5348728482482452
rs8136631,43144663,0.6896463762956861
rs6519885,43144687,0.1223718013983401
rs9614868,43144976,0.376808227220945
rs12484763,43145398,0.5053636063474054
rs989677,43147495,0.789274244636681
rs4823353,43148199,0.789274244636681
rs12628355,43148223,0.6813997789916391
rs4823354,43148331,0.789274244636681
rs1041886,43150282,0.44456339381842114
rs1041887,43150427,0.20213420640247592
rs4823362,43151304,0.44456339381842114
rs7285004,43153364,0.5576854508352936
rs135892,43153565,0.8292246410355024
rs135893,43154394,0.5067376276354993
rs9614909,43155290,0.288885722302085
rs135896,43156806,0.919069252829095
rs4426,43157018,0.8523292961492683
rs2071815,43157402,0.3364606927452408
rs2071817,43157641,0.24033704719149562
rs135899,43157904,0.7296180068032715
rs135900,43157967,0.815198271201184
rs4428,43159189,0.7962941090514383
rs1003851,43160929,0.2793241391573741
rs19985,43162443,0.29585316074415224
rs135905,43163511,0.20510432270962142
rs135906,43163604,0.30780248545011446
rs5765027,43165216,0.03884793940282881
rs13055798,43166047,0.3861605558932196
rs5766063,43167577,0.3861605558932196
rs5766071,43168033,0.0986789498014831
rs1024334,43170202,0.41256559910692625
rs2071819,43170368,0.6176191589802487
rs2071820,43170471,0.4912378632290688
rs13058072,43170792,0.7922778060002661
rs2071821,43176351,0.7405132788211197
rs713888,43176387,0.14225154601679027
rs713756,43176974,0.672407873035372
rs713754,43177310,0.8831418663161064
rs135921,43182856,0.5693542319071384
rs135924,43186137,0.7194271850342482
rs135933,43189739,0.31930914244419006
rs135935,43190086,0.31930914244419006
rs135938,43190700,0.13763115472176635
rs135939,43191199,0.8431325654354109
rs715597,43193457,0.24726618648921872
rs5766418,43195271,0.2656268302246807
rs5766426,43195620,0.2656268302246807
rs135955,43196508,0.2656268302246807
rs135956,43196557,0.2656268302246807
rs135957,43196619,0.2656268302246807
rs135958,43196714,0.2656268302246807
rs135959,43196772,0.046226801825814935
rs9615063,43199758,0.8774236786781946
rs1972489,43199904,0.44043798425411895
rs135963,43200479,0.6145440301535974
rs2027858,43202109,0.45998466504851065
rs135976,43206741,0.7158959191786247
rs5765228,43208906,0.7353874810022566
rs8136745,43209504,0.7353874810022566
rs9626680,43211665,0.509731026910526
rs737724,43211746,0.3900615669028602
rs7289805,43212637,0.6468677248608101
rs8135880,43212956,0.5826070034096541
rs8139046,43213058,0.7797854387454445
rs133838,43213139,0.536497548646018
rs133829,43214600,0.4660293713664069
rs80303,43214913,0.6198197571837609
rs2349251,43215028,0.2740472967735441
rs133826,43215315,0.6525132842389649
rs133807,43217334,0.7472196785184805
rs133806,43217464,0.7472196785184805
rs133805,43217476,0.7472196785184805
rs133802,43219384,0.8446908164605192
rs133796,43220799,0.8466452667721838
rs133795,43221018,0.8466452667721838
rs133779,43223409,0.9993690187749524
rs133778,43223459,0.9993690187749524
rs133771,43224071,0.5533570111814575
rs133760,43225320,0.8747986169305156
rs133756,43228225,0.40190767921393555
rs133755,43229104,0.5739428814486027
rs133753,43230122,0.6159211781657397
rs470003,43233894,0.7204561109890183
rs6006762,43236110,0.40392986552863064
rs133745,43237983,0.5742225713586042
rs8140396,43245450,0.9167476229485408
rs5765559,43249621,0.633538151172
rs2239770,43254316,0.9719171042564472
rs16992346,43256036,0.9516849123225897
rs16992349,43257386,0.6154853993937432
rs6007154,43260632,0.8143761065392059
rs6006807,43264254,0.1767959501695221
rs5764858,43266327,0.3396825149235533
rs1962219,43266482,0.4667324227123959
rs6007169,43267584,0.5490225376577055
rs3747220,43268661,0.8840916736000198
rs135622,43269322,0.5739128423536826
rs135624,43269349,0.6441399863850118
rs131154,43269509,0.6441399863850118
rs131155,43269911,0.5451668814327548
rs131156,43270034,0.5826979796592172
rs105248,43270063,0.6441399863850118
rs131157,43270386,0.5365275668179906
rs131158,43270537,0.6441399863850118
rs131163,43270799,0.6441399863850118
rs131168,43274889,0.6441399863850118
rs135626,43276854,0.9156156056392352
rs131172,43281423,0.6322564551875571
rs4823326,43287342,0.6322564551875571
rs4823329,43288781,0.6322564551875571
rs5765710,43293018,0.7358666819316724
rs5765711,43293268,0.4663284965990081
rs5765723,43300218,0.7159531598053828
rs5765728,43301072,0.8232001532421409
rs4599231,43301390,0.7051538127662169
rs5764884,43301507,0.7159531598053828
rs5765741,43302956,0.6060648277596619
rs5765742,43303034,0.9531880681876554
rs11702972,43303058,0.7051538127662169
rs5765743,43303105,0.9531880681876554
rs5765745,43303558,0.7159531598053828
rs4823334,43304589,0.9297630239792652
rs4823336,43304667,0.5748502106354345
rs5765751,43304682,0.9343018950570277
rs41330546,43305340,0.6872923255413901
rs5764891,43306616,0.9089423423234549
rs1123146,43308470,0.6951564299713067
rs1123145,43308638,0.6977620709460304
rs5764897,43308751,0.7997161245653235
rs5764899,43309129,0.7997161245653235
rs17512927,43309365,0.247094314714273
rs1997677,43311201,0.8009557137702319
rs6007188,43311741,0.42572049476370644
rs2076091,43312046,0.79810235970378
rs1124898,43312547,0.38588213102742
rs2076096,43312651,0.2053335597071313
rs4140639,43313895,0.9215171074276939
rs2223335,43317906,0.9352495765352574
rs2142832,43319027,0.615410523101209
rs5765782,43320275,0.23263270493804467
rs4823242,43321156,0.7192248815939762
rs2349622,43321978,0.30726143940982265
rs2882201,43321994,0.30726143940982265
rs2349623,43322065,0.30726143940982265
rs2002982,43325185,0.7625472815331374
rs2002981,43325329,0.5641636881742544
rs2349629,43326761,0.4922430059911572
rs138575,43329931,0.3972353198859081
rs5765811,43332164,0.7192248815939762
rs4823340,43339825,0.7835854555914091
rs9626489,43341319,0.8181738694315834
rs138592,43343777,0.7106667255900332
rs138593,43343984,0.6167917129334748
rs10427772,43344028,0.9906412696410664
rs138594,43344404,0.7106667255900332
rs138595,43344791,0.5548039231920011
rs138596,43346431,0.30920361806146546
rs4454,43346982,0.3101016949237141
rs138597,43347194,0.47158900074846777
rs9626490,43348387,0.9906412696410664
rs4457,43351544,0.15108829701205848
rs4458,43351827,0.19763104327243086
rs2349632,43352246,0.2468100823863565
rs2349634,43352403,0.2468100823863565
rs5765830,43352674,0.2538716626270179
rs4459,43353157,0.14960113582034118
rs742196,43353431,0.3320172994948196
rs138601,43353877,0.14960113582034118
rs98175,43353930,0.10224066048284873
rs138603,43354120,0.8192169554030725
rs5765839,43355004,0.10940164113259497
rs138606,43358052,0.7902945801282268
rs138616,43359627,0.7299555558823113
rs138619,43359990,0.5772920120235461
rs16992538,43363969,0.7327268552144016
rs138625,43365828,0.13800946194795893
rs138628,43366873,0.2481599657630137
rs9306482,43375136,0.3431338824450554
rs16992551,43379946,0.3397790354509327
rs6007204,43380054,0.8508855118499781
rs2281118,43381212,0.18650817441589873
rs4422244,43382412,0.3381669517472202
rs738361,43382542,0.6558590639962072
rs965027,43384025,0.49563579494541676
rs2103594,43385494,0.7439215687289595
rs6007210,43385930,0.43778647616501054
rs6007211,43386012,0.6659126372092519
rs12157859,43386227,0.5404034966143554
rs8135966,43386578,0.182092156061199
rs7287323,43386711,0.7936073494423651
rs4823348,43388655,0.7556882488240512
rs11704309,43390616,0.20448561516043295
rs9614840,43390761,0.26444249245879237
rs11090677,43391897,0.8681082651297624
rs9614845,43392799,0.4811523798782559
rs6007216,43396399,0.314302002016677
rs3091375,43397612,0.5850882887354341
rs11913072,43399012,0.4867992467034459
rs6007220,43405168,0.9026108042467805
rs743989,43414293,0.4274671822041244
rs9614859,43418962,0.9216376729844711
rs12106654,43420441,0.3958508588116896
rs136890,43423345,0.3267048703316482
rs136894,43424809,0.6954724583781713
rs2032552,43426199,0.6742549285879427
rs136899,43426917,0.7529857960470706
rs5764946,43430855,0.6615354907521558
rs2001147,43433225,0.934811950140599
rs8142612,43433568,0.5767842273226269
rs11090683,43434248,0.934811950140599
rs136904,43436490,0.7194162803398785
rs136911,43437912,0.7135638603080067
rs2349638,43441794,0.5623774431266357
rs6007233,43442407,0.5013558530723802
rs5764957,43444530,0.5623774431266357
rs6006845,43444699,0.989745531387062
rs9614870,43448074,0.8338578524860147
rs28437189,43450343,0.22169932023750738
rs880857,43450565,0.48059307147321917
rs949445,43450584,0.48059307147321917
rs916400,43451178,0.48059307147321917
rs763213,43454402,0.14959831745855726
rs9626514,43454518,0.8573992761923015
rs9626518,43457160,0.8573992761923015
rs9626521,43457265,0.8573992761923015
rs5765901,43459419,0.23513377228189059
rs41396744,43459923,0.8573992761923015
rs1005518,43463948,0.7513155434938021
rs7292339,43468056,0.9301713129511895
rs7284238,43470039,0.8343068801294218
rs6007249,43472707,0.8604771695632761
rs9614882,43474191,0.7672282505449486
rs5764965,43476479,0.6398845924027661
rs5765916,43478490,0.8046666964091203
rs5765917,43479661,0.7127459613112324
rs1540327,43482150,0.7425809926571143
rs6006849,43483030,0.9910308790817313
rs873724,43487691,0.8288066270506892
rs2097535,43488330,0.04556372066708178
rs1077165,43489429,0.8374100991211955
rs1077163,43489540,0.4880056915277924
rs916402,43489713,0.022631886512701142
rs1077166,43489769,0.2616866349958312
rs5765924,43489898,0.2616866349958312
rs12170561,43490940,0.10121274586022647
rs6007260,43492586,0.23336796957212613
rs16992660,43494063,0.7684770851657102
rs6006852,43494161,0.13866053880382784
rs5765929,43494196,0.13866053880382784
rs5765930,43494243,0.10187436268542271
rs17601899,43494791,0.10182206838904932
rs6007262,43494855,0.9170339935160708
rs739276,43495464,0.10246428952636444
rs763216,43496098,0.05406582722979949
rs763217,43496258,0.39525435845704726
rs1476049,43497197,0.6713497608293105
rs9306484,43498323,0.5865894145774326
rs734799,43500578,0.9829867664204163
rs2269571,43501748,0.8564607544235081
rs16992699,43502410,0.4557719646430757
rs5765943,43502505,0.6805938477656269
rs3827390,43502641,0.06898069542567618
rs743894,43502959,0.06898069542567618
rs3761481,43503510,0.3628651986066175
rs3761483,43505091,0.1315961748705565
rs3761485,43505439,0.7177985025191637
rs132405,43509092,0.9506335208813167
rs132406,43509130,0.8609057280790592
rs129574,43510219,0.650278722796924
rs763065,43511023,0.5879531490988769
rs3329,43511902,0.8206179439689031
rs3213551,43512199,0.2940710343394558
rs3747221,43518170,0.752482805942982
rs5764983,43524888,0.7684370146060271
rs9614902,43527012,0.8081603522731864
rs132438,43528867,0.3611746391888806
rs5765956,43529323,0.9962233807081885
rs876418,43533495,0.15622474355719346
rs132451,43535767,0.20279658951079427
rs1029314,43535877,0.9617193997558622
rs5764990,43536692,0.3073307265000569
rs132456,43537619,0.7341171508643264
rs9614908,43539241,0.39667851520024866
rs739172,43540404,0.2717381609008962
rs132470,43548040,0.2958179418410619
rs4823376,43550393,0.122810397361394
rs4373,43551669,0.6037759636935731
rs9614922,43553376,0.32487645098362816
rs5765007,43554635,0.7285003509058897
rs5765989,43555387,0.83354404639792
rs5765991,43555422,0.6496380029490066
rs6007287,43555525,0.4620997619987044
rs1557557,43555667,0.876768821502761
rs1557558,43555704,0.83354404639792
rs13053973,43557111,0.06589185004517958
rs5766002,43559030,0.5209103870333511
rs5766004,43559174,0.5209103870333511
rs5766005,43559218,0.5209103870333511
rs6007292,43559702,0.3177847449390503
rs5766006,43560209,0.5209103870333511
rs9614929,43560768,0.6983143880896874
rs9614932,43561229,0.7213755586572436
rs7289667,43561633,0.2571643084849835
rs16992796,43561678,0.4091293513919353
rs5766013,43562209,0.18076826742280805
rs8136290,43562532,0.1596289911557105
rs8141569,43562582,0.17619487702883463
rs3788622,43566454,0.15640893062850955
rs3788628,43566860,0.6768806687785665
rs877667,43567288,0.957546684966907
rs916324,43567335,0.24344206601227536
rs5766029,43567963,0.08016755889736944
rs16992816,43568066,0.08016755889736944
rs5012765,43568127,0.08016755889736944
rs12483891,43568535,0.5052585994124674
rs739177,43569414,0.08495692978070551
rs3788629,43570116,0.08016755889736944
rs9626245,43571285,0.15245268359445424
rs1001728,43571324,0.7672870443835348
rs2239813,43576673,0.1844492144258345
rs1076933,43577158,0.14403463667100033
rs2017317,43577722,0.14403463667100033
rs16992880,43580836,0.7451599076382766
rs6007305,43584392,0.16751241801396033
rs16991944,43585983,0.7672870443835348
rs41487149,43588160,0.6395285020515163
rs2071758,43589330,0.806887245886657
rs12169108,43591777,0.8442816795826065
rs9614944,43594813,0.48077233541727205
rs13053938,43595004,0.2446743801206942
rs136662,43596887,0.7219727235284206
rs136663,43597339,0.7219727235284206
rs7290106,43597851,0.49576013338528746
rs6007308,43599658,0.8072525277212876
rs2071759,43599707,0.11997621385462019
rs5765038,43602424,0.5532235739134497
rs9614576,43603961,0.7822387651267863
rs4823392,43605937,0.5587482646911541
rs5766074,43606491,0.14382414277888012
rs5766077,43609100,0.11665507353613085
rs739122,43610361,0.9357629434807825
rs1544278,43610422,0.8924323130728917
rs5765043,43610547,0.11665507353613085
rs1544279,43610556,0.8924323130728917
rs4823393,43613403,0.32650344525804176
rs2285119,43615277,0.4415338206011129
rs8138412,43615756,0.11095222422657523
rs2285122,43616234,0.4625356070134642
rs136675,43616350,0.5761813520048653
rs6006890,43616993,0.7449854624267644
rs7286363,43617059,0.7449854624267644
rs6007316,43617541,0.7449854624267644
rs136678,43618920,0.5841406883128946
rs2269539,43620296,0.11908952523942669
rs2269541,43620904,0.6832531965847235
rs2269542,43622435,0.040876087493443604
rs1024331,43622824,0.3714950735893008
rs2269543,43623594,0.3714950735893008
rs9614950,43623930,0.43770618892750357
rs5766099,43624023,0.9857763116902941
rs2269544,43624514,0.5318203461200238
rs6006891,43624914,0.9325989109410546
rs12627790,43625135,0.06253614374769181
rs5766105,43625839,0.4401474756472449
rs6007323,43626878,0.7307962559175224
rs6007324,43626905,0.700383627621148
rs5766113,43630087,0.5118608138430203
rs5766119,43632337,0.18833397130097584
rs7289868,43632536,0.3270796528420018
rs11704593,43633707,0.866529913345738
rs4336044,43634124,0.7852759612641771
rs5765061,43635176,0.18833397130097584
rs3830115,43635502,0.9415213718825695
rs2071761,43636606,0.6137609166263265
rs2071762,43636988,0.815132705851561
rs8881,43637121,0.1707138928011267
rs2071763,43637203,0.815132705851561
rs6519899,43637314,0.7604009772458917
rs8135269,43637453,0.22696634643771618
rs2213530,43637899,0.2783560352367428
rs2213531,43637936,0.2437634757091418
rs6007353,43639556,0.5815483564121877
rs8136335,43640554,0.6608942463150356
rs5766137,43641497,0.18833397130097584
rs9614968,43653359,0.0580910178798956
rs7288100,43653782,0.7331282629688965
rs17542188,43655010,0.03808218061269197
rs5766149,43656366,0.06549974556198164
rs762980,43656773,0.0902791933718474
rs3810628,43657163,0.0902791933718474
rs3747224,43657984,0.12735192433846196
rs3747225,43658162,0.05308813483053099
rs3747226,43658193,0.5546108577031428
rs4823406,43663734,0.8515382735504929
rs12157651,43664982,0.8434651256767849
rs3752467,43670497,0.28681861387049545
rs4823407,43673106,0.6908766260373387
rs5765078,43676536,0.22987927234288918
rs5766175,43680121,0.509869661784375
rs1894524,43681326,0.7932042870566304
rs6006904,43681919,0.8120428799694943
rs9614975,43682379,0.46437556982552464
rs6006905,43682772,0.8120428799694943
rs9614976,43683170,0.46437556982552464
rs6006906,43683800,0.9920878690254824
rs4823413,43683989,0.9321745300625822
rs9626258,43684520,0.9920878690254824
rs3213527,43688317,0.6239417602067439
rs2239792,43690555,0.36888241581276204
rs2239793,43690777,0.6753199713676901
rs9614978,43691465,0.5387364855864789
rs4823417,43691864,0.3453073169568963
rs5765085,43693588,0.6866936225083219
rs5766188,43694336,0.5325435310695592
rs5766192,43695411,0.47700975250729927
rs4823262,43697389,0.6634280266991006
rs4823421,43697981,0.7850945584547331
rs9614985,43699295,0.46320205684777405
rs9614986,43702597,0.38185909569553356
rs136686,43703638,0.6551901414238552
rs136687,43704125,0.2964029305917526
rs4823264,43705225,0.10407127880204135
rs1894520,43706341,0.6021185438146952
rs136692,43708476,0.5852665782338916
rs6007391,43708899,0.2593595826272055
rs4514991,43709598,0.5945312827055071
rs10483225,43710540,0.3029001866981894
rs5766212,43711824,0.529554930907451
rs5766213,43711846,0.2593595826272055
rs6007393,43712590,0.2593595826272055
rs11704788,43714000,0.406240265174885
rs136695,43714068,0.23134911883089404
rs5766218,43715993,0.8633564616748507
rs136698,43716556,0.6238146784450447
rs1894521,43716607,0.9078819202480026
rs736490,43716877,0.5951408001436389
rs6007396,43717529,0.9533895114015049
rs961500,43717774,0.40801698247406126
rs6007397,43717864,0.6884475530159592
rs4823423,43718069,0.021794376555787205
rs1473811,43718137,0.7976976553298559
rs136700,43719149,0.3795727433604025
rs136708,43724158,0.8740776514075123
rs6006911,43724497,0.6342922656461676
rs11704625,43730951,0.44472662001271135
rs8137390,43731772,0.49026764144072654
rs2350224,43733582,0.6685834513650932
rs2350226,43733862,0.5981686076679892
rs5766238,43738093,0.44472662001271135
rs9614994,43740826,0.5392263850703407
rs2350227,43747004,0.2872883719555316
rs5766248,43748133,0.4495471796260909
rs11090717,43757964,0.8269753051250989
rs5766257,43758285,0.26507230932002557
rs16991948,43759332,0.44806365409304216
rs738622,43761128,0.915907810766833
rs1005368,43761894,0.2973508770339086
rs4359751,43762603,0.2121261121591712
rs5766263,43765073,0.33313697147684507
rs765330,43765403,0.26507230932002557
rs4640493,43766450,0.19973430697876282
rs968384,43769000,0.5392305143962786
rs16991955,43773404,0.50131819767711
rs5765113,43773566,0.9963468220611096
rs761673,43774132,0.9760835998737517
rs5766277,43775104,0.5206567089290806
rs9615001,43775249,0.022258440864354568
rs761676,43776171,0.2011883184307952
rs6006914,43776383,0.5331679093917157
rs4823432,43777422,0.2011883184307952
rs7287811,43778811,0.8158715866445828
rs6007408,43779907,0.7302520381129011
rs6007409,43780790,0.7302520381129011
rs1997890,43785055,0.5099992458462539
rs131989,43785782,0.22089721705442955
rs131991,43786163,0.3925629316230438
rs8136316,43786262,0.6911669051403124
rs5766290,43787070,0.6911669051403124
rs131992,43787800,0.24462947156292159
rs140553,43789425,0.14498442486569763
rs132000,43791071,0.5364832204662766
rs132001,43791530,0.5364832204662766
rs5766305,43794076,0.18320609005366406
rs4823437,43798779,0.2077728612697326
rs1005617,43799906,0.15473676034999256
rs132011,43800200,0.444637328511179
rs132017,43803024,0.3291334199153376
rs132021,43803897,0.49511538339536276
rs140560,43804405,0.014336022839734626
rs132024,43804508,0.014336022839734626
rs132028,43807270,0.014336022839734626
rs132034,43810119,0.18268350465269834
rs6007414,43810460,0.4714700399398367
rs140563,43810511,0.36702357819674625
rs132035,43810676,0.3130482459176551
rs140565,43811298,0.46713248414830355
rs2038249,43811371,0.3572673266651437
rs738546,43811991,0.525678281721421
rs132039,43813866,0.561103216732761
rs5766346,43815293,0.8940615497763618
rs132045,43815756,0.561103216732761
rs132046,43816225,0.46713248414830355
rs140567,43816920,0.11274331084824525
rs9615013,43818608,0.2393144823167399
rs7287070,43819195,0.7049858079257736
rs132058,43819995,0.7608471420319588
rs6007434,43825594,0.3703256063560225
rs4591443,43826633,0.460937971808158
rs910307,43827434,0.9979958146910858
rs2013581,43827937,0.30056209523665556
rs132066,43829931,0.18737881965252012
rs140572,43830391,0.8145137617002636
rs132068,43830524,0.8145137617002636
rs17545694,43831340,0.19999807523108082
rs9614600,43832939,0.07521319690359148
rs17628328,43833503,0.8739217298428137
rs16993365,43835746,0.920663959761703
rs13053621,43836579,0.14611946190738648
rs11090725,43837455,0.9882646283412405
rs5766384,43837491,0.7219829876369876
rs5766388,43840446,0.2239896103479928
rs2057114,43843732,0.8773131960558445
rs5765155,43850271,0.16798984246753657
rs8136226,43851238,0.9353254350216053
rs6006926,43853996,0.7258918593020005
rs13056578,43857004,0.9314356022572758
rs12628020,43857825,0.5081110244922213
rs5766403,43859369,0.9314356022572758
rs7290208,43862247,0.5349066690464817
rs5766404,43863464,0.8013205643227833
rs761495,43864029,0.9210105237223126
rs737807,43868095,0.3898616237707454
rs5766411,43868150,0.6791129050147358
rs34707989,43869400,0.9007124424669111
rs7285558,43869996,0.635095301640927
rs5766414,43870294,0.5267055111021663
rs9615022,43873504,0.197604550991469
rs6007449,43875213,0.1613305692813205
rs4358236,43876059,0.2880212605970952
rs7284581,43876569,0.22778402817443577
rs6519913,43876667,0.8648651056675907
rs8141541,43876779,0.08701054053898868
rs5765168,43876851,0.656820168918198
rs973703,43877573,0.4454176334216181
rs5766420,43879182,0.14515684781036847
rs5766421,43879815,0.6536452305006828
rs5766424,43881197,0.5992062762227623
rs7292035,43881493,0.7973072830832674
rs6007450,43881693,0.14889692680433014
rs9615025,43882181,0.14889692680433014
rs6007455,43891832,0.22347093600901513
rs6007462,43897297,0.4644954206570828
rs2018928,43897704,0.37200194707317
rs2882359,43898714,0.9279690957966377
rs5766456,43902573,0.18547877817738667
rs9306489,43904148,0.9122995646057968
rs7290824,43906479,0.4030532685318885
rs547698,43906509,0.6707248751261476
rs132813,43906737,0.17165538842078565
rs6007466,43909540,0.07100531788584388
rs132821,43914663,0.25991795348849467
rs9985182,43918505,0.5823525361711568
rs132825,43926478,0.4903820631939181
rs4823448,43928513,0.8639109906726181
rs9615049,43929164,0.8639109906726181
rs132829,43929735,0.12736090354654508
rs13058199,43931874,0.37952405808456513
rs13054435,43932123,0.6075172884665769
rs7293135,43932145,0.639859653675154
rs132832,43932227,0.9031350686560582
rs132834,43932861,0.9031350686560582
rs132853,43939371,0.8626528224719536
rs132873,43945366,0.7731163508407978
rs132874,43945507,0.7731163508407978
rs132875,43945576,0.7731163508407978
rs132876,43945699,0.9210271935756542
rs132881,43946244,0.7731163508407978
rs8135904,43947083,0.9229303503249302
rs132883,43947175,0.7381970159070911
rs132884,43947650,0.7731163508407978
rs2138156,43948509,0.4142726081268283
rs9615052,43949633,0.9722543498926424
rs17548707,43950110,0.3443360124919679
rs17548742,43952114,0.05472522053140896
rs226524,43955895,0.7731163508407978
rs6006950,43958086,0.9696800548039006
rs1811817,43960185,0.8626528224719536
rs1058024,43961524,0.8455157273117704
rs226515,43962562,0.9633775317825611
rs9614616,43962576,0.5352474543907491
rs6007500,43962599,0.8455157273117704
rs226516,43963060,0.7448283281008494
rs226518,43965181,0.12736090354654508
rs2138154,43965722,0.05472522053140896
rs1043731,43967041,0.9172757203580789
rs2350623,43967268,0.22974557083465685
rs1125398,43968154,0.46959635174523096
rs5766526,43968367,0.5557130863736586
rs2235152,43969525,0.1817396474844889
rs5765217,43974385,0.5329127677041956
rs2235160,43975170,0.5329127677041956
rs5766533,43976295,0.2661333961160991
rs5766536,43981071,0.5506992727406255
rs2235161,43982792,0.34840001754023797
rs742018,43983549,0.24764296679340303
rs1077565,43984219,0.07460808213730961
rs2280981,43984468,0.5667055095083939
rs8139276,43984498,0.9017837851569079
rs2280982,43984512,0.5667055095083939
rs5766546,43985101,0.07460808213730961
rs6007503,43989037,0.9017837851569079
rs41467347,43989890,0.03617326423007982
rs16993700,43990115,0.03617326423007982
rs9615065,43990309,0.4669678033771777
rs9626655,43991215,0.0483993455502684
rs909494,43993516,0.15037465746685386
rs13056283,43994438,0.6765064931206619
rs4823452,43995142,0.43444112083352193
rs738178,43997406,0.3135020875231668
rs5766562,43999165,0.06607270760384489
rs9615072,44000663,0.3135020875231668
rs5766564,44001015,0.5675450963522708
rs5766565,44001348,0.2889912387268704
rs16993718,44001711,0.3396597818165782
rs5765224,44006631,0.08852168476683035
rs5766573,44007730,0.8095634000920061
rs5765226,44007924,0.8409680779448667
rs7288807,44008110,0.8409680779448667
rs2294196,44009326,0.8095634000920061
rs9615076,44009372,0.8095634000920061
rs738180,44012037,0.8450101388354421
rs11090735,44013402,0.4257934557991623
rs2138149,44013880,0.47407311828983667
rs5766584,44017199,0.8098905974383481
rs6006959,44027510,0.5284615140238524
rs6007529,44029709,0.861838951245123
rs226509,44035828,0.7056427476205815
rs2138150,44036699,0.8960455078252987
rs6006968,44037473,0.9355724402362697
rs6007552,44038758,0.9355724402362697
rs2673098,44040568,0.8478019236057777
rs12158406,44041512,0.9171823911157068
rs6006973,44044327,0.9278181372807367
rs722861,44046386,0.9278181372807367
rs58667,44046676,0.9259133036479517
rs728797,44046770,0.5555846958757638
rs226495,44048393,0.9885244444186051
rs2742648,44051238,0.4636906594150778
rs2742621,44053169,0.6501364425352318
rs6007573,44053778,0.7506997253292192
rs2742624,44055342,0.6818642357319833
rs5766616,44058192,0.7780879254320225
rs2742630,44059137,0.7780879254320225
rs9626671,44060998,0.45364769000486893
rs2742634,44061035,0.9870763372484868
rs9306493,44061089,0.45364769000486893
rs2742635,44061208,0.7780879254320225
rs2673087,44061639,0.9870763372484868
rs2742637,44063177,0.9620503586337814
rs5765247,44063402,0.5609221548781186
rs1135360,44063666,0.9876962391999076
rs3788644,44064812,0.8606143875954618
rs4823458,44072492,0.7192154919076507
rs6007579,44074332,0.512803609937948
rs5766632,44075359,0.7601525941676334
rs6007582,44083292,0.3844440769942701
rs104664,44090518,0.4295183660505808
rs226493,44094551,0.6224863550962746
rs720682,44096523,0.6929241253950196
rs1473953,44096705,0.8026647759956473
rs7286605,44097291,0.6224863550962746
rs7290139,44097407,0.6224863550962746
rs742013,44104056,0.9498108280786659
rs1569414,44106229,0.929382146090395
rs6007594,44107034,0.8657269801588773
rs11704481,44110992,0.7399619581981862
rs16993867,44111863,0.3440870054310451
rs3827392,44113595,0.7774411138435454
rs998706,44114270,0.13904354433431754
rs3827393,44114817,0.435783098230607
rs2064068,44115149,0.16579380710572922
rs1044742,44115954,0.16579380710572922
rs1044744,44115974,0.3343009430460365
rs6007600,44116145,0.3343009430460365
rs1044758,44116451,0.3307493908546867
rs2294202,44116991,0.25110186083156527
rs3747238,44118760,0.16579380710572922
rs3747240,44118888,0.435783098230607
rs6006992,44121424,0.435783098230607
rs12160956,44121906,0.3343009430460365
rs6006733,44124612,0.4994117104991649
rs9614461,44125155,0.061104023443106725
rs5765272,44126565,0.435783098230607
rs5765273,44126616,0.19987582184258945
rs5765275,44127003,0.19987582184258945
rs5764698,44128647,0.19987582184258945
rs9614462,44129895,0.19987582184258945
rs5765281,44133222,0.2120739187813928
rs1012493,44134330,0.19987582184258945
rs719925,44137422,0.25623392320742344
rs136564,44143538,0.435783098230607
rs470062,44146033,0.435783098230607
rs136575,44147909,0.19987582184258945
rs136585,44157999,0.25623392320742344
rs6007009,44160172,0.3644500064197451
rs136591,44161310,0.25623392320742344
rs6006740,44163732,0.7301403055234681
rs9614657,44165403,0.2577102282197766
rs7284306,44167560,0.5109703917700458
rs136604,44168407,0.40572125246215707
rs136610,44172876,0.435783098230607
rs136611,44172947,0.435783098230607
rs136612,44173030,0.3133808026497992
rs79154,44173589,0.25623392320742344
rs2103541,44175891,0.2497143275198901
rs5765327,44179590,0.435783098230607
rs1569437,44183078,0.4887233522861175
rs6006743,44184187,0.4887233522861175
rs2272804,44188288,0.3515565096954487
rs6007026,44188713,0.9416789656663753
rs9614466,44190026,0.3125830133343883
rs9754402,44193200,0.847387920416097
rs5765335,44193996,0.847387920416097
rs9614467,44194933,0.6955124937137793
rs1022477,44200551,0.847387920416097
rs2142661,44200573,0.5289851271570676
rs5764725,44201991,0.847387920416097
rs717295,44204285,0.847387920416097
rs5764726,44204697,0.5122153855970233
rs5765356,44206697,0.847387920416097
rs11913200,44207210,0.7436357416156714
rs6007030,44209023,0.847387920416097
rs9614668,44209403,0.949976944233975
rs6007031,44209411,0.949976944233975
rs34964414,44212317,0.9436928015607269
rs5765370,44216820,0.6241332541816802
rs9614670,44217481,0.5516319524074667
rs4823297,44219385,0.7244875981421839
rs5764733,44219709,0.6241332541816802
rs11704569,44221068,0.6837604483663113
rs1003505,44223345,0.5363458210920332
rs6006753,44225136,0.8198112319663049
rs17560248,44225860,0.985090192756893
rs6006754,44228472,0.7292136205750273
rs1883186,44229145,0.7736151008201337
rs4823219,44231772,0.5561375083747736
rs5765377,44232230,0.945098589266831
rs1883187,44232388,0.6589485787022564
rs11912590,44233866,0.9997668540851318
rs5764742,44243123,0.2027439508529577
rs713975,44243598,0.16263173565618372
rs2014661,44243719,0.18857988438299667
rs715583,44244691,0.14614517932022822
rs9626353,44249093,0.10544952968363008
rs7290896,44250132,0.8973967146012635
rs10483228,44250171,0.10544952968363008
rs2049933,44252991,0.32766163809499405
rs5765391,44256794,0.5862326768766783
rs5765392,44257245,0.8529809724719821
rs5765397,44257648,0.340928836428226
rs5765398,44257735,0.340928836428226
rs738222,44258096,0.41254908333264695
rs9614680,44258495,0.1394559157615798
rs2092101,44258667,0.4122226926774617
rs5765400,44259891,0.1394559157615798
rs5765401,44259979,0.1394559157615798
rs6006756,44263151,0.8190035591986421
rs5765408,44265428,0.5722608615642579
rs5764751,44265997,0.9108837600370183
rs738223,44266610,0.8688291267564754
rs738225,44267676,0.7420506071812714
rs9614484,44268693,0.19228352687220085
rs5765425,44271097,0.7922056071224831
rs5765426,44271320,0.05662891584036658
rs11913435,44273171,0.9810407166967007
rs3810631,44276661,0.8088811369953257
rs3810632,44276738,0.11173280749593728
rs3810633,44276781,0.9405953716725262
rs3810635,44276916,0.9329581478067807
rs13433666,44280783,0.03409810529418
rs17641143,44284771,0.942648465906218
rs17560713,44285347,0.9260778223506014
rs9917580,44286351,0.0129824527368855
rs713896,44287559,0.5018729397634404
rs2283657,44288816,0.2471636867414181
rs2283658,44289045,0.2525178398986896
rs80680,44290254,0.21697306971222718
rs2238810,44291040,0.02807863387237723
rs8143027,44292454,0.36919524455240593
rs7292978,44293125,0.9278077858522616
rs136723,44295343,0.5249340096170021
rs2018072,44297155,0.5803878221053589
rs129752,44301130,0.03101361453203946
rs136732,44302758,0.5285154575272677
rs136734,44302837,0.04512658936025474
rs714028,44303830,0.9403078247662525
rs7287643,44305190,0.9403078247662525
rs7287670,44305249,0.9403078247662525
rs2239844,44305776,0.9403078247662525
rs16994186,44306112,0.15029753960997916
rs136738,44306683,0.08895396694720344
rs136740,44306988,0.038848118252678254
rs2071938,44309926,0.26387044157791706
rs9614693,44310943,0.7580822804290777
rs136753,44314785,0.630389865292245
rs2239400,44314928,0.15029753960997916
rs6007085,44315191,0.8086689212020686
rs136756,44315725,0.630389865292245
rs9682,44315813,0.630389865292245
rs136758,44316042,0.630389865292245
rs10427785,44317248,0.6441881155780185
rs2285182,44317510,0.7645433975356887
rs5765462,44319598,0.630389865292245
rs2283663,44320140,0.30440805293442974
rs739270,44321867,0.8421689198884367
rs5764781,44322341,0.0687260944973577
rs3788650,44324232,0.13239525478517503
rs6007088,44327955,0.7001259170468253
rs7284208,44329467,0.043940940391934365
rs5765475,44338001,0.19257930300076576
rs743931,44338204,0.639605411092478
rs736765,44338561,0.26768680028044534
rs1118,44339877,0.5866165604595033
rs1985671,44340568,0.701194480410583
rs13058539,44341186,0.6454163602477203
rs2051616,44342187,0.4325528800951579
rs4538310,44342254,0.6454163602477203
rs739215,44346190,0.4732726238371815
rs134821,44348693,0.8160286972068614
rs80610,44349955,0.46133275466072443
rs3788654,44350154,0.20840977078211143
rs4415,44350544,0.7275552474357829
rs4416,44350681,0.9325175003769418
rs2071869,44351215,0.6721442774246692
rs2071870,44351274,0.8488106776581755
rs8138025,44353421,0.6318440916500847
rs5765490,44353577,0.6318440916500847
rs16994265,44356079,0.7808772170438666
rs3788658,44358962,0.7808772170438666
rs3788660,44360049,0.733326811174418
rs3788662,44360111,0.8163609432901844
rs5765512,44362079,0.7025367667595188
rs2016518,44362565,0.8163609432901844
rs763100,44367235,0.8754876165003753
rs763101,44367276,0.9445517887197304
rs3788668,44367572,0.9710528985139728
rs6006778,44367736,0.8754876165003753
rs5764804,44368703,0.9819635978564899
rs3788673,44372853,0.7565118282594281
rs3788675,44373167,0.8754876165003753
rs3827397,44373273,0.7596339900865372
rs2071871,44374774,0.8754876165003753
rs7381,44375446,0.8967888197133836
rs16994329,44376516,0.8967888197133836
rs8138135,44377449,0.8754876165003753
rs7286150,44381441,0.8220297255782556
rs17564689,44384774,0.46571293334935815
rs5765532,44385321,0.7946696988780537
rs6519866,44386287,0.8698923879559857
rs17564843,44387727,0.5890374922503868
rs17564885,44388072,0.42869943691234513
rs5765536,44392290,0.8754918264569787
rs6006785,44393343,0.6573814886870022
rs8143145,44396758,0.44706696140612756
rs5765545,44400710,0.705286891912748
rs9614725,44402303,0.8975377705897565
rs9614732,44408187,0.17989291034643085
rs9614734,44410026,0.6388455494517449
rs7289573,44411187,0.8574213329491325
rs4823313,44412591,0.07350650092185236
rs2301449,44417572,0.04772734054240137
rs134846,44419443,0.07850538594032877
rs2351088,44419660,0.16522241086028555
rs5765558,44421643,0.16189895476956362
rs4823317,44422130,0.42728168828812574
rs134848,44422472,0.7538881248470723
rs4823319,44424691,0.04178571518471126
rs134851,44426060,0.7323130192821763
rs9614748,44432884,0.14361490015971745
rs9614750,44436371,0.22458178060580614
rs9614752,44438287,0.14467079288300286
rs134855,44439205,0.9364788724775949
rs9614501,44439906,0.45590189388305635
rs134856,44441130,0.20183482966531552
rs12484311,44442239,0.0570881144542801
rs5765571,44444127,0.0570881144542801
rs7354791,44447491,0.45590189388305635
rs134861,44447773,0.9884722721602017
rs5765575,44450352,0.15882739633565135
rs134863,44452268,0.6909610923315201
rs134864,44452922,0.7297771153402609
rs5765577,44457957,0.9364788724775949
rs5764825,44459771,0.962348186191451
rs4481093,44462694,0.15817790915219876
rs2283664,44465834,0.7297771153402609
rs13058561,44468915,0.7039439051920008
rs16994442,44474661,0.3122915545721371
rs9614763,44475636,0.36079924453452106
rs138150,44484794,0.5847312378054208
rs138151,44484981,0.7185747423198006
rs10483229,44485578,0.2474162752623339
rs138153,44485742,0.6348545739103382
rs138154,44485769,0.09534974280664217
rs5765585,44486172,0.14294021716271368
rs17572781,44489540,0.3591012906648964
rs6006797,44491239,0.36079924453452106
rs2071852,44492908,0.15466310118516238
rs138156,44493062,0.20554380496509073
rs138166,44509902,0.4483464406905803
rs6006800,44512517,0.0901097599744696
rs138170,44513597,0.8215770229971798
rs9614511,44518592,0.45590189388305635
rs138174,44519137,0.08956206753232275
rs16994480,44521301,0.8381866473097221
rs138177,44521329,0.1878604979639047
rs138179,44523840,0.18323392734864052
rs5765603,44524470,0.18516627861054424
rs2239397,44526665,0.2718452399932417
rs17652545,44530082,0.16613848167167222
rs9626438,44532562,0.12515717100668272
rs5765607,44533597,0.11769597455995892
rs138203,44539288,0.5277013171527289
rs11090654,44539655,0.12515717100668272
rs17652822,44539893,0.3808784814697489
rs138204,44540539,0.15597448858509985
rs135984,44545317,0.4867287264616841
rs135990,44551519,0.6201359924355471
rs714022,44554194,0.6608687172121852
rs17574591,44554578,0.08206856572140031
rs11702933,44555125,0.4032659915860084
rs10483231,44556673,0.29374971023038077
rs5765620,44558201,0.3472948465181779
rs135998,44564537,0.8267954624184364
rs2032503,44567461,0.07157758457283167
rs136002,44567854,0.9795797988323982
rs9614781,44571606,0.4056734397862234
rs136009,44574244,0.9667313821926875
rs136012,44575545,0.9964366708404725
rs9626448,44577300,0.2062530223142265
rs17653487,44577996,0.21144639415749478
rs3827398,44581589,0.3643488804564964
rs3788677,44582020,0.4589027640844663
rs12165498,44585364,0.2056560272457394
rs9614521,44586365,0.4056734397862234
rs136018,44586619,0.8267954624184364
rs8136143,44589024,0.4056734397862234
rs7284693,44592255,0.4496658131409663
rs7292652,44592505,0.25979581202498525
rs713978,44593015,0.8267954624184364
rs4417804,44593368,0.5346364776959214
rs136023,44599955,0.8864677198055022
rs136026,44608383,0.7515619589223587
rs9614522,44608544,0.5771672478552657
rs136027,44608615,0.907101526030573
rs713781,44608887,0.5550627114799049
rs9614790,44609091,0.485724542444381
rs763010,44613769,0.7125974705695557
rs5765659,44614125,0.7390382379728409
rs5765660,44614261,0.7482116011434987
rs136029,44615089,0.9967185207434198
rs8141212,44616733,0.6635919782981561
rs9626459,44617012,0.8439714135843444
rs80521,44620324,0.8260039822143116
rs17654182,44621023,0.6006256431015999
rs2051595,44626342,0.507499980434996
rs9626461,44626798,0.27905438342787736
rs2283670,44626834,0.7197977622588645
rs12167523,44630277,0.11796165405290009
rs11704609,44630591,0.46749633784195177
rs136033,44633668,0.7167116701954348
rs5765677,44636019,0.7873679572293022
rs5765678,44636426,0.7824527503965646
rs4823325,44636777,0.3395391075750118
rs5765681,44637724,0.3159221007391043
rs136037,44638544,0.8574135267964114
rs9614801,44638874,0.915215027899841
rs136047,44643045,0.9279056378210573
rs136049,44643909,0.9279056378210573
rs136051,44644995,0.6355983811768657
rs4078000,44654992,0.8074586354081787
rs28570045,44658445,0.7056778317256922
rs28601573,44666436,0.8432488658779789
rs10453443,44677313,0.8924443873704594
rs9697695,44688594,0.43113432374438865
rs28550256,44690567,0.5685083505372044
rs28421618,44691879,0.9294183576750265
rs28663466,44694721,0.5007263007415197
rs11544453,44695527,0.4101724059989871
rs9723264,44697143,0.4130253038783199
rs9286452,44698939,0.7425141520317082
rs28439308,44703289,0.8946671914668236
rs28419688,44705930,0.5315095611897497
rs28698242,44706521,0.8859109267719767
rs28605102,44707813,0.9703086997503635
rs10453447,44712797,0.91277795210065
rs10448592,44724785,0.2789104046135392
rs10448600,44726586,0.8213048861280803
rs10448605,44732768,0.22793781151585868
rs10448585,44735218,0.7288397885738054
rs10448607,44739869,0.13862878437341125
rs9330811,44741060,0.5931522732512038
rs10453441,44742403,0.9601215780413962
rs10453460,44744829,0.6308867153768849
rs34315830,44749429,0.4071938668070725
rs34088184,44764470,0.1995880837584908
rs12170295,44799129,0.6392039071439973
rs7292527,44801789,0.08293410270657188
rs8136098,44804310,0.9980299184703167
rs9626920,44807657,0.7850492243804312
rs1129657,44814996,0.3485074771502268
rs8140558,44818937,0.8353190728834372
rs8137243,44822499,0.3818356961242835
rs6519999,44823116,0.05456230717351167
rs7510754,44825422,0.02763635545505261
rs9627391,44825761,0.11697249487913824
rs9627403,44827140,0.24398536556195383
rs8137493,44827483,0.20238705562734371
rs3744749,44832872,0.11133949862012948
rs7289457,44835267,0.008301758017919807
rs7292297,44836787,0.04817077010888968
rs7291412,44837796,0.0039613948553738915
rs6520015,44842095,0.030932469545497377
rs9615389,44854129,0.5244124322057068
rs6520050,44856859,0.21586965587844675
rs9616084,44859266,0.011763863477952356
rs8135478,44860649,0.2394339952944673
rs9626891,44861612,0.14176453018893892
rs7290267,44863399,0.3488494171376366
rs7291040,44863637,0.4683734559574205
rs7410618,44865880,0.3799141021266783
rs2180543,44866192,0.5498194790505099
rs910923,44866566,0.7628663508684912
rs9616111,44869016,0.8515193970419467
rs11704961,44869466,0.35451440816361823
rs17576497,44871101,0.3007883267949666
rs13055410,44873346,0.7729254503404902
rs873492,44876554,0.4889153674932646
rs6007640,44878098,0.49156132356458115
rs910360,44880969,0.49156132356458115
rs7292014,44881387,0.41333387521385023
rs12170325,44881534,0.8404493392147129
rs11090909,44885593,0.9875050693593587
rs11090910,44886334,0.840047267530228
rs11090911,44886442,0.9875050693593587
rs11090912,44886519,0.6106254560859432
rs7288847,44887847,0.22797971352882007
rs4823529,44889405,0.10105485764348962
rs6007862,44890432,0.360730104664688
rs5768746,44892040,0.6577324169728731
rs16994874,44894380,0.7349099943849
rs6008798,44896746,0.5075320488095696
rs6007919,44904458,0.12402798243714887
rs135570,44911445,0.06491546830690306
rs5768939,44912710,0.28401371669006925
rs135564,44914598,0.19780793896541926
rs135557,44919891,0.06618695787858142
rs4253623,44928770,0.26572829191534364
rs135551,44931685,0.19584560367803805
rs135549,44931972,0.00717871245015708
rs4253631,44933760,0.07801286515288353
rs135543,44933985,0.07801286515288353
rs129600,44935825,0.07801286515288353
rs5769178,44939938,0.37721843126485255
rs9627046,44940230,0.16388399059928305
rs135538,44943292,0.005608464467317471
rs4253650,44943350,0.10843085031115315
rs881740,44946052,0.16388399059928305
rs4253655,44947835,0.4874328838010855
rs9626736,44948896,0.243032834997004
rs4253662,44951408,0.2289511041390837
rs4823903,44959587,0.661218407493487
rs4253790,44960049,0.6275290733648275
rs9627100,44961405,0.8154817148106531
rs7364220,44963648,0.2429890763309973
rs4253701,44964774,0.7292245374967876
rs12330015,44968942,0.7829974385850298
rs17661718,44970218,0.18609999922053577
rs8138102,44970416,0.2885422689258962
rs4823613,44976971,0.02344163310616608
rs5766743,44986042,0.04260381335031235
rs4253728,44988731,0.016616307859738593
rs4253747,44991901,0.11375015861902477
rs4253754,44993808,0.11375015861902477
rs4253755,44994040,0.114175256090276
rs6008197,44999080,0.34253967793095863
rs6007662,44999709,0.09774952009154445
rs5767743,45000658,0.026512314366610022
rs4253760,45001048,0.01721972456957303
rs11090819,45005170,0.20512076435124427
rs4253772,45006267,0.06266030158633258
rs4253776,45008143,0.06266030158633258
rs4253778,45009298,0.01721972456957303
rs9615264,45011253,0.8171546955958614
rs11704979,45011658,0.049839125973840485
rs6008259,45012446,0.010755664840704622
rs9626814,45015918,0.04089814077357583
rs1055659,45016962,0.012824755472694259
rs11704508,45017204,0.04089814077357583
rs9627278,45022096,0.010755664840704622
rs16995069,45022438,0.20512076435124427
rs9627287,45025652,0.841445788187496
rs9627295,45028764,0.016299079773468575
rs8135363,45030377,0.016299079773468575
rs6007729,45030817,0.7043476754542958
rs6007732,45030967,0.016299079773468575
rs6008361,45031036,0.016299079773468575
rs6007740,45032987,0.016299079773468575
rs6008384,45034612,0.016299079773468575
rs7291444,45034910,0.016299079773468575
rs6519993,45035143,0.016299079773468575
rs8143066,45035271,0.016299079773468575
rs6519994,45035469,0.045668614408639785
rs6007747,45035925,0.016299079773468575
rs8137157,45038244,0.7181851662010261
rs9627351,45041758,0.4821043126326231
rs9615330,45043670,0.012701374549202333
rs6008434,45044334,0.7043476754542958
rs6008437,45045701,0.7043476754542958
rs9615913,45047179,0.01010516507585452
rs6007761,45049058,0.01010516507585452
rs6008468,45052876,0.7043476754542958
rs135170,45053267,0.7602760067026346
rs6008495,45056568,0.719212042890605
rs6007779,45057279,0.008253268708163349
rs6008497,45057330,0.719212042890605
rs6008506,45058685,0.719212042890605
rs10854854,45063370,0.0046110460287166
rs6007794,45063681,0.719212042890605
rs11703435,45064227,0.0046110460287166
rs6008538,45064627,0.008253268708163349
rs11090859,45066124,0.008253268708163349
rs6008552,45066872,0.719212042890605
rs8140182,45070064,0.719212042890605
rs7290732,45070567,0.719212042890605
rs9615344,45077852,0.3173663506804495
rs6008598,45082907,0.007742591654047451
rs6007823,45084913,0.007742591654047451
rs9615947,45090741,0.009888418290429855
rs6007845,45097081,0.013511926229742456
rs8135305,45097718,0.7969360550524747
rs3817874,45100920,0.01309660624768685
rs9615949,45101195,0.007742591654047451
rs6008700,45101224,0.013511926229742456
rs11705132,45107522,0.028062460763459172
rs2272937,45110455,0.01309660624768685
rs6007880,45111782,0.013750267329449615
rs6008769,45121150,0.719212042890605
rs6008770,45126974,0.004371626701685844
rs9615958,45129786,0.002371885168287003
rs9615960,45130971,0.015031832348552468
rs13585,45131843,0.045447689244995426
rs9626855,45131919,0.719212042890605
rs6007891,45135497,0.04161970422817337
rs3747249,45136448,0.1341519411352889
rs12172608,45137237,0.03440378970104284
rs7285515,45142335,0.9611618540310548
rs6007897,45159185,0.060882780264624445
rs11090870,45160026,0.020955679492924224
rs6008791,45161767,0.26147576637889625
rs4044210,45164979,0.02150551665015868
rs6008793,45166098,0.01345792047809953
rs6008794,45166358,0.022092483176833943
rs6008795,45166361,0.020579721149954527
rs11703679,45168693,0.006255017382655677
rs9615982,45170116,0.01345792047809953
rs9627442,45172092,0.006255017382655677
rs9615362,45173805,0.03350679466347456
rs7290972,45174187,0.021816912071969525
rs6520011,45175995,0.03267821899832817
rs8136574,45177458,0.24919367979988305
rs9615989,45182438,0.030147853470217607
rs9615990,45182818,0.030147853470217607
rs12165900,45185864,0.2662646914505563
rs9627450,45185898,0.05527737726603737
rs7284664,45186362,0.03310173320697518
rs6008813,45191249,0.020568061190295427
rs6008814,45191270,0.020568061190295427
rs9615996,45191396,0.013910469513135348
rs6008817,45193335,0.020568061190295427
rs9615998,45194716,0.02253704636022882
rs6008821,45199234,0.2568720031473447
rs5768768,45200026,0.1925593835425321
rs3747250,45202574,0.09706683693081082
rs6008822,45205702,0.1401313863904381
rs6007903,45206869,0.159488007096937
rs6008826,45210629,0.03125175501350244
rs3788684,45215256,0.20373795686038243
rs9306514,45215778,0.028052735323847278
rs4823545,45216818,0.20534914776360724
rs10470293,45218954,0.05097559031013664
rs3091345,45222582,0.08203771981269586
rs874827,45225545,0.046519571167687686
rs3788689,45225927,0.5094119114547979
rs3788690,45226131,0.04650031484233222
rs34657538,45226243,0.046519571167687686
rs3788693,45230378,0.8681238915937785
rs4823813,45231956,0.9840839473687604
rs760991,45233062,0.8833831662823106
rs8138156,45233986,0.8589434121934945
rs5768782,45235470,0.5872197861432316
rs8139582,45236222,0.41064432483044266
rs5768788,45237351,0.29981736360004396
rs5768793,45241983,0.24854427214582697
rs5768794,45242042,0.27615742289660306
rs6008852,45245125,0.5450932521761669
rs7292762,45246945,0.5198448359804695
rs3788704,45247677,0.5037724455569587
rs3788706,45247834,0.7750625838284216
rs713711,45249776,0.7229898466469737
rs4823554,45250436,0.5597155774275058
rs6520023,45251675,0.5597155774275058
rs738462,45252690,0.9304199952678084
rs3827409,45254407,0.3175044246084253
rs1984519,45255147,0.6280263328710075
rs2223515,45256053,0.6436043634847208
rs1122940,45256702,0.9012584422644805
rs738461,45256791,0.6766997201703977
rs5767216,45257686,0.6436043634847208
rs3827410,45258351,0.12128299089784907
rs9616019,45264700,0.13025156744557229
rs5767221,45265187,0.19156667412519157
rs5768827,45266582,0.22048518720375543
rs9616022,45267548,0.8115597272307759
rs2337049,45269807,0.6153343380727793
rs2878872,45272138,0.4225166706521932
rs9616027,45275155,0.637690663250714
rs5767230,45276088,0.15580441746318677
rs9616028,45277118,0.5167932369030234
rs3788718,45277679,0.6978299281045306
rs5768857,45279126,0.8853513366478118
rs2064262,45280423,0.3735923443405803
rs3788723,45284197,0.6582226238774094
rs9615374,45286443,0.5906108181305314
rs6008883,45286600,0.9859165653444052
rs4823838,45288019,0.7668433816512847
rs2337055,45289294,0.26744135368472033
rs3788726,45289960,0.39423548023848176
rs5768870,45290409,0.617850662014692
rs4823839,45292438,0.7477787476856436
rs17589429,45294944,0.9950422417018723
rs6008889,45295549,0.3945440071121511
rs5768880,45295624,0.2884863943283461
rs9615376,45298205,0.41716670352545926
rs9616036,45298425,0.32605679429786316
rs5767240,45298570,0.02300008346412078
rs6008891,45299440,0.11662112379280437
rs4823556,45299724,0.8398547987192845
rs5768892,45300522,0.8398547987192845
rs4823560,45300798,0.08450771880159254
rs9616040,45300894,0.9903733553792473
rs5768895,45301702,0.6280265715089677
rs5767244,45302918,0.5557859159562946
rs4823848,45304998,0.8282315079546492
rs4823849,45305146,0.45292405309098016
rs5767247,45307853,0.24176102214916295
rs4823561,45308356,0.25619678426030146
rs8141744,45308771,0.37173580503829573
rs1009155,45310502,0.24176102214916295
rs5767253,45315454,0.15639287137917662
rs4823852,45320733,0.7173684277357193
rs3810636,45322351,0.6164838368968231
rs760625,45324119,0.456479624176248
rs738244,45324791,0.28049065524027106
rs4823854,45327686,0.2063723706428935
rs4823563,45327925,0.456479624176248
rs6008906,45330103,0.307212692923732
rs5768946,45332197,0.6629599508432983
rs1883194,45332643,0.4490389901147941
rs5768956,45335150,0.5456307359989125
rs41346347,45337171,0.267878328728243
rs6007936,45339229,0.5456307359989125
rs738240,45339942,0.6636963064278084
rs5767265,45342931,0.9820960494702533
rs2205770,45343500,0.5495475124416329
rs5768966,45343572,0.39745938488251475
rs2049936,45346547,0.4326855770031074
rs738238,45346857,0.8344036199406132
rs738237,45346950,0.9654970224265583
rs11090889,45355221,0.3505737591321886
rs5768982,45355903,0.2738941108375179
rs9627512,45356366,0.31555707121632215
rs5768984,45357440,0.4852893200877081
rs1079837,45357904,0.17592023344628738
rs1079836,45358066,0.7173464928474996
rs12485133,45358906,0.47713193231667095
rs16995468,45361549,0.7173464928474996
rs5767276,45362409,0.7870783440189133
rs875778,45362970,0.7620474765751806
rs5769001,45365751,0.9548268512688306
rs5769010,45371498,0.42464625611118656
rs16995472,45372481,0.5050347577343858
rs138548,45374505,0.25502243760015686
rs138547,45374612,0.7503334289690886
rs4823569,45376808,0.5545225810597454
rs138545,45376998,0.2532352718764218
rs5767289,45378773,0.38174870062722066
rs7286927,45378910,0.38174870062722066
rs138544,45381344,0.6725820271205036
rs138541,45381502,0.10190825936648089
rs138532,45382812,0.14611361939213996
rs138528,45384076,0.10190825936648089
rs138525,45384404,0.3401839224807076
rs138521,45384911,0.08646869616324847
rs9917583,45388535,0.9522529288499503
rs9616080,45396830,0.6466967726318145
rs6008933,45399723,0.602957928113039
rs138481,45399867,0.5441509966182893
rs138480,45400660,0.5441509966182893
rs13053318,45401793,0.6384275928419396
rs138476,45406978,0.20063677031917904
rs138475,45408904,0.7887763780574151
rs138473,45410750,0.239909480855378
rs7287139,45414760,0.5375616544881303
rs6008936,45415115,0.5375616544881303
rs6008938,45416523,0.08259230253828576
rs6008939,45416745,0.6338552677338805
rs2542019,45425775,0.602957928113039
rs9616086,45429408,0.5947212861142303
rs2748335,45435220,0.602957928113039
rs2076707,45435855,0.8592494688555743
rs2076710,45436237,0.4432789893116461
rs2542037,45438036,0.3369567167615497
rs6008944,45439640,0.9437925853921847
rs867212,45441994,0.7513842806907038
rs885792,45442023,0.7286773774818898
rs2748341,45450524,0.8572143036445525
rs3179,45454126,0.5129825314695986
rs9616096,45457224,0.12977026470708528
rs2542025,45457254,0.3444533876657776
rs801724,45458690,0.6282522003420266
rs801721,45460380,0.7460175441531822
rs3747258,45460687,0.9572200076159632
rs801719,45461009,0.7608434049901288
rs135668,45463360,0.3388112185300035
rs5769083,45465947,0.3449656258269138
rs801712,45468907,0.7897578058323121
rs135678,45472465,0.5835212227008418
rs135680,45473054,0.10610948787348962
rs135686,45475614,0.4808395302509997
rs743035,45477633,0.6178566671597752
rs6008953,45479736,0.6249726577097624
rs6008954,45481056,0.6249726577097624
rs135693,45481159,0.841852818478871
rs135694,45481189,0.841852818478871
rs135695,45481386,0.5963179282989459
rs85598,45481571,0.4675769569563242
rs135697,45482176,0.841852818478871
rs135698,45482675,0.8179824234976745
rs801728,45482970,0.5376734865848012
rs5769101,45483363,0.42788934481174046
rs4823872,45484522,0.6203409062788259
rs8140310,45484611,0.5376734865848012
rs6008957,45487333,0.22113983718141395
rs135702,45488189,0.2836510448783809
rs13054785,45488285,0.2836510448783809
rs5769109,45493185,0.07065595007857989
rs6008964,45493327,0.0017687448432364772
rs9627540,45494489,0.0017687448432364772
rs12166204,45495569,0.0017687448432364772
rs9626899,45502280,0.5550668445100552
rs5769118,45503491,0.04300796290505442
rs12628356,45505379,0.04950498275019281
rs5769125,45510061,0.034174416493263804
rs1861739,45510714,0.034174416493263804
rs5769126,45513869,0.28125760623025586
rs17761882,45516160,0.004448842466289628
rs17761888,45516407,0.004448842466289628
rs761906,45517323,0.551533477183799
rs2111400,45522517,0.29571539470785124
rs710123,45523942,0.03161738325727989
rs16995672,45524886,0.07513047775412712
rs4823572,45525039,0.44775489753500697
rs8135194,45525348,0.07513047775412712
rs17221476,45525781,0.33989677627296144
rs5769136,45535367,0.6671861419543015
rs801643,45535803,0.4507368277344157
rs5769139,45536276,0.6671861419543015
rs8142916,45547934,0.9494247968049344
rs811887,45548339,0.30090194439813744
rs801628,45550120,0.2008950378753055
rs801626,45550207,0.22398601314055777
rs761907,45554675,0.49738446062248276
rs5767353,45557275,0.9420273987620332
rs801616,45557984,0.8582897895003148
rs6520053,45563447,0.9420273987620332
rs801605,45564079,0.21713083383675402
rs801604,45564268,0.8582897895003148
rs809031,45570363,0.25573321486899137
rs5769162,45573938,0.8556413424173854
rs5769165,45574345,0.8556413424173854
rs2542028,45575188,0.24553177563425976
rs710122,45576719,0.308139632218293
rs5769170,45578640,0.6607007936329136
rs812942,45578844,0.8465145147845963
rs139577,45587609,0.1569692079418297
rs139578,45588159,0.7791827656469167
rs139580,45588471,0.8683195099671813
rs1089348,45593460,0.8683195099671813
rs139590,45597970,0.29905806924215894
rs139596,45603145,0.6380122892132887
rs17834914,45605985,0.21091780706285523
rs974226,45609012,0.6547465539822739
rs6008983,45613780,0.5739304299560479
rs6008984,45614104,0.4612627459085974
rs11090899,45617090,0.822897871919228
rs1573727,45617806,0.822897871919228
rs12171068,45618586,0.20523148450975648
rs1573730,45619528,0.822897871919228
rs6008988,45623623,0.822897871919228
rs6008991,45625834,0.3469170767267624
rs11912841,45626733,0.18071328243029172
rs882442,45627052,0.7664317767303719
rs5767374,45627268,0.08174037855148279
rs17834998,45627879,0.4537865915084951
rs1984407,45628264,0.5922569193801501
rs4823882,45629789,0.9662455803079584
rs4823574,45633246,0.19628034118167448
rs6009003,45636843,0.38601877263550843
rs6009006,45638818,0.9689137470865543
rs2097359,45641052,0.3327482069780243
rs10483234,45643433,0.881078147701839
rs12627847,45645314,0.9946475083093266
rs131860,45646570,0.5100560504040299
rs131864,45649881,0.6809109294322231
rs140535,45650411,0.49463526154377413
rs131869,45653302,0.49422303764143805
rs131874,45654566,0.5098329779853084
rs140537,45655061,0.49463526154377413
rs131875,45655934,0.5098329779853084
rs3091395,45657701,0.38555896262643574
rs5769204,45664150,0.39396779722881503
rs9627605,45665737,0.5866118789729841
rs4823580,45668462,0.39396779722881503
rs12160779,45670918,0.42138021059851793
rs4378909,45671017,0.39396779722881503
rs738932,45671152,0.5815419071602679
rs16995849,45671201,0.5866118789729841
rs5767385,45671952,0.5179121605984108
rs6009037,45674101,0.5866118789729841
rs6009040,45674320,0.5866118789729841
rs6009041,45674541,0.5815419071602679
rs6007993,45675076,0.15825364786760432
rs4823889,45675238,0.4774717160572811
rs6007994,45675485,0.22593770267663882
rs5769218,45676101,0.6004436994633977
rs6007995,45676257,0.3511325232949799
rs6009043,45676334,0.6004436994633977
rs3905396,45676443,0.3511325232949799
rs5767396,45680453,0.11885745337826327
rs5769230,45680650,0.14238472570464974
rs1107131,45680971,0.17536848560215146
rs1107133,45681101,0.14238472570464974
rs5767402,45681248,0.2745743566170289
rs916000,45681788,0.03232187256229333
rs5769232,45682591,0.15727332323743404
rs5769234,45683168,0.03232187256229333
rs4823584,45684546,0.03150371787371373
rs4823585,45684728,0.02836933151859645
rs130984,45684853,0.13562541892384375
rs5767406,45685057,0.11514938891354713
rs6009052,45685841,0.11514938891354713
rs16995962,45685894,0.5750823551971614
rs17762500,45687911,0.40457005845777405
rs16995971,45688015,0.5750823551971614
rs16995978,45688680,0.5750823551971614
rs16995981,45690465,0.5750823551971614
rs9616152,45690762,0.36539619404291024
rs9616153,45690981,0.36539619404291024
rs5767412,45692014,0.22686890112437463
rs6009053,45692378,0.5750823551971614
rs1557500,45692754,0.0764570243592418
rs4823895,45692865,0.02672385380076678
rs6008001,45694208,0.28844673516020936
rs5769248,45696556,0.22686890112437463
rs130985,45697872,0.36113501297905704
rs9616157,45698228,0.36539619404291024
rs753936,45698639,0.11514938891354713
rs1569517,45699784,0.22686890112437463
rs2878903,45702081,0.03647336638347286
rs2064165,45703857,0.11514938891354713
rs7291004,45704184,0.5750823551971614
rs7284894,45704482,0.008280191550390293
rs1983567,45706556,0.22686890112437463
rs9616163,45707248,0.5665521887587119
rs9616165,45710746,0.022147858203196102
rs17762560,45711354,0.04910407913365979
rs4431,45717102,0.09085893521176268
rs9616170,45718405,0.6273628409680478
rs136061,45719909,0.03416651785601164
rs713783,45720422,0.4791533797997265
rs4432,45721961,0.026528977614437503
rs136066,45722482,0.06566093795496028
rs136067,45722661,0.04855774988112103
rs136068,45722873,0.026528977614437503
rs9616171,45723194,0.4668566952991893
rs136070,45724074,0.04904191522560182
rs17762608,45726565,0.4791533797997265
rs136078,45727349,0.04904191522560182
rs6009068,45728382,0.5166761669879978
rs9616176,45728967,0.7767009933292437
rs6009069,45729595,0.8610052760804701
rs17174774,45729915,0.747515729045786
rs6009072,45732977,0.718623795148605
rs9616178,45733242,0.3412280530780205
rs136094,45737031,0.39493590198290396
rs17174802,45739434,0.6585343240056936
rs136100,45739908,0.28643328067967033
rs136101,45742077,0.25992212088249134
rs136104,45743997,0.15237037610120463
rs136109,45747332,0.4295833877576004
rs136110,45748324,0.48415717983819806
rs4436,45748724,0.5096720090617244
rs4437,45749007,0.24089092489407293
rs4439,45750994,0.25121235121839336
rs9616187,45752642,0.9997189601865862
rs4440,45759124,0.1570422793691819
rs136120,45759270,0.166272738809643
rs136121,45760382,0.00731821133993905
rs136126,45762282,0.4918281168431895
rs136134,45765980,0.5222312262896596
rs136135,45766286,0.5222312262896596
rs136137,45766594,0.5222312262896596
rs136140,45767259,0.2979604607676133
rs8138968,45768799,0.5222312262896596
rs6009087,45769450,0.5222312262896596
rs2239755,45769974,0.2981858368839877
rs6009092,45771831,0.3257565927141186
rs3827413,45771899,0.3257565927141186
rs9627641,45772802,0.35588884450338576
rs7289525,45773164,0.23968933509540624
rs8139923,45773879,0.3954514148968479
rs12168093,45776099,0.3830689210138619
rs6009095,45781015,0.2989529277707701
rs6009096,45781228,0.2989529277707701
rs12158956,45781888,0.11456138186469574
rs11703362,45783725,0.10946907871228008
rs6009099,45785428,0.2989529277707701
rs11703540,45786323,0.11456138186469574
rs713808,45791114,0.16173972990476226
rs1005553,45791613,0.39660040330484025
rs6009103,45792905,0.44499029121436273
rs6009104,45794963,0.27929733825298586
rs6009105,45795226,0.16173972990476226
rs131945,45800905,0.27929733825298586
rs131948,45803941,0.27929733825298586
rs4495,45808934,0.10177548684430757
rs6009115,45810916,0.44499029121436273
rs5767437,45815366,0.18674392651977156
rs8139696,45816095,0.048985526197405364
rs131884,45816537,0.5371009164765322
rs131887,45816771,0.09527874629581838
rs131889,45816939,0.4931653586455218
rs131890,45817056,0.12786531037605833
rs4475,45818985,0.23526379822962207
rs4476,45819333,0.1729820718525087
rs140539,45819434,0.1729820718525087
rs131900,45820088,0.23526379822962207
rs131910,45822050,0.15260564286002698
rs131919,45826101,0.6493704826322434
rs86558,45828567,0.580237335759114
rs131924,45829575,0.6222167855169551
rs5769336,45832201,0.5959984368189117
rs86559,45833328,0.5959984368189117
rs131930,45837574,0.5347070968410412
rs5769346,45839347,0.6905718879469911
rs17175157,45842569,0.36134385827451254
rs6009119,45843525,0.9912371105616247
rs8137937,45846062,0.4720778662314089
rs8139100,45846113,0.4720778662314089
rs8138814,45846665,0.4720778662314089
rs739012,45850274,0.9847068502587016
rs12484089,45852402,0.5694673440642304
rs8141788,45852462,0.9847068502587016
rs2144410,45857247,0.9847068502587016
rs5769362,45858621,0.6963906196993029
rs5769363,45861811,0.5694673440642304
rs4823464,45868134,0.5338185054318212
rs16996345,45868217,0.3808251957405485
rs2337228,45868861,0.8640160789972314
rs713637,45869167,0.1443985375457232
rs2092837,45869281,0.8804604425466902
rs5767482,45869679,0.7577307391757252
rs4823590,45870853,0.9698428481262834
rs5767487,45873272,0.16282364221833678
rs2180149,45875872,0.12522978844781946
rs9615461,45876452,0.22060174352006345
rs5766673,45878213,0.6094367808607242
rs5767489,45879447,0.48272752264996877
rs2180150,45879744,0.6094367808607242
rs2009905,45881731,0.2428034387751703
rs737780,45882028,0.19241623997393897
rs5767494,45882248,0.3042180190948257
rs2337232,45882628,0.08761890267846963
rs5767497,45882779,0.1771799354931668
rs5766676,45883220,0.1071424742283525
rs5766679,45888585,0.005340964906165542
rs910540,45890110,0.09589642110377242
rs13053578,45890496,0.2505971132117424
rs910541,45890528,0.0006362643641647225
rs738662,45898268,0.0014729912999160574
rs735252,45899473,0.20513704587829062
rs5767517,45904408,0.002653511305429312
rs738665,45907821,0.06155543119256775
rs13055207,45908122,0.0022818239682801406
rs4823468,45908813,0.0014729912999160574
rs5767523,45909609,0.003211497988403761
rs5767524,45909645,0.0025763604568854468
rs4823597,45909984,0.06155543119256775
rs5766691,45911060,0.06155543119256775
rs5767528,45914546,0.026428740832627536
rs13057083,45922455,0.5771198883136899
rs5767536,45925806,0.3274634046114894
rs738669,45926985,0.3058479803150661
rs6008046,45930191,0.12286579861185536
rs5767547,45931701,0.24721366798389377
rs7288121,45933055,0.24949741734961262
rs754890,45934895,0.18323557095227594
rs910542,45935007,0.24721366798389377
rs761739,45935887,0.24721366798389377
rs4823603,45936302,0.24721366798389377
rs4823473,45936542,0.02734793420292536
rs5767553,45938113,0.033964668815994
rs5766701,45938461,0.033964668815994
rs9626954,45939096,0.11399596328679945
rs4823474,45939442,0.00490444106104424
rs5766706,45940131,0.29553698705011355
rs6008051,45940452,0.13649794568502285
rs6007618,45940645,0.13649794568502285
rs4823608,45941661,0.09767186139205586
rs6008054,45943656,0.09518993249176223
rs738673,45944595,0.002267692773275314
rs1884288,45945573,0.008306331544476367
rs17222768,45946151,0.39758897722245834
rs2337243,45946535,0.009734059456128761
rs2294295,45949749,0.7968384755325728
rs15646,45949867,0.46337469291900224
rs470036,45951661,0.35907942564778583
rs470037,45951729,0.6147423249507407
rs470039,45951921,0.4815630503482894
rs135368,45952673,0.4339365817503248
rs135374,45961150,0.3753331011797456
rs6008068,45962478,0.5490104493336413
rs9626698,45972077,0.8825099285224594
rs5767585,45981833,0.24118695264441814
rs875029,45983235,0.21147001879860827
rs9626701,45988416,0.5757685929343213
rs9626702,45988578,0.5757685929343213
rs5767591,45989865,0.30530632675061176
rs5767592,45990157,0.26957871941847866
rs1467445,45998258,0.35439560581440543
rs2337247,45998457,0.34746968270757495
rs4140487,46001263,0.35439560581440543
rs4823616,46003742,0.3997599011763202
rs4823617,46003908,0.3997599011763202
rs7287866,46004056,0.3997599011763202
rs7289737,46007481,0.4162382595519105
rs135134,46009685,0.9123998830192768
rs8140251,46010155,0.5035433743493907
rs135138,46010669,0.4463056971346363
rs135139,46010683,0.4463056971346363
rs4823622,46013634,0.42592084094787364
rs1894519,46013955,0.9681133899269847
rs136618,46020764,0.904374770607888
rs2227106,46023313,0.904374770607888
rs5767615,46023510,0.2619281460584847
rs4823625,46023949,0.49598078774895626
rs2337251,46024253,0.583455587692707
rs136621,46024664,0.7757399364377728
rs136622,46024715,0.6591971354678732
rs2187792,46025006,0.9247889830776861
rs5767622,46025247,0.904374770607888
rs9615479,46026897,0.6336492993402201
rs9615482,46032213,0.7715921803112464
rs732275,46033939,0.6172691121475409
rs136633,46035772,0.4763199462643618
rs136636,46036299,0.4476629206064551
rs11704468,46037678,0.43469098305787435
rs80451,46037914,0.6164024410113433
rs136641,46040390,0.03173814426534806
rs136642,46040545,0.879345012475016
rs136645,46041690,0.07910800046526141
rs136646,46043258,0.09928702056420718
rs80454,46043490,0.09928702056420718
rs136653,46043893,0.09928702056420718
rs5767640,46044869,0.7323288187823938
rs6008112,46045943,0.18259771124955804
rs6008113,46046128,0.14719720702603684
rs5767645,46049558,0.35918204848372637
rs11090754,46049871,0.8055365155703367
rs12166623,46050243,0.6302401062305101
rs9626986,46053947,0.9058010695283517
rs9615146,46057960,0.5187576612482343
rs766168,46058565,0.4049960926515396
rs6008118,46062469,0.8383854194125522
rs11704789,46063700,0.05018085445872838
rs6008124,46064331,0.07718007174854885
rs17175822,46065758,0.9218977597144937
rs1005239,46065834,0.08157836316019643
rs1005241,46066282,0.8315450732975613
rs2187793,46066667,0.15212025087211256
rs12628369,46067013,0.15212025087211256
rs8135985,46070787,0.08914234321793187
rs5767654,46071300,0.3144146667697628
rs1076926,46076857,0.08914234321793187
rs2097409,46076930,0.17846107222142937
rs916270,46079990,0.17846107222142937
rs5767664,46085119,0.13933606618869177
rs739115,46085166,0.5303608762514747
rs5767666,46085857,0.7698908901085566
rs5767668,46086408,0.13933606618869177
rs5767669,46086457,0.8760731622978137
rs5767670,46087041,0.13273835262187259
rs5767675,46089479,0.13273835262187259
rs5767676,46090500,0.8883954435443469
rs5766751,46095445,0.13933606618869177
rs880840,46095804,0.15023202108694986
rs5767685,46097341,0.13933606618869177
rs5767692,46104049,0.13933606618869177
rs2051592,46106244,0.012475528865277618
rs5766755,46106362,0.08607284529942218
rs2337522,46107599,0.02244844952254813
rs2337523,46107619,0.03140238133161817
rs732494,46107963,0.03140238133161817
rs2001087,46111404,0.016061483762692712
rs2001088,46111442,0.6792882223793312
rs2001089,46111582,0.03418475629686349
rs4823632,46114083,0.0628469304205512
rs724384,46114432,0.32434648108169317
rs5767699,46114682,0.09016500264174006
rs743822,46118866,0.21276914181262452
rs2016410,46119554,0.011614663716933295
rs6008150,46127195,0.21276914181262452
rs6008151,46127214,0.21276914181262452
rs131850,46130946,0.21307204983328198
rs6008159,46132239,0.2929203051088317
rs4823634,46135978,0.385273798957404
rs131853,46141822,0.1464446631102982
rs8136815,46144847,0.04163875673101005
rs713983,46146557,0.09940933945670752
rs6008166,46147590,0.2810914731051617
rs6008169,46147976,0.16277827945138157
rs6008171,46148677,0.16277827945138157
rs9615513,46149964,0.5411519881799776
rs470122,46150469,0.6731052810901872
rs9615154,46151360,0.12664958519084096
rs9615156,46159509,0.17811863859465016
rs12628600,46160011,0.48172697413768184
rs12159062,46160326,0.48172697413768184
rs9626722,46161951,0.31816677422818673
rs9627024,46163241,0.39327083978796273
rs916233,46164678,0.5001207258266445
rs882403,46165326,0.40411822555151244
rs916234,46165555,0.20581084845411723
rs9627029,46168719,0.45907384466624923
rs12483769,46168736,0.2678941641333762
rs4823638,46171277,0.7893867488653762
rs13054408,46177769,0.12064194098692073
rs4823639,46179223,0.792748870718243
rs5767728,46180573,0.19483186588076362
rs6008190,46181446,0.2667988956520233
rs761252,46182066,0.4822604243305012
rs4823481,46183834,0.13991826858902345
rs4823640,46184860,0.1933283259349472
rs7290806,46186516,0.3494257630012222
rs130843,46196868,0.6517690995781338
rs12628532,46198047,0.8593379497047605
rs9615522,46198897,0.6032967077477089
rs4823482,46199332,0.6032967077477089
rs6008205,46204998,0.7927276052847589
rs8139800,46205270,0.5766021523182872
rs763031,46209441,0.05650714692748434
rs713999,46210776,0.05482650064470274
rs7287734,46211987,0.6275579910785984
rs130862,46212277,0.4819663746591576
rs2040411,46215076,0.9525805265773205
rs17251638,46215483,0.7189429293404117
rs2027855,46216177,0.5007127463788521
rs2157329,46217754,0.5007127463788521
rs130867,46220887,0.4126221487179148
rs130869,46221612,0.030969290686755968
rs11090774,46222210,0.0713720841498199
rs6008214,46223455,0.02941313454540616
rs1076930,46224868,0.02941313454540616
rs130872,46230013,0.006185390117957369
rs929048,46230421,0.9806160354228262
rs470047,46230851,0.025985749011193604
rs135450,46235959,0.4026612278281756
rs130878,46236215,0.37546985924917864
rs9615159,46238883,0.37546985924917864
rs3736676,46240908,0.8037119155211031
rs728100,46241391,0.30098531219184155
rs6008226,46243314,0.6832387709960277
rs6007671,46243428,0.30098531219184155
rs2337501,46249167,0.6336971616484032
rs739010,46249374,0.6015057732795248
rs5767754,46249900,0.9191503873835991
rs4568046,46253336,0.6336971616484032
rs8139889,46257774,0.24867507220538487
rs5767758,46258078,0.9115978213521011
rs6008234,46261427,0.48403083303534944
rs1981462,46268778,0.9652758186852491
rs2301382,46271717,0.9126752633338119
rs8136421,46273395,0.9323096215085435
rs4823484,46278509,0.9447232785445414
rs131056,46283986,0.47220844733110556
rs5766778,46285096,0.9462908873777812
rs135585,46286368,0.613667624770396
rs1297369,46288390,0.33552042672279214
rs1297370,46288931,0.33552042672279214
rs6008242,46289314,0.4105436430652898
rs1297371,46289657,0.4901332173784999
rs1297372,46289698,0.4901332173784999
rs1297376,46294541,0.4901332173784999
rs1297379,46296484,0.9462908873777812
rs6008245,46299645,0.4105436430652898
rs7286445,46301492,0.4105436430652898
rs130468,46306890,0.579443632406502
rs6008249,46308301,0.6291697416991988
rs5767784,46314029,0.8161258694653782
rs130473,46314532,0.6977803007908137
rs5767791,46316319,0.7224215495344387
rs738486,46317228,0.4308443443863129
rs713674,46318203,0.022631424880911515
rs135144,46319092,0.6253271705901862
rs130481,46319572,0.6146045723486985
rs5766792,46320546,0.29995143385851775
rs130486,46322189,0.03509851263852488
rs10460765,46323412,0.6234143564599883
rs761419,46324898,0.028412974123439398
rs17668040,46327181,0.046938985826937986
rs5767804,46327252,0.66151556952733
rs11703637,46328548,0.046938985826937986
rs6008263,46330869,0.03296887021993677
rs8136633,46334860,0.046938985826937986
rs4552288,46335524,0.03593999116219944
rs17668240,46335553,0.046938985826937986
rs2064433,46335810,0.35425043094004416
rs41342646,46336181,0.046938985826937986
rs6007694,46338367,0.3289923028162901
rs7290053,46338815,0.33483544471098725
rs2239762,46339724,0.24071947606240784
rs1108364,46341876,0.3289923028162901
rs6008274,46344485,0.18622508270877658
rs916587,46346357,0.6321317169337469
rs6007696,46347114,0.3152199331208796
rs16997104,46347584,0.4291377917730391
rs10854837,46349434,0.2362333657222654
rs929020,46349705,0.32691477711720285
rs6007699,46358642,0.15855733993967513
rs13056610,46362616,0.6466884255166236
rs5766806,46366362,0.38987198419840075
rs2010531,46366595,0.05535651343756473
rs131101,46367924,0.013248179563508862
rs131100,46368055,0.026563468136003538
rs5767822,46369039,0.013248179563508862
rs135589,46369593,0.03856624309316476
rs1858754,46371971,0.07796236389055963
rs9615554,46377435,0.5893291777436954
rs4823663,46384494,0.8846195271160466
rs5766814,46384838,0.9400019977083937
rs5767831,46385183,0.8846195271160466
rs5767832,46386700,0.8892025844803911
rs6007705,46387555,0.8846195271160466
rs6008295,46387597,0.9028349251743556
rs6008297,46387941,0.8846195271160466
rs6008305,46388820,0.9660451226554352
rs5767833,46389334,0.9335175352462307
rs5767834,46389362,0.8846195271160466
rs6008308,46389766,0.8846195271160466
rs16997231,46394862,0.3783642507514283
rs8138413,46395253,0.9943314414373184
rs6008310,46395922,0.8956320294447264
rs4334580,46396914,0.8956320294447264
rs9615178,46397221,0.9528542948815417
rs738721,46397479,0.8911529791244763
rs13053173,46397929,0.3390311061670397
rs738715,46398141,0.8798525220788006
rs877528,46399650,0.41132327744241637
rs5767849,46400684,0.7425228770268266
rs11704217,46400867,0.1655221093547693
rs12053799,46401961,0.4699986673802583
rs11705127,46402482,0.7289762033030613
rs761880,46405418,0.9842948596010213
rs9626750,46406112,0.9105616678856134
rs9627093,46407648,0.804678086551828
rs738713,46407886,0.7891693494554877
rs6007710,46411109,0.947716425840422
rs17669639,46413542,0.7514325546817525
rs9615183,46422551,0.9484539451717013
rs5767876,46423324,0.8350515363666429
rs5767881,46424553,0.36683003482097964
rs17669761,46425795,0.7999193023397086
rs7285551,46426177,0.9418493376431878
rs5767885,46426596,0.36683003482097964
rs17669943,46429457,0.9418493376431878
rs5767887,46432472,0.9484539451717013
rs9615573,46433005,0.8380230216769808
rs450415,46439434,0.9484539451717013
rs16997316,46440863,0.0781971933266705
rs449050,46440915,0.9484539451717013
rs371022,46443809,0.9484539451717013
rs132103,46446780,0.8499407396618266
rs132125,46449278,0.8113588406581698
rs9615581,46452327,0.9471169170393843
rs9615582,46452687,0.7928842402599063
rs132146,46452725,0.9009570463000348
rs9615187,46453371,0.7928842402599063
rs4823672,46461782,0.9009570463000348
rs9306501,46462926,0.7231752819523449
rs462467,46462963,0.7616941977265622
rs132163,46464453,0.9951623158420693
rs6358,46464526,0.7666634537146759
rs6359,46464579,0.933203704617706
rs4823673,46465147,0.9471169170393843
rs5767921,46466848,0.6727523618472403
rs1013519,46467395,0.8113588406581698
rs116058,46467513,0.6097459494843476
rs132174,46468522,0.783826512323164
rs6008324,46469733,0.7792712265105495
rs9615594,46475755,0.9471169170393843
rs5767932,46478873,0.39090162076242074
rs6008328,46479628,0.7666634537146759
rs6008329,46479668,0.7666634537146759
rs8141392,46482040,0.6503405121039485
rs400116,46485718,0.6510394411929689
rs386300,46488923,0.8329619162487272
rs416962,46491710,0.9822096279986445
rs5767947,46491876,0.5571286545153669
rs695457,46493305,0.5313385853857472
rs6008341,46499716,0.6067713079452434
rs132183,46502674,0.8622221373027646
rs6008347,46503681,0.4811605791064738
rs6008349,46503915,0.4811605791064738
rs4823495,46505064,0.7169330816681592
rs4823685,46508414,0.48969981798043205
rs132194,46509377,0.6368583216643187
rs132195,46510923,0.18110941470557107
rs6008359,46511252,0.8354321055749028
rs132198,46513031,0.7479602590335462
rs743098,46514987,0.4819753001531718
rs6008363,46515966,0.5203753675228457
rs132210,46522577,0.5320423760017532
rs5767968,46524498,0.858965299727328
rs6007738,46525401,0.9459441394713145
rs998937,46526225,0.970577067646797
rs12165965,46528740,0.7024323221463886
rs5767974,46532175,0.858965299727328
rs9615216,46532625,0.9923171480856634
rs132215,46532678,0.9526564046635979
rs9615626,46533309,0.7977702502461177
rs5767976,46537650,0.9300160069276144
rs6007742,46538068,0.9131213914558461
rs9627131,46538298,0.8819743259869223
rs11090785,46539561,0.9838936610912095
rs1003567,46539795,0.8819743259869223
rs2338254,46540795,0.8362788038880048
rs16997544,46541958,0.5511268041181694
rs4315633,46547970,0.5979671412007739
rs12167037,46551188,0.9479660603484245
rs11703636,46552255,0.548341245766288
rs16997552,46553320,0.33696839210441587
rs9615630,46554514,0.721031237475203
rs738731,46555728,0.3441932034429226
rs6008387,46556372,0.5979671412007739
rs9627141,46556769,0.9313617769304963
rs9615217,46556799,0.548341245766288
rs7288105,46556937,0.8309796593919974
rs12165516,46557997,0.8819743259869223
rs738738,46559139,0.6202803090044322
rs4239938,46561223,0.8819743259869223
rs9626773,46561655,0.8819743259869223
rs17616262,46562553,0.34397222108409664
rs9615637,46563546,0.7653067698284851
rs5767992,46566917,0.5903148972146746
rs9615639,46566940,0.5195090141165306
rs720439,46569262,0.9309094096003202
rs720441,46569391,0.27607380470769793
rs5766879,46571296,0.7482861667912364
rs1884696,46572310,0.41959351334601647
rs5767995,46573027,0.41959351334601647
rs5768001,46576776,0.41959351334601647
rs8184974,46576855,0.7058158793573605
rs5768002,46578444,0.7058158793573605
rs932548,46579211,0.6862171886770844
rs9615222,46579256,0.36217688299270545
rs5768003,46579678,0.6862171886770844
rs4823694,46581219,0.8502572463697357
rs9615647,46582538,0.7983288223713574
rs16994709,46585982,0.41959351334601647
rs5768007,46586536,0.41959351334601647
rs6008401,46587672,0.6505109728746917
rs2208121,46587873,0.7779127800898538
rs2208122,46587952,0.13954007347619823
rs4823696,46590072,0.5353563659941695
rs11703828,46590939,0.791081374646869
rs1884698,46592146,0.4181252402391721
rs4823698,46592568,0.7083017931748091
rs6007751,46592740,0.6919389187930547
rs2208123,46593476,0.7781729537959149
rs5768016,46595486,0.6760132037886543
rs1983705,46595929,0.5731040856371366
rs9615651,46597507,0.7470329863620392
rs5768019,46597616,0.3587809788409355
rs13054679,46598601,0.9835338344737412
rs4823499,46599517,0.7952050848096561
rs6008410,46599644,0.7952050848096561
rs4823701,46599826,0.11346929586882329
rs5768023,46600283,0.11346929586882329
rs4823702,46600389,0.11346929586882329
rs4823703,46600709,0.8955120953364906
rs4823704,46600728,0.8702631717694179
rs5766894,46602504,0.1789984163111259
rs5768034,46603224,0.1849374411902226
rs5768035,46603288,0.45089059517082475
rs5766895,46603507,0.3828077766572503
rs4823709,46604417,0.45089059517082475
rs5766898,46604443,0.45089059517082475
rs5766899,46604525,0.45089059517082475
rs7286675,46606065,0.9659985618230943
rs738744,46610021,0.8395590705737307
rs4823712,46610571,0.1756443686405026
rs9615654,46611081,0.7997360748397772
rs1010615,46613870,0.11346929586882329
rs5768056,46614607,0.1789984163111259
rs4140399,46614904,0.25924878175978694
rs6007754,46615753,0.683466365826756
rs971252,46618964,0.8888846100496937
rs5768065,46619244,0.345102389721894
rs5768068,46622052,0.345102389721894
rs9627162,46622530,0.4471083545292004
rs5766906,46622927,0.7092947250962007
rs738745,46625062,0.8712223316027758
rs9306504,46625415,0.4558659677791903
rs1807611,46626561,0.665071310072676
rs2093039,46628545,0.7085573710541919
rs2103957,46629400,0.4976579734301041
rs1157016,46632110,0.7085573710541919
rs5766911,46632478,0.8808749722038668
rs5766912,46633603,0.8808749722038668
rs5768090,46634818,0.8530995405271352
rs5768095,46635960,0.8530995405271352
rs761916,46636894,0.5478128768797141
rs761917,46636957,0.4592713801318645
rs761918,46637041,0.6739297089011008
rs5768099,46640808,0.8135499699633129
rs4823506,46643740,0.5534706423119492
rs2064803,46648175,0.637124246149348
rs11090797,46649409,0.4135119242079359
rs9615659,46649672,0.7514623964793317
rs728592,46650435,0.6053704950738992
rs4823717,46650625,0.1538628283739277
rs6008435,46652294,0.6179150390214702
rs5766921,46652535,0.8513569187583447
rs4823718,46652642,0.7934393188654097
rs4823719,46652696,0.6579342030946953
rs4823722,46653016,0.634052858788702
rs17681212,46653061,0.801346298502845
rs16997800,46653163,0.9434980456216542
rs7285836,46655364,0.8260776877626359
rs16997815,46656658,0.7997789230407897
rs6008436,46657641,0.9434980456216542
rs6008438,46658741,0.591647226833793
rs2064804,46659170,0.3007064813155347
rs5768107,46659891,0.10390321657504302
rs1983704,46660061,0.4129779773731619
rs5768108,46660294,0.10390321657504302
rs6007756,46660973,0.15848616491964185
rs6007757,46661258,0.9830949189416409
rs4823723,46661841,0.3386464616258861
rs13053663,46662382,0.7973534150469042
rs9627183,46663178,0.8306625520941457
rs12157656,46664499,0.9434980456216542
rs8136986,46665982,0.41222660844308556
rs5768114,46666601,0.36876224487259623
rs738730,46667838,0.21940657002005692
rs5768117,46668418,0.21483018544226862
rs5768118,46668595,0.7039951015667318
rs9615661,46670241,0.7013393074602194
rs9615662,46674013,0.10947083978803976
rs738733,46674081,0.017769454817138104
rs5768132,46674812,0.016498524625886652
rs10854842,46674950,0.018790989979253082
rs12169313,46674973,0.1980872007737131
rs5768133,46675368,0.01100371495625089
rs5768134,46675503,0.12765090596589754
rs5768135,46676617,0.024163122905769763
rs16997862,46676723,0.5485559030587559
rs5768136,46677289,0.16126541390552673
rs5768137,46679058,0.020954704626169423
rs9615666,46679313,0.16126541390552673
rs9615231,46683637,0.16809668436529845
rs5768143,46685708,0.8507673492458139
rs5768148,46686568,0.0223300228672344
rs9615669,46687026,0.15136200073293674
rs12169280,46687066,0.27883190056272555
rs5768149,46688029,0.3685924153367347
rs5768156,46693127,0.10492068799991998
rs5766941,46694213,0.013038431421119025
rs5768163,46695767,0.3252447626863697
rs4990141,46696666,0.05047391002128851
rs874960,46696796,0.7185858350531482
rs5768165,46696862,0.5767864856422003
rs874961,46696901,0.044452405184390455
rs874962,46696987,0.07426150491288422
rs910771,46697100,0.020860736499629693
rs875271,46697945,0.21131580464407662
rs5768168,46697999,0.5767864856422003
rs9615234,46699787,0.35367847293303367
rs9615235,46700093,0.35367847293303367
rs5768173,46700140,0.5767864856422003
rs7288944,46702487,0.39040477314271516
rs5768178,46703008,0.573600585994444
rs16997937,46703329,0.736922052978699
rs5768179,46703438,0.01422673079816793
rs1884516,46704188,0.1050407711941197
rs16997941,46704357,0.39040477314271516
rs715609,46705477,0.04323818666654004
rs5766949,46705515,0.5767864856422003
rs5768187,46706034,0.5767864856422003
rs738705,46721405,0.6519495974845471
rs16997973,46721735,0.22410938898685362
rs5766958,46722053,0.5257334506687132
rs17694640,46723425,0.9370304434936325
rs738706,46727466,0.7391886660438304
rs2144784,46732503,0.24337798983796388
rs5768213,46735527,0.7210160133000084
rs6007768,46737604,0.38997672654206395
rs6007770,46738173,0.48660555509590186
rs6008478,46738597,0.48660555509590186
rs6007771,46738837,0.48660555509590186
rs16998000,46739149,0.8036638097500851
rs6008480,46739243,0.8346910118540605
rs16998007,46739293,0.8036638097500851
rs1028528,46740954,0.7744124258429943
rs9615699,46742901,0.4199696167944076
rs13055322,46743787,0.42099412530584546
rs8141309,46743936,0.9106662362704919
rs12167780,46744541,0.4199696167944076
rs12169304,46744848,0.4199696167944076
rs8139620,46749748,0.4854397522073559
rs8142942,46749795,0.6664408205539116
rs6008485,46750080,0.4344852080117044
rs5768220,46750385,0.9401499260360923
rs5768221,46750655,0.9401499260360923
rs2144786,46757401,0.2910259374420616
rs9615717,46760040,0.3603728002608938
rs5768231,46761322,0.49552494846356354
rs5768235,46762428,0.3887078032643313
rs734534,46763614,0.4519103643121888
rs5768239,46763888,0.9401499260360923
rs6007777,46765602,0.9189977039418941
rs5768247,46767453,0.3603728002608938
rs5768248,46767923,0.713247200424638
rs9615724,46768144,0.3603728002608938
rs9627209,46770102,0.21398223023336793
rs6007778,46771587,0.9249599776729968
rs10483240,46773410,0.8804675854222673
rs5766970,46775443,0.4740189926926168
rs9615252,46775561,0.6849220041053368
rs6008500,46776338,0.9759724925056972
rs5768256,46776738,0.4740189926926168
rs11090806,46777160,0.4740189926926168
rs5768257,46777230,0.7463591218529446
rs5768259,46777774,0.4740189926926168
rs2338507,46780955,0.4153924076914661
rs2879191,46781024,0.6586721963776361
rs6008503,46783191,0.3514930006375254
rs5766980,46785235,0.4740189926926168
rs5768271,46787732,0.6023073915565631
rs135346,46788205,0.318672678078317
rs7286599,46789054,0.6586721963776361
rs5768273,46789324,0.6917192017101601
rs6008510,46790614,0.34599197829667583
rs7287069,46790924,0.6065391908416141
rs135344,46791577,0.318672678078317
rs135340,46792151,0.9033783089204269
rs5768278,46792326,0.4740189926926168
rs135339,46792694,0.18627597301762255
rs135338,46793115,0.318672678078317
rs135334,46794678,0.318672678078317
rs2157157,46795375,0.7139131124655724
rs7286295,46796470,0.7563533028051107
rs135332,46796783,0.33113969317207137
rs9615256,46797195,0.8242383252038549
rs1543788,46797852,0.4319371588936427
rs5768286,46799100,0.47137484502520954
rs9615257,46799604,0.6930936314446701
rs135330,46800234,0.7463591218529446
rs16998194,46802559,0.8804675854222673
rs135323,46802592,0.8569910514761365
rs9615258,46803407,0.6586721963776361
rs5766999,46810623,0.7463591218529446
rs6008515,46811549,0.6785785244174778
rs9627225,46811960,0.4740189926926168
rs743094,46812726,0.8694657885844976
rs7285183,46815466,0.37749352431100835
rs4823729,46815944,0.9962577600149265
rs5768301,46816949,0.4740189926926168
rs9615260,46821237,0.7801746656335347
rs5768302,46822161,0.8569910514761365
rs11090812,46823623,0.9426970701868463
rs4823511,46823885,0.461925179612103
rs5767002,46824980,0.0749638562959578
rs6008526,46826929,0.5507727676091491
rs6008528,46827440,0.5353034220331775
rs1535186,46830586,0.5755068032674026
rs9615746,46830619,0.5353034220331775
rs117294,46832255,0.40067398314165903
rs1014674,46832330,0.3172982756001139
rs715521,46833090,0.10926070808459752
rs12169131,46833134,0.9012401897879029
rs5768310,46833228,0.3200498791923254
rs135264,46833357,0.7184836340811099
rs5768311,46835804,0.5306535201851774
rs5768312,46835938,0.41075382356031354
rs737791,46836360,0.9382421761163093
rs5768314,46836867,0.6341165243500215
rs135269,46838609,0.9357273837530571
rs17697394,46839353,0.804070878247443
rs135272,46839484,0.18557965353875872
rs9306509,46842676,0.9072351324861515
rs135279,46846234,0.6226624515035837
rs135281,46847570,0.807316854255425
rs34615418,46848034,0.9383487254280395
rs9627236,46850016,0.5228418621727946
rs135288,46851903,0.37498865114463986
rs135289,46851936,0.5250729420317863
rs135290,46851964,0.807316854255425
rs135291,46852482,0.807316854255425
rs5767013,46852905,0.6089295647085926
rs5767014,46852952,0.37203816063033734
rs135295,46856593,0.8193639516052431
rs6008549,46856822,0.9611937287052019
rs9615753,46857005,0.8602182216377182
rs135297,46857093,0.8193639516052431
rs5767015,46858049,0.9611937287052019
rs135299,46858395,0.3830358889617298
rs6007798,46860129,0.9035507404064554
rs7289613,46862049,0.607952262140738
rs7289922,46862222,0.6412994629327189
rs5768341,46863197,0.9788632663230924
rs135307,46867735,0.5897247447269356
rs738979,46868963,0.6008582564036715
rs12172194,46871209,0.87251511685976
rs11090820,46871327,0.87251511685976
rs6008554,46871377,0.87251511685976
rs7291604,46872427,0.5909697815146158
rs5768350,46873422,0.5909697815146158
rs6007800,46876318,0.7660591043796654
rs5768355,46880022,0.6558417686057045
rs9626807,46880358,0.7879450134928399
rs16998380,46888860,0.5775352501747495
rs6008557,46890039,0.8785022304730593
rs7284331,46890516,0.913197559241967
rs6008558,46895359,0.8620033469560872
rs4823512,46898458,0.7419282408427121
rs6008561,46899833,0.8620033469560872
rs9627251,46904446,0.2997893542022275
rs6007804,46905364,0.7581771829307217
rs6007805,46908063,0.8737404307125056
rs131125,46908788,0.8435040395385087
rs131126,46908875,0.8435040395385087
rs131127,46909434,0.5687592216397236
rs5768366,46912402,0.540507907108425
rs11705272,46913004,0.14723668157040423
rs5768367,46913355,0.182131681027641
rs131132,46915138,0.061353569865864335
rs1018793,46915337,0.33610652035648436
rs5767030,46915993,0.2796342158405625
rs6008564,46916427,0.22205194267599726
rs6007807,46916439,0.2255889452826586
rs6008565,46917036,0.2255889452826586
rs2338671,46917427,0.2255889452826586
rs5768372,46917718,0.2255889452826586
rs5768373,46918081,0.15554017780322996
rs1467901,46919985,0.1671207475392511
rs131137,46924949,0.8488147522867672
rs17704930,46928256,0.1412074596240335
rs135614,46928621,0.613283492681618
rs131147,46930827,0.24772388269384482
rs135617,46931128,0.4293291350920647
rs35099789,46932686,0.5794488446251254
rs13053627,46932919,0.40193816713083763
rs5768399,46935604,0.5652685526597263
rs135618,46940057,0.7652516466810648
rs6008567,46941253,0.4332913022128625
rs5768405,46941844,0.5652685526597263
rs80281,46944592,0.6155083151862908
rs11705630,46946851,0.9065450940338277
rs2001902,46948268,0.9065450940338277
rs8140457,46949920,0.9065450940338277
rs5768418,46950112,0.9065450940338277
rs133519,46955392,0.9065450940338277
rs9615270,46957630,0.48282821599063064
rs9615271,46957737,0.48282821599063064
rs9615272,46959720,0.11051816540589751
rs941418,46963276,0.8467743715973199
rs133526,46963478,0.9105426599326223
rs6008573,46963583,0.8856917771430717
rs926233,46966624,0.8511549008765438
rs6008575,46968001,0.6689528773532212
rs6008576,46968016,0.6689528773532212
rs6008577,46968754,0.6689528773532212
rs133528,46969593,0.6479914900719115
rs6007812,46969909,0.5723085188421234
rs133530,46970108,0.7405018018080566
rs133533,46971049,0.7238763524225138
rs133534,46971701,0.7345938912334821
rs12169853,46972973,0.36680236732107496
rs133535,46973316,0.7300887647649399
rs133536,46974223,0.7663243030584928
rs12484168,46979107,0.49177051402177296
rs7286079,46981959,0.5632818159717881
rs9615282,46982088,0.5632818159717881
rs5767063,46982166,0.6837461898377775
rs9306510,46984975,0.7636503745819259
rs5767064,46985678,0.7198098124753287
rs5768445,46988358,0.2606229552168723
rs9615800,46988507,0.36880861447008906
rs8137558,46989892,0.36880861447008906
rs9615801,46990410,0.36880861447008906
rs9615287,46990520,0.36880861447008906
rs9615288,46991477,0.36880861447008906
rs9615807,46993618,0.24552126545246244
rs9615811,46996186,0.37163910259989574
rs9615812,46996312,0.7291649367413416
rs7287281,46997362,0.7291649367413416
rs7291351,46997450,0.7291649367413416
rs7287573,46997548,0.7291649367413416
rs9615292,46998283,0.8456773576691801
rs5768450,46998637,0.5166444311302198
rs9615819,46999303,0.7291649367413416
rs9615294,46999394,0.7291649367413416
rs5767067,46999448,0.9729651419922749
rs9615820,46999512,0.7291649367413416
rs6519983,46999566,0.7291649367413416
rs713844,47000111,0.3490557673692283
rs5768453,47000386,0.9729651419922749
rs1883133,47001315,0.9831316739336272
rs738187,47002412,0.7894865473940078
rs713762,47002656,0.7894865473940078
rs2013591,47003473,0.7417402835867435
rs13054085,47008848,0.36848032505912676
rs133545,47010348,0.305850054255133
rs133553,47015182,0.5235382079604243
rs469999,47015720,0.7756826651774531
rs5767076,47015983,0.11514108394508761
rs133561,47017727,0.32271121942405223
rs1980432,47018135,0.6344456053214855
rs133565,47018657,0.7756826651774531
rs133567,47020131,0.41528279326197337
rs4389,47024918,0.3451717599122446
rs4499,47024952,0.3451717599122446
rs742025,47028494,0.7716706948160988
rs1004689,47030661,0.5675961258781583
rs2338676,47031375,0.6704167948814944
rs742027,47031640,0.16937568646614864
rs133575,47031934,0.6533087836538795
rs133576,47032247,0.04515525747127273
rs4391,47032443,0.7731277458610631
rs4823515,47032787,0.7888353620589016
rs713970,47033614,0.45095199383478624
rs4500,47034556,0.4380498712719916
rs119589,47037436,0.5342666466331061
rs133580,47038544,0.5342666466331061
rs133581,47039194,0.5342666466331061
rs133582,47041202,0.09885134927872745
rs4355214,47044225,0.48267514135900647
rs133587,47044950,0.06173370335025538
rs133588,47045114,0.1540446904989854
rs6008604,47045825,0.10761150600922646
rs133590,47046698,0.24337557282100264
rs2235165,47047245,0.49165194436658677
rs133592,47047424,0.28860476966688187
rs133595,47049379,0.12761110471913653
rs6007822,47049766,0.3186910434551554
rs909502,47050966,0.8267885905631516
rs133597,47053274,0.8191518645571638
rs4394,47054817,0.7221139430670076
rs133603,47055925,0.694551140362903
rs2092046,47059617,0.5653091290464787
rs6007825,47060434,0.5964293173780746
rs133609,47062485,0.0914376324232218
rs7291899,47062765,0.9934174718140549
rs470000,47062951,0.18809121479389068
rs12165440,47065289,0.49808642782136037
rs11702956,47065740,0.42116278928286943
rs6008614,47067298,0.8685648711069602
rs11704590,47069112,0.504631115130727
rs9627288,47069817,0.8122339170819931
rs133616,47070379,0.23492420227235233
rs133618,47071232,0.16784385019664105
rs8141901,47072399,0.45564124509367887
rs6008618,47073530,0.9767519075016867
rs109155,47075921,0.588931333779962
rs4396,47079687,0.17203779433566846
rs8135849,47084819,0.7183446607197167
rs133629,47085180,0.0808611811404587
rs1474560,47085306,0.0808611811404587
rs133633,47086723,0.0808611811404587
rs2338703,47087150,0.4824187430053254
rs9615864,47087618,0.6485394586691049
rs4398,47087852,0.0808611811404587
rs12167732,47087870,0.284651083342216
rs2879244,47088230,0.8174058991127653
rs470001,47088821,0.284651083342216
rs133641,47088955,0.284651083342216
rs133642,47088983,0.284651083342216
rs6008624,47089144,0.7797396835119295
rs13054702,47090280,0.4812851509047239
rs4400,47091268,0.21301940628413496
rs133646,47091891,0.4732029551294217
rs7287303,47092776,0.5177893507316104
rs742019,47094527,0.400940062559502
rs7293216,47095115,0.03511237234734992
rs133651,47095690,0.8474477732005781
rs6008628,47095765,0.7354862955909502
rs6008629,47096455,0.0629942081635373
rs11913704,47098044,0.027062421110294107
rs9615312,47098234,0.7615902107685374
rs133654,47098956,0.8853175733545642
rs6519988,47099053,0.06341064996773886
rs7288634,47099250,0.5263316546061392
rs11913692,47100249,0.9984141033726983
rs133658,47101047,0.5053591464979406
rs13053803,47102543,0.6960383897783857
rs133661,47103311,0.15580207748314462
rs133662,47103778,0.6375675991706361
rs6519991,47104199,0.11260157406790114
rs11090830,47105660,0.5053591464979406
rs133666,47105923,0.5053591464979406
rs13056403,47106338,0.10212658812014283
rs742020,47109577,0.5082267849096725
rs6008656,47118306,0.30561453014673123
rs133672,47120247,0.3822081412289198
rs4407,47120462,0.16972557478350747
rs10427669,47120761,0.3180677137781117
rs5768543,47121913,0.33363162610666
rs5767103,47122845,0.49154093466619064
rs1883129,47123181,0.27745518389409574
rs4823749,47123275,0.516808502868507
rs5768549,47123964,0.516808502868507
rs4239939,47124339,0.516808502868507
rs4823752,47124465,0.516808502868507
rs6008659,47125761,0.29388449645681647
rs8141327,47126583,0.47247043947288225
rs1883131,47128088,0.9588116380668186
rs5767109,47128327,0.7690205857666996
rs4823525,47128720,0.7389212437426119
rs5768555,47129109,0.9708837880454335
rs5768556,47129992,0.8782304917000666
rs2142556,47130537,0.21576234675827866
rs1016454,47131061,0.7980030510490815
rs2179060,47131421,0.21576234675827866
rs5768562,47132249,0.4131108361233038
rs11090831,47132460,0.9976684306502636
rs5768566,47132757,0.5068507507318771
rs12483947,47136240,0.9477677951037541
rs5767120,47137593,0.9413832390392163
rs9941963,47137892,0.8540466055160254
rs4823526,47138789,0.9477677951037541
rs6008669,47141173,0.6267278177584441
rs133675,47143571,0.6392397726396368
rs133676,47143822,0.9452379339917704
rs13347233,47144564,0.4057085159460846
rs133678,47144636,0.3503272313370682
rs97762,47144714,0.6436900799365295
rs1078392,47144811,0.23250805874367564
rs133681,47145275,0.42861714969206854
rs4823756,47145455,0.3424106459656324
rs4823758,47145488,0.48608431151552367
rs4823760,47146860,0.20916609769516392
rs8138593,47151932,0.47740637135086683
rs9626831,47153800,0.5405407122300303
rs78508,47154464,0.5405407122300303
rs130768,47154708,0.6606086895843439
rs9626832,47154896,0.6023668137987288
rs12485020,47156154,0.6606086895843439
rs130775,47162822,0.8229798235363139
rs6007842,47162921,0.4397412100876721
rs130785,47165245,0.6311923795739334
rs130786,47165461,0.4825580016354053
rs1573661,47165572,0.40039042449736406
rs130788,47167168,0.3267673408988927
rs762882,47167787,0.3610435816534623
rs12483791,47169787,0.2696155709071084
rs9627332,47171189,0.367300009528133
rs135382,47176626,0.4994707752926252
rs470042,47179729,0.2812727268345385
rs130804,47180330,0.2812727268345385
rs130805,47180482,0.2812727268345385
rs130806,47180848,0.24856135864313178
rs130809,47181983,0.3743124463364932
rs130811,47182576,0.3743124463364932
rs130815,47184588,0.3743124463364932
rs130819,47185691,0.3743124463364932
rs135383,47187524,0.3743124463364932
rs130823,47187576,0.3743124463364932
rs2879246,47188783,0.20808959252366654
rs4390855,47189759,0.5273024611718036
rs1475987,47190610,0.4902709845786939
rs5768594,47191535,0.37834745983337614
rs6008687,47192122,0.6078342257060558
rs130834,47193975,0.783222045050717
rs11090839,47194900,0.4202251702444153
rs739107,47195099,0.7998698618998354
rs5767136,47195430,0.8223519055566484
rs17634299,47197905,0.9590286236977736
rs12106638,47198687,0.6657130932339417
rs730780,47199503,0.8080764346411294
rs9306511,47201283,0.9980130392238966
rs11705601,47201856,0.49343757404448607
rs7293013,47202021,0.7923839735339893
rs4823530,47203231,0.6807421013721795
rs6007851,47203328,0.9998763462051538
rs7288377,47203655,0.4666244975733205
rs916268,47204683,0.9997622000041585
rs6519997,47204814,0.22477721422172414
rs2338712,47205951,0.5100020564431491
rs2338713,47206929,0.9785778452172987
rs12169256,47208050,0.33947145231833675
rs16999076,47208313,0.43771428678328583
rs739105,47208454,0.5881442070418704
rs16999084,47208708,0.991182091671953
rs5768614,47209058,0.5452554841054527
rs4823535,47209622,0.5452554841054527
rs4823772,47210646,0.44370556202870226
rs6008697,47210992,0.848019908459539
rs8136108,47211457,0.9493326185079979
rs16999115,47214408,0.8588869525501878
rs9627347,47214706,0.5381536101870458
rs135168,47215089,0.20652401326163816
rs6008704,47216377,0.7795301195555695
rs12172263,47216571,0.49686007349998107
rs4823776,47217479,0.14862734516373527
rs2071750,47219092,0.819296440134244
rs2071751,47219371,0.38174781858822837
rs9615320,47219591,0.26030463204340737
rs9615888,47219721,0.6270055746629111
rs9615322,47221000,0.8731694460985269
rs9615889,47221783,0.4978770333645991
rs11913192,47221859,0.47471965158110796
rs2032489,47222142,0.20368001009640413
rs2001080,47223703,0.740935051718232
rs3747267,47224168,0.4978770333645991
rs4823778,47224290,0.20368001009640413
rs4823779,47224432,0.03586314315521366
rs4823780,47226574,0.03586314315521366
rs8137007,47227761,0.19216233702642493
rs5768636,47229338,0.0421984197148088
rs5768637,47229445,0.021536133607738202
rs5768638,47229523,0.44738906734676864
rs9615893,47229742,0.4978770333645991
rs9615894,47229943,0.03586314315521366
rs8137943,47231227,0.4978770333645991
rs5768643,47234076,0.15314669429703645
rs4823782,47234823,0.03586314315521366
rs9615899,47236887,0.061464572796779984
rs5767159,47237144,0.7078538303450455
rs16999223,47237833,0.5179670185312616
rs2144286,47238837,0.43851324054415874
rs4375980,47239139,0.017990929732227705
rs4585130,47239346,0.44940691782698694
rs5768648,47241222,0.48098011459299095
rs9615901,47241778,0.029895441650464934
rs3827414,47243342,0.005597154330981201
rs17709696,47243760,0.06125233351408216
rs5768649,47245695,0.005597154330981201
rs9615329,47246081,0.03087745109810547
rs715520,47248396,0.5822221607652319
rs6008717,47251315,0.004002618103276892
rs4823784,47252049,0.05911565915447531
rs5767167,47252209,0.004002618103276892
rs5768657,47252583,0.008339121556594204
rs2051594,47259952,0.6935247249790233
rs6007864,47261745,0.3210446265094815
rs1034435,47266919,0.8124013564637562
rs6008735,47267015,0.31424237030170366
rs6007867,47267834,0.8124013564637562
rs1894543,47268847,0.005397352803358853
rs713923,47270183,0.8451324038537013
rs5767172,47270978,0.8737951347947507
rs6007870,47272982,0.322138041229474
rs6007871,47273056,0.8737951347947507
rs16999282,47274438,0.4946131236944089
rs5768683,47275674,0.005397352803358853
rs6007872,47276368,0.3675216972816876
rs6008741,47276545,0.15744824078580444
rs5767176,47278985,0.00612136112967645
rs763002,47280287,0.005176469789329287
rs5768690,47280781,0.16535797327871393
rs2071784,47281385,0.00962877948471005
rs6007873,47284959,0.8287410123652561
rs8142739,47285342,0.9043984207701526
rs133515,47286209,0.362328820517541
rs6008748,47287746,0.7141910288835689
rs8139419,47288391,0.8308129755563681
rs133504,47290141,0.6620875708044708
rs133503,47290266,0.5008224522682685
rs5767181,47290663,0.7715691021131497
rs133501,47290947,0.3047848481930757
rs133496,47293333,0.30287038271749067
rs16999308,47295694,0.6796792504522824
rs133493,47295901,0.11602453796635687
rs11090852,47297493,0.8076364940943557
rs6007879,47300329,0.7399949268902207
rs6520007,47300397,0.11602453796635687
rs6520008,47300489,0.6028342387532868
rs5768701,47300786,0.8085526248428707
rs133486,47301787,0.6620875708044708
rs4823800,47302439,0.854834723562115
rs16999333,47304733,0.8857200013009565
rs80518,47307835,0.8231714618682039
rs5768709,47308233,0.818916845038415
rs80517,47308531,0.28494650839837166
rs4378908,47308722,0.5304858802527664
rs16999349,47310862,0.6058172807556579
rs4823802,47314707,0.7922391770316577
rs9615341,47315440,0.9819336844513679
rs4823540,47319217,0.9124201293914502
rs9615919,47319308,0.9618729050935492
rs4823804,47319579,0.8762271583283271
rs4823805,47319665,0.9124201293914502
rs739155,47321230,0.7733277740670839
rs736786,47323674,0.9275163726709843
rs133470,47323725,0.5568114725855693
rs133467,47329193,0.15246831859783383
rs133465,47329394,0.2713578374726091
rs133460,47330577,0.05209129942179447
rs133453,47336010,0.03958224763139889
rs5767192,47337756,0.6986470712879056
rs5767194,47339073,0.1039364331346064
rs743061,47340043,0.12082655677789711
rs12484924,47343770,0.9953916606615788
rs9615921,47345007,0.06831879099722685
rs761793,47346734,0.06831879099722685
rs5768736,47347102,0.6365191331269936
rs761794,47347362,0.06831879099722685
rs9615932,47354194,0.17285107112884468
rs34155012,47355879,0.5846379341744612
rs28539902,47375448,0.6113984870909281
rs28733451,47384931,0.789015819016499
rs28619115,47390958,0.48041372992142994
rs28576548,47401190,0.25058881457028437
rs5771965,47403662,0.9423430897409891
rs5771796,47404294,0.8003794674782867
rs738688,47404665,0.5680469707509435
rs9617415,47406678,0.7184442985615782
rs4925424,47406713,0.9581778245709626
rs4925426,47406791,0.9581778245709626
rs7292688,47406839,0.7184442985615782
rs2092859,47406969,0.6979751761641572
rs9628598,47409070,0.972878995243074
rs910578,47411275,0.49992860388943994
rs5771622,47413878,0.4969135734253549
rs6010501,47413991,0.5088130706038001
rs6010503,47414093,0.2567169835194437
rs9617429,47414288,0.686795889809744
rs5771758,47414612,0.529800356529692
rs12484497,47415694,0.8551853300710583
rs10427807,47418519,0.2865137497342405
rs9617447,47420303,0.7632145606463183
rs9617453,47420489,0.6842533970990106
rs9628510,47425790,0.21095518635798993
rs761788,47426233,0.8405024757806652
rs9617404,47427280,0.38404226477093373
rs41280561,47428552,0.07249317814271869
rs761790,47431249,0.5082322637485736
rs2878990,47432099,0.39911447715531734
rs4450733,47432164,0.5082322637485736
rs9617477,47432206,0.319198043863699
rs4261817,47432234,0.20253943199859048
rs5771883,47432483,0.49249454649539837
rs5771675,47432711,0.13152948217561278
rs17764112,47432886,0.5431845565689291
rs761791,47435334,0.6891733018760579
rs761792,47435440,0.9515880877715162
rs8142256,47436871,0.9588254371065856
rs8135393,47436884,0.9588254371065856
rs8140223,47436980,0.5180596009100309
rs4925395,47437514,0.7962606939288405
rs4925397,47439872,0.605409981702635
rs5771904,47440938,0.5171021750855236
rs5771905,47440999,0.4155277177745028
rs5771906,47441030,0.29924538274428203
rs4925425,47441180,0.4155277177745028
rs5771693,47442474,0.5686198359386784
rs6010568,47442917,0.2854790131005416
rs9628588,47445518,0.3206796405447372
rs17823579,47445662,0.4307841765603807
rs9628589,47445673,0.26071003346200317
rs5771917,47445747,0.9470229732652813
rs4925398,47446360,0.9470229732652813
rs8137195,47446652,0.5379489341825148
rs4925401,47447480,0.2905914983157435
rs9628591,47447736,0.7592248704716741
rs11204495,47448015,0.2933392713805064
rs5771702,47451441,0.9145600869593821
rs9617493,47451552,0.6114365012090226
rs5771703,47452099,0.5544426193901536
rs6010577,47452591,0.606720070927681
rs12484312,47453196,0.926224829103188
rs17176694,47453335,0.8345558130744913
rs2057204,47453489,0.5373446609228345
rs1884345,47453961,0.5544426193901536
rs12485086,47454517,0.926224829103188
rs1028503,47455356,0.495289163842611
rs4925433,47455451,0.7597466930239193
rs10483243,47456129,0.7034232184444558
rs130094,47458204,0.24407475417749314
rs743057,47459250,0.25204689598743546
rs5771710,47460737,0.34408393060495013
rs2337488,47462869,0.1345824950908402
rs132220,47463076,0.26335604647234956
rs132221,47463280,0.4236180727090577
rs4244607,47464894,0.9881541697874708
rs6010583,47465665,0.8167835392841067
rs5771713,47466970,0.6246284509194351
rs130106,47467050,0.5690593088516045
rs5771716,47467287,0.3679923622969432
rs130107,47467657,0.4581503178305627
rs5771717,47467676,0.4150941613544171
rs4925435,47471717,0.8755044952731584
rs6010592,47476203,0.6138762534766518
rs733571,47476820,0.42685959696878717
rs733573,47476964,0.8118881181272185
rs743060,47476994,0.5905523802887752
rs910571,47477436,0.7430858828046116
rs132225,47481056,0.8569321833147134
rs130121,47481077,0.928265251381965
rs130129,47482700,0.8440817358399023
rs130132,47483337,0.8329033541624189
rs12166645,47483466,0.8829430717513339
rs4925446,47485894,0.4469145498920343
rs4925449,47486086,0.9506632580829254
rs130135,47487214,0.1803144507975426
rs132231,47488673,0.8894709548222732
rs130141,47489015,0.7769603078487889
rs1884349,47489350,0.8042494289518437
rs132234,47489666,0.9187590025326934
rs132236,47490054,0.8894709548222732
rs130158,47493835,0.4603222307256588
rs130160,47494381,0.6882183064447827
rs13053451,47494598,0.9101322342183826
rs132247,47495382,0.7305055438472646
rs130163,47495683,0.7930470501385728
rs132248,47496383,0.6664497036095447
rs9628605,47496439,0.5674456032352566
rs2337492,47498688,0.5674456032352566
rs2337493,47498802,0.5674456032352566
rs2337494,47498885,0.5674456032352566
rs130167,47500497,0.8786620776507601
rs13057317,47500831,0.6751852046741935
rs13057875,47501237,0.8459416712842648
rs132250,47501445,0.6608488197373927
rs738700,47501686,0.2451975030974065
rs6010603,47502500,0.2451975030974065
rs130191,47504604,0.7858330661625577
rs132252,47504692,0.7858330661625577
rs130197,47505603,0.4185892778091793
rs130198,47505718,0.4048898596113133
rs12157646,47508109,0.9484905019502379
rs130200,47508867,0.32976948918599935
rs6587310,47509667,0.4524329945556935
rs130205,47512617,0.45438843289257835
rs130212,47514891,0.4901993495594763
rs9628523,47515972,0.5405431092916804
rs130216,47517198,0.4048898596113133
rs6010511,47520376,0.476454180626557
rs130222,47522291,0.537146609307392
rs9628528,47523753,0.4349592920599218
rs6587312,47523801,0.5329547821420649
rs132262,47527715,0.15623225283333242
rs130229,47527833,0.2580720753639343
rs132264,47530030,0.05891954959820399
rs9628480,47530106,0.6426014628005723
rs695689,47532305,0.043208809120913225
rs131960,47532905,0.07593835436837934
rs131969,47537309,0.177458992358016
rs9628484,47538566,0.47469893545399555
rs16999844,47540167,0.5018362584244609
rs5771780,47540488,0.020981225325537197
rs16999845,47540937,0.7564116955069539
rs13056461,47541093,0.06643505594895478
rs17177457,47541161,0.30988432168906344
rs13057753,47541323,0.47469893545399555
rs5771783,47541335,0.22126366298735356
rs4925414,47542244,0.3522825651702097
rs135578,47542371,0.34724599070767515
rs5771795,47543599,0.06161917071175551
rs8140684,47544839,0.020095985866748912
rs11703424,47544897,0.5479515780246875
rs5771804,47550122,0.05255810778144897
rs131003,47551097,0.06681534884776939
rs17177527,47552216,0.3298694003396667
rs131009,47554619,0.05229330018459054
rs131010,47555208,0.7285712412101
rs131012,47555813,0.5145528985170476
rs5771639,47557027,0.25103522914899945
rs2027848,47557404,0.2116600931435083
rs131016,47557564,0.6136793250207788
rs131017,47557647,0.6136793250207788
rs131018,47558176,0.8166095919147054
rs2187801,47558698,0.17990389964012898
rs131021,47559621,0.8295691766200624
rs17177677,47561000,0.4480762429684797
rs131025,47561015,0.5393902578903218
rs9628488,47561097,0.7637987118057447
rs131026,47561914,0.06408578056924985
rs6010527,47562226,0.7368144545265467
rs5771828,47562949,0.09174044130017762
rs78492,47562983,0.5171743411677021
rs80515,47564317,0.19549007730933243
rs135582,47565006,0.5772714103485165
rs78446,47565017,0.4716973536887471
rs2337496,47565161,0.3845137120960638
rs2337497,47565552,0.11911473544315902
rs131031,47566541,0.5096250290833126
rs131032,47566921,0.24076256134110718
rs6010475,47567682,0.877930840038271
rs5771651,47573916,0.05729905395481077
rs131043,47576491,0.339722980235895
rs9617449,47578169,0.49362144806505037
rs9617451,47578421,0.49362144806505037
rs9617452,47578470,0.49362144806505037
rs8136732,47578762,0.40317721271759743
rs5771657,47579593,0.7865285058547518
rs9617454,47580850,0.996068754983494
rs5771851,47581322,0.9712727441259981
rs1884194,47582631,0.3188825787043391
rs9617458,47582705,0.9137827676451769
rs1884195,47584750,0.9712727441259981
rs5771858,47586221,0.2064816401185645
rs9617464,47587710,0.1309405639936407
rs742965,47588648,0.1315558645900942
rs9617465,47588806,0.5051639699101177
rs9628491,47589360,0.4806647735121715
rs6010554,47589633,0.14610967692155072
rs9628554,47589736,0.09156103682597641
rs9617466,47589946,0.4736537905946636
rs5771862,47589974,0.22860494203784432
rs9617402,47591096,0.2665524301320743
rs12165854,47593489,0.20478123954278737
rs7285147,47596773,0.4318567038556933
rs12158344,47600038,0.2254573383106968
rs12163450,47600869,0.09014516535416814
rs9325969,47601109,0.2817184412504641
rs7410705,47601152,0.2643958597863416
rs9628506,47601239,0.2536533954735005
rs12628822,47606396,0.236673700309889
rs7511364,47606710,0.8925740158080195
rs4084304,47607039,0.16662035603447545
rs9628578,47609172,0.27569290302466465
rs7288714,47611146,0.08129160676791165
rs7284992,47612380,0.3941775010015681
rs9628508,47612507,0.15745099053868072
rs9628580,47613184,0.08129160676791165
rs7410750,47614513,0.36810839017055785
rs28444486,47617546,0.5294709738464817
rs28683741,47627802,0.8391156812163587
rs28614785,47649289,0.7523545944216892
rs28473531,47649435,0.6552452355358023
rs4075230,47659808,0.1591668466217998
rs6009275,47680209,0.05890554812744733
rs9616419,47681149,0.3686846266639948
rs713700,47681404,0.5849162368025096
rs9627965,47683857,0.09713208637245162
rs9616588,47684350,0.1263111818155705
rs8137815,47686448,0.8512303438073718
rs736696,47688129,0.7213277021191182
rs12171007,47688700,0.39995320194367623
rs8142508,47688761,0.10853884237290215
rs2144250,47690827,0.7190965936004406
rs6009352,47691103,0.43721737125214366
rs6009151,47696471,0.3717007683586412
rs6009447,47699516,0.9383239801194219
rs6009465,47701039,0.6142846954324646
rs1108604,47701770,0.9471416492174892
rs8141372,47701798,0.629744267958231
rs5769415,47702309,0.15623787935773847
rs761639,47703618,0.19131333551653074
rs4239943,47705263,0.9633793065993028
rs4824004,47707693,0.78908286837743
rs4824005,47707784,0.779492458876767
rs2064534,47710342,0.2738748300126389
rs1474834,47710833,0.027172270515021024
rs4823925,47711460,0.4512172840122419
rs17000064,47711530,0.4385275222749271
rs17177852,47712353,0.5134984091087358
rs7284389,47714021,0.5134984091087358
rs5770123,47714397,0.8162088459493718
rs2144251,47716727,0.5968451364084973
rs6009576,47716854,0.01692873693175549
rs2207451,47717016,0.027172270515021024
rs8142551,47719425,0.5134984091087358
rs1004827,47720654,0.6065136978175056
rs1467436,47721234,0.05478230061553664
rs2180055,47722427,0.7974534244751722
rs6009222,47722650,0.027172270515021024
rs13056948,47724326,0.06540899118325952
rs13058249,47724344,0.061750799618455414
rs13058268,47724365,0.06540899118325952
rs7284528,47727462,0.8497861634376228
rs5770398,47729785,0.06161341253467104
rs5769637,47731928,0.024648842800598408
rs5770454,47735385,0.03549956451372256
rs5769656,47735470,0.03549956451372256
rs2024700,47736028,0.03607344226184302
rs41424744,47737332,0.8176139019781676
rs6009715,47737466,0.0870304027349091
rs4824047,47737771,0.6669043178005805
rs6009730,47738998,0.043730666791009516
rs4823940,47739117,0.04103962076285576
rs5770498,47740435,0.03447688627139914
rs11090981,47744579,0.002864020847566482
rs9628050,47744757,0.002864020847566482
rs6009284,47744801,0.5745002791832501
rs6009285,47744969,0.2188711506471651
rs9628061,47746228,0.004914464757794994
rs9628063,47746428,0.624022941116356
rs9628064,47746576,0.5867822672349431
rs11704020,47746601,0.0024827015355733694
rs4823946,47749853,0.5614888197700857
rs9627753,47750123,0.1194438241476505
rs5770581,47750784,0.15978729944185532
rs5769705,47751360,0.8109780044359448
rs4824067,47752127,0.5638683158743122
rs13055090,47752285,0.17193684118417052
rs17824774,47755997,0.1427704620106547
rs5770632,47756281,0.6522691320648515
rs13057604,47757167,0.2172353285343338
rs5770658,47758540,0.389189325058519
rs13053638,47758769,0.27047107651858904
rs5770661,47758835,0.8787149429335889
rs11090996,47760413,0.6761563325847666
rs10483245,47760593,0.16659603899459996
rs5769733,47761598,0.9053800988917513
rs742976,47763897,0.5041939654231926
rs5769740,47766364,0.3924907051392804
rs5770690,47766660,0.9174989405741858
rs9616350,47766714,0.16137772485849144
rs9616743,47766867,0.16551822244422976
rs738603,47782417,0.10799946127608126
rs2873699,47782516,0.3362184791264756
rs34189568,47784030,0.38833577771878136
rs7289198,47785419,0.5486029048524343
rs1011642,47785528,0.6314966695047437
rs7285039,47786388,0.629328585892206
rs1535123,47786556,0.15483845564561785
rs932497,47787120,0.629328585892206
rs12168529,47787133,0.6314966695047437
rs4140463,47787922,0.19043590350021744
rs17224987,47788395,0.38833577771878136
rs4823966,47790053,0.5976192493911414
rs17824864,47790706,0.8636004275072096
rs2318432,47791598,0.9861689380242281
rs5769373,47797599,0.511380582068993
rs1548245,47798201,0.4238345644087965
rs8141575,47800230,0.6370521521641862
rs5769806,47801380,0.38735178542947357
rs5769807,47801543,0.6178397125952171
rs4823969,47802067,0.38735178542947357
rs4823970,47802263,0.6158630625611774
rs4823971,47802405,0.32393549893395557
rs17178433,47802839,0.7259074057610513
rs9616407,47802855,0.4253339185456234
rs6520069,47805840,0.5060761640961662
rs12158061,47807235,0.36554706289165084
rs9616409,47808628,0.35502823911023673
rs6009365,47811609,0.7541503926082318
rs5769817,47812438,0.7541503926082318
rs5769820,47813051,0.8057883782703816
rs2064542,47816920,0.9017984797129454
rs13054825,47817327,0.39185022329827834
rs9616413,47817522,0.7541901465784085
rs9616414,47817597,0.8606808890712059
rs5769835,47817706,0.6257849339258876
rs13053967,47817963,0.36554706289165084
rs5769389,47820135,0.7446205818701696
rs5769840,47822008,0.70215027721187
rs5769842,47823980,0.9583458799037162
rs11702959,47824485,0.6291663893911206
rs11703580,47824740,0.6479773999852618
rs9627816,47824769,0.20116529257796556
rs9616417,47825075,0.9386044669769931
rs5769391,47827685,0.5069976378952343
rs17178683,47829670,0.7337552837939619
rs727080,47830859,0.7337552837939619
rs17766010,47832098,0.7337552837939619
rs17000271,47832385,0.3062272383678022
rs5769849,47832620,0.7452888119934391
rs6009142,47834595,0.6914083943655552
rs4823984,47835622,0.6530293048623399
rs738617,47836135,0.41101292541320844
rs17000275,47838112,0.4662824904979772
rs17766028,47838134,0.6481516975760464
rs6009147,47839632,0.8232152846690596
rs13056160,47845151,0.6324638012093865
rs6009399,47845948,0.8197698080515646
rs6009400,47845962,0.8192664861031724
rs6009401,47845972,0.8192664861031724
rs5769857,47846559,0.3001743004443691
rs11912132,47846585,0.5957243807710163
rs4823986,47846595,0.8596824417560153
rs6009408,47847768,0.3275471882388187
rs9627832,47850525,0.7622838890074428
rs12166001,47850745,0.31046242309023375
rs5769866,47853489,0.31422713258961454
rs5769867,47853664,0.31422713258961454
rs5769393,47853835,0.38453004971473226
rs5769871,47857523,0.2546636344276505
rs5769396,47859224,0.15522155870930868
rs17766166,47861609,0.9147029084499796
rs4823990,47862407,0.29586810064624525
rs926758,47862762,0.35523720680170867
rs17825322,47867250,0.02146968240910184
rs9616228,47867728,0.5303691151403449
rs910308,47870537,0.7874439943056472
rs926761,47872494,0.9168576711401824
rs5769888,47873196,0.21460186591573827
rs5769889,47873324,0.7189582944256055
rs2179888,47874929,0.9154858293361923
rs9616426,47877580,0.9302800170531234
rs7292709,47878788,0.7249070233848182
rs7285186,47879050,0.5949060791135609
rs135210,47889081,0.6495535877854568
rs11912439,47889134,0.5788683356835483
rs11913871,47890711,0.5788683356835483
rs80571,47890837,0.6416897790359507
rs6009168,47891435,0.20176719477018645
rs7289310,47891509,0.20176719477018645
rs17000399,47891952,0.5788683356835483
rs13054207,47892260,0.20176719477018645
rs6009463,47892458,0.20176719477018645
rs135217,47895888,0.23464371517664995
rs6009173,47897365,0.08177617145035061
rs17000421,47897487,0.5788683356835483
rs135223,47898168,0.09692245452016567
rs135230,47899667,0.5098893818746237
rs75993,47900279,0.10245750143778506
rs135231,47900341,0.10245750143778506
rs6009480,47902863,0.049816823279897636
rs17179187,47903228,0.11013563699393784
rs7292563,47904448,0.36063719904258773
rs1547426,47904728,0.07160132768230056
rs11090929,47907084,0.07160132768230056
rs1981477,47910432,0.14349598643872538
rs135247,47913657,0.7494773014516273
rs135248,47913787,0.4135965899475599
rs739193,47914950,0.8416693017264105
rs9616438,47916287,0.8509735118483519
rs135255,47916367,0.8845603413296512
rs135256,47916429,0.9390054337673821
rs135257,47916557,0.8845603413296512
rs135258,47917412,0.04611309786202079
rs6009503,47918047,0.11408920605665882
rs1024337,47918222,0.4321360480820998
rs1024338,47919286,0.13121320898029248
rs9616446,47920992,0.7068821657312772
rs4823998,47921109,0.144210017801889
rs17766510,47923330,0.47755262227163986
rs9616239,47924254,0.17573657525599706
rs9616456,47925403,0.12213929636606209
rs9616457,47925588,0.2179936160701914
rs5769425,47925771,0.17573657525599706
rs6009180,47927243,0.22891757823535985
rs8138575,47927423,0.7816594997428553
rs5769939,47927537,0.025007038424408587
rs737804,47928110,0.7358845461574812
rs737803,47928150,0.025007038424408587
rs5769941,47928225,0.01844896514837856
rs12628548,47931808,0.028186091724779008
rs910309,47933502,0.048436080288801635
rs9616250,47936180,0.0234611452270149
rs5026574,47936798,0.2172162113766093
rs5769966,47938808,0.6289995775440012
rs5769967,47938881,0.06793824573861497
rs4823920,47943360,0.44490045114368604
rs5769440,47945246,0.17718156425379583
rs9616472,47945602,0.13283043340911457
rs7288868,47951408,0.035447878802533764
rs929029,47951498,0.0032572254106218628
rs9627883,47952430,0.04828456215644766
rs7290456,47954234,0.21557640321032845
rs7288176,47954466,0.37220660244087156
rs7285514,47954656,0.5073788084944649
rs2187769,47955246,0.5231413337987351
rs9616477,47955295,0.4714022468532718
rs8141990,47956459,0.5975517725899122
rs6009531,47957366,0.22185660604427093
rs4315635,47957534,0.3177347480742748
rs12628771,47958001,0.2961229236826486
rs12627779,47958072,0.2961229236826486
rs5769986,47958169,0.6350834176460489
rs9627889,47958678,0.024849360283508388
rs9627893,47958944,0.024849360283508388
rs737834,47959194,0.18685561706517873
rs2318942,47959509,0.18685561706517873
rs2318943,47960513,0.5231413337987351
rs4621267,47960995,0.024849360283508388
rs12628449,47961177,0.2961229236826486
rs5769444,47963310,0.41356015240244515
rs5769994,47963424,0.41356015240244515
rs1023466,47963794,0.5729036149838389
rs734488,47964289,0.07905144327319821
rs12628332,47964657,0.2596203435252902
rs5769446,47965145,0.9456003416172819
rs6520082,47966652,0.2141895938499796
rs6009536,47966914,0.12097293770839673
rs11090936,47968578,0.46445978864356996
rs9616486,47969023,0.0035007475242815234
rs11704670,47969039,0.2730382919854676
rs6009190,47969672,0.7338070721159133
rs2873857,47971162,0.23716055928168378
rs713871,47971938,0.5456520883431234
rs17179677,47973069,0.6456615295244454
rs9627899,47973630,0.9327372229571177
rs743802,47974831,0.22996664086965468
rs9616489,47975090,0.6779540789626881
rs762937,47975108,0.7803949448530155
rs9616264,47975118,0.7182406935825991
rs11704665,47975167,0.9327372229571177
rs940114,47975247,0.5456520883431234
rs2858579,47977193,0.5762636724666683
rs739079,47977447,0.3823496993902292
rs1005491,47978086,0.09303882988056351
rs5770011,47978813,0.9731254215406243
rs12628235,47979080,0.09331342123361025
rs737832,47979851,0.03740880600158985
rs6520088,47980018,0.7870171479276185
rs2873859,47980522,0.34132148300716536
rs6009542,47980561,0.07379493975054273
rs2858582,47980595,0.05148864543641168
rs5770018,47981564,0.07226130354704614
rs11705420,47981760,0.36507278560123724
rs5769452,47981818,0.07226130354704614
rs9616495,47983210,0.6794581118310203
rs2157232,47983471,0.588157132145197
rs2858589,47984949,0.2567081091934348
rs1107799,47988056,0.7898423034129479
rs6520090,47989671,0.8435879358163196
rs6520091,47989697,0.8435879358163196
rs2253004,47989977,0.7898423034129479
rs743803,47990194,0.4423476922224443
rs2688179,47991522,0.20602001682595028
rs916247,47995550,0.7934486389706262
rs916249,47995693,0.2934546814136654
rs2688173,47996161,0.2318804588536051
rs8140508,47996263,0.3638600490464131
rs2688171,47997107,0.7898423034129479
rs2091051,47999013,0.3525564699489291
rs2858602,48003008,0.9783524130475427
rs2688158,48004823,0.7898423034129479
rs2243748,48004915,0.7898423034129479
rs2688155,48006931,0.7898423034129479
rs6009193,48008787,0.2925846641993597
rs2858612,48009185,0.20602001682595028
rs6009556,48011074,0.7896551582239362
rs2858613,48011290,0.41034501569000614
rs739086,48013050,0.6068536110013506
rs739087,48013129,0.5906312255047281
rs2688119,48013854,0.5906312255047281
rs17179935,48014168,0.2870407734721455
rs2688115,48015233,0.1622344653919735
rs1533926,48017221,0.21878616897642422
rs1984677,48017664,0.5371390290770813
rs916251,48019900,0.3931702538963475
rs17000683,48019934,0.5609232729834089
rs9616526,48020077,0.7010053287166869
rs762942,48020472,0.1622344653919735
rs762943,48020918,0.575380899617205
rs5770111,48022145,0.3813974748041016
rs5769491,48022172,0.3813974748041016
rs2688146,48022904,0.3813974748041016
rs2688143,48023745,0.4523246845785399
rs6009565,48026303,0.15486620661792058
rs2858631,48026789,0.9054060194306757
rs2858632,48028001,0.9444083418564523
rs767219,48028474,0.0764322995658062
rs2688140,48030344,0.20996776648247883
rs6009567,48032568,0.2069406978697036
rs2097379,48032704,0.20996776648247883
rs2858636,48033570,0.20996776648247883
rs2688136,48033890,0.20996776648247883
rs2858638,48034940,0.9150319508987926
rs2858639,48035728,0.20996776648247883
rs2688133,48036161,0.20996776648247883
rs9616534,48036422,0.20872189297954447
rs6009568,48037712,0.09779861318465785
rs2858641,48037781,0.03052320447400367
rs2858642,48037941,0.09248868392245951
rs5770142,48039033,0.9875785572339307
rs8137734,48040463,0.3344805021741031
rs7291215,48042589,0.25237545604460376
rs2858649,48046496,0.7385001565388999
rs1880008,48047141,0.025730653730040298
rs2019707,48055300,0.06310674110766998
rs916239,48055747,0.41672440191373783
rs17825961,48055889,0.6832785676438822
rs9616288,48055929,0.924223859191668
rs7286933,48055976,0.23430777537565395
rs848709,48056138,0.5547521302565679
rs848708,48056195,0.5728424082004631
rs762925,48057601,0.23430777537565395
rs5769520,48057780,0.1720495570451418
rs2858524,48059739,0.5969208721439014
rs2091049,48061049,0.530107814058544
rs5769526,48061672,0.5987689941647072
rs5770180,48061962,0.6927035012987559
rs2858534,48062613,0.26827418511037415
rs2858537,48062839,0.7192738120927316
rs6009583,48063650,0.1079448861342505
rs2318955,48063820,0.660837726644578
rs8136272,48064786,0.09421218229257357
rs9616550,48066405,0.5352813837988073
rs2858500,48067235,0.045292587505563864
rs17245482,48067259,0.11696231066934772
rs2688098,48068960,0.08542868060451775
rs717336,48069777,0.5400809942949824
rs10483246,48069909,0.30978498809585286
rs2157208,48070114,0.49416959389608006
rs7290877,48070422,0.9876358994200176
rs2157210,48070470,0.5400809942949824
rs2187753,48070584,0.5400809942949824
rs2688094,48070833,0.6233012125055378
rs719263,48071459,0.5175480027593281
rs2858508,48072287,0.2577930802199002
rs7286313,48072442,0.08603158581172114
rs7286890,48072663,0.3281220256413009
rs7287200,48072900,0.16572558447516228
rs13057163,48074349,0.34645950467306097
rs5769541,48074408,0.7493854712663026
rs2858509,48075316,0.7587800831025879
rs2688088,48075967,0.9924857208751583
rs762926,48076624,0.19743197631622933
rs2243690,48076993,0.2754539633473603
rs1985101,48077278,0.43029174022686045
rs762927,48077304,0.2754539633473603
rs762929,48079640,0.8978753498730955
rs7289034,48082013,0.24383908229442053
rs2688081,48084430,0.8650897129980023
rs1894481,48086453,0.48765120627150715
rs916240,48086554,0.34534825725629203
rs2019901,48086718,0.7824753202969597
rs5769554,48088021,0.8329740221674373
rs1467905,48090627,0.46771607916146496
rs2688075,48091014,0.640209305417687
rs1403557,48091482,0.4759350466685932
rs1124544,48092437,0.4596954618725072
rs2858522,48092581,0.5657648919586877
rs8135938,48094496,0.36912098682195427
rs739049,48094617,0.3297059414405715
rs2858525,48098196,0.4998630503971151
rs11705621,48100521,0.05919442273242942
rs7287432,48100673,0.3470836616363421
rs7287593,48100785,0.3470836616363421
rs848768,48104037,0.5906545486571719
rs2301407,48107642,0.06695493423327965
rs848756,48108929,0.8268457654954172
rs5770245,48109374,0.5556179261651643
rs12169496,48109439,0.1496348553599048
rs12628115,48109459,0.893662631510293
rs11090946,48109505,0.824302162292056
rs848751,48111884,0.7208532730168815
rs848750,48112031,0.40038922878516203
rs11703981,48114058,0.14557396250987542
rs848749,48114794,0.4184029804319467
rs1003845,48114921,0.22207386478647906
rs860237,48115562,0.4841063281439496
rs17000793,48117741,0.534734086085235
rs848742,48118026,0.8978632516532448
rs860236,48118077,0.9952472410726887
rs5769568,48119200,0.8458471893909707
rs848738,48119662,0.9952472410726887
rs5770257,48121774,0.28703199073230223
rs848734,48122959,0.3215104344443527
rs848733,48123071,0.846900032149279
rs848732,48123243,0.2554667714451624
rs8138195,48125751,0.8998265309300243
rs708445,48126634,0.5952179989840305
rs848728,48126750,0.5217329298448985
rs2858535,48127213,0.43024882342516557
rs848726,48127964,0.6577245844432191
rs2301410,48128438,0.5085502867751863
rs848724,48128526,0.2196799100075213
rs929025,48128893,0.4704443990350238
rs737844,48132919,0.9515276672093096
rs708450,48135716,0.7863264547355748
rs708451,48137327,0.317172233796996
rs2177321,48137422,0.9258647105396515
rs848711,48137516,0.9246756948372123
rs848710,48138336,0.057313580595057714
rs9306530,48139118,0.3447122147293403
rs12628573,48139208,0.4710485197037301
rs1523210,48140426,0.46030863300916025
rs5769590,48141481,0.49426307505189526
rs5770288,48141816,0.2022656731321626
rs1403558,48142184,0.9738318026899595
rs2319176,48144922,0.21516044431522097
rs2007314,48145264,0.19563726319504882
rs2269519,48146230,0.3156310886850745
rs2269520,48147268,0.3232532082247852
rs12484636,48150052,0.669398141461336
rs1476003,48150067,0.9666069127015241
rs12170141,48150459,0.948608352335792
rs12484387,48150547,0.5575029262875768
rs6009231,48150883,0.7125000826040273
rs5770310,48153414,0.6214599793621851
rs968517,48153783,0.16648134168925255
rs739053,48154681,0.021628957092606274
rs9616300,48160603,0.03164388143779695
rs5769604,48161155,0.021500144941949125
rs1023453,48162125,0.04143770729085798
rs5770341,48163006,0.021628957092606274
rs9616302,48163199,0.011587990013283799
rs737356,48163738,0.8529432083826943
rs5770343,48164928,0.49780319253540783
rs5769607,48165590,0.03069986247237778
rs5770363,48169514,0.6529839639180897
rs713905,48170358,0.4389225195157138
rs713997,48170595,0.39455764902755586
rs11705496,48170671,0.6341596516957144
rs5770369,48171649,0.4938631351633592
rs5770370,48171680,0.8649738228493092
rs7285315,48171707,0.2275797549848897
rs5770371,48171733,0.8417139064109339
rs9616600,48172830,0.9648996623415078
rs2319178,48172913,0.4938631351633592
rs2873922,48173082,0.4938631351633592
rs5770376,48173190,0.4938631351633592
rs8140231,48173518,0.46426041100708937
rs1894480,48175022,0.4487123685405886
rs1108785,48176541,0.5603458139208954
rs5770391,48176717,0.4938631351633592
rs17826297,48179221,0.520476471421772
rs713727,48180346,0.3451028933336492
rs4824031,48180413,0.8145199340871819
rs5770403,48181514,0.9727853012077464
rs5770406,48181783,0.9009834538577866
rs17767912,48183068,0.7411953254364474
rs4824032,48183814,0.807652633135997
rs4823934,48184015,0.7163313538694782
rs13054400,48185402,0.1841351748039618
rs5770415,48185844,0.14628543538079455
rs9628003,48186086,0.09368038699332905
rs764245,48186111,0.648448090572894
rs960966,48186380,0.32362594472538
rs136771,48186449,0.9010098474368935
rs136772,48186471,0.9468392611482422
rs12166144,48186750,0.9963364871440871
rs7286586,48188113,0.5508801057187176
rs136773,48188454,0.45541408608476186
rs5770417,48188598,0.37139029296465753
rs4824039,48189012,0.15731640046705586
rs6009661,48189112,0.4951397661292557
rs6009663,48189591,0.12698525053905765
rs9628012,48191184,0.01874885567032219
rs6520114,48192604,0.013266266768167966
rs6009666,48192867,0.013266266768167966
rs17181008,48195007,0.12548273323458797
rs6009245,48195316,0.06861630689429128
rs9628015,48198227,0.1627538733275289
rs17000931,48202368,0.08957127045621165
rs9616305,48202595,0.4725576111265142
rs11704717,48202636,0.44935876369456884
rs11704722,48202675,0.35028136274993005
rs7287788,48203201,0.35028136274993005
rs5770421,48204123,0.02773763047456121
rs17826616,48207419,0.3215279025076212
rs136778,48207973,0.09415294223481262
rs136782,48209228,0.06536255335660518
rs5769644,48211407,0.7134783974072967
rs6009251,48211922,0.2287992377373369
rs17000964,48212385,0.3173274773971052
rs136790,48215122,0.22642467335644634
rs13054180,48215331,0.7769622842278796
rs136794,48215521,0.22275608789808055
rs136796,48217393,0.6800594391658248
rs1076915,48217432,0.22532326458788576
rs6009689,48218074,0.7770158262895149
rs6009256,48218135,0.8876722175898917
rs12159113,48218697,0.29144506288497185
rs9616309,48220030,0.6005161392733667
rs1016809,48220751,0.27951529952961784
rs136800,48224668,0.7394103713385802
rs1076917,48227074,0.36568974966738854
rs8138283,48227483,0.6609144361047019
rs714006,48233723,0.36181856999497275
rs4824042,48235028,0.27472298485216606
rs7290137,48237216,0.05633631448727
rs5769657,48241678,0.13866719324026486
rs4823938,48247037,0.5616491065062534
rs5769664,48247919,0.6978029142342709
rs5769668,48249698,0.6978029142342709
rs1534878,48251886,0.3788356305755969
rs8136911,48253935,0.05148709149989239
rs6009720,48259500,0.7079717129288974
rs12158315,48260140,0.7079717129288974
rs1003499,48261897,0.35592566657857194
rs4605480,48262935,0.1638691736965271
rs5770482,48263879,0.876351789320544
rs12167775,48264297,0.041688793815250695
rs5769676,48265719,0.0904159405356578
rs4824048,48272284,0.7354170309487751
rs9616660,48274963,0.04575620588336006
rs9616663,48278172,0.7077919274134317
rs9616664,48279192,0.6781289621780172
rs13053660,48279413,0.45945191291064336
rs12168883,48286162,0.2784399913620942
rs11090974,48287612,0.2570510316530501
rs11090977,48287850,0.2784399913620942
rs12166142,48287959,0.2784399913620942
rs8141008,48294372,0.6957433146541059
rs9628038,48294822,0.2784399913620942
rs7289185,48295153,0.2784399913620942
rs7287161,48295515,0.2784399913620942
rs8136644,48295895,0.5652769925574784
rs9616668,48297186,0.8080855579731415
rs134474,48297226,0.12852233346158734
rs2873932,48297529,0.949931812917379
rs470018,48297812,0.9858876893660864
rs134472,48297912,0.9193903764898381
rs470017,48298004,0.13338613931281698
rs10854872,48298410,0.9795216269128827
rs134468,48298830,0.552441274546583
rs134467,48299026,0.552441274546583
rs134466,48299100,0.4303367574876852
rs134461,48301819,0.6083516363582945
rs134458,48302537,0.17784807452938434
rs6520124,48303939,0.8802380160918185
rs134456,48304821,0.17784807452938434
rs717314,48307720,0.6050086317095883
rs134454,48310663,0.09653191990915934
rs3810643,48310933,0.08876428687595184
rs17779492,48311272,0.08876428687595184
rs470014,48312971,0.38985330347868286
rs134447,48313336,0.2823212892322562
rs728028,48313502,0.10823028915586345
rs8136975,48313720,0.4482914227692759
rs4824055,48314022,0.9469800264928468
rs4824056,48314077,0.5810401137832154
rs10483249,48314173,0.561468936824173
rs1807723,48314526,0.5190447568661082
rs1807472,48314593,0.700658265971863
rs17001121,48315669,0.3553147622156192
rs4824059,48316459,0.9313491982564845
rs5770527,48318142,0.27988793517038535
rs135775,48325313,0.9743950364956253
rs135776,48325326,0.6490169562267731
rs135783,48328824,0.573730425314825
rs2071896,48329500,0.7266073901807433
rs135785,48330068,0.7266073901807433
rs135789,48330961,0.3278621388869427
rs9628049,48330995,0.48639394401309866
rs135793,48332909,0.3195185230456262
rs135794,48333160,0.3195185230456262
rs135796,48333793,0.3195185230456262
rs135798,48334089,0.18544484227236402
rs763124,48334254,0.5062581391526687
rs135799,48334326,0.3195185230456262
rs135800,48334738,0.24532910649550654
rs135804,48335655,0.3195185230456262
rs135809,48336212,0.6551006560649532
rs135810,48336673,0.3195185230456262
rs135814,48337178,0.3195185230456262
rs135819,48341494,0.8281825895271259
rs135821,48342012,0.3195185230456262
rs135823,48343675,0.3195185230456262
rs7284633,48344495,0.3195185230456262
rs135824,48345056,0.8045264033696712
rs135826,48345462,0.40722795642978094
rs135827,48346233,0.9984809584192353
rs135832,48347555,0.9984809584192353
rs2319345,48347688,0.9229284436742663
rs1008320,48354724,0.8568662841503388
rs135850,48362059,0.8045264033696712
rs9627749,48364027,0.3553147622156192
rs9627750,48364219,0.3553147622156192
rs135853,48364457,0.8045264033696712
rs5770562,48364506,0.608628943556349
rs2071893,48364579,0.5555013751694264
rs135854,48365092,0.8045264033696712
rs9628070,48367664,0.3553147622156192
rs10854874,48370692,0.8099123536948641
rs5770567,48370971,0.608628943556349
rs763126,48374578,0.1606701397927931
rs2007024,48374819,0.3310472323354542
rs2187891,48380098,0.2227434536936903
rs5769698,48383710,0.1606701397927931
rs5770574,48383971,0.876683239479406
rs9628072,48386062,0.3553147622156192
rs11090987,48387485,0.3502133205661223
rs763127,48392082,0.21960380555950942
rs135874,48397754,0.9031586401303613
rs17001199,48398314,0.3553147622156192
rs135876,48399577,0.4433535014409463
rs135877,48400006,0.4433535014409463
rs7288869,48401331,0.23781193592204342
rs916362,48403238,0.26593276767099716
rs5770594,48404501,0.19092954570939524
rs9616694,48405817,0.6632382286261189
rs9616329,48412318,0.49903050367148927
rs2071904,48420481,0.15444203542807927
rs2239843,48420991,0.8881014067719223
rs739236,48427606,0.32830324266882815
rs1107514,48428387,0.32830324266882815
rs5770619,48430520,0.27988793517038535
rs8138399,48430828,0.1779462230130392
rs9616333,48436851,0.15444203542807927
rs13055216,48437993,0.8881014067719223
rs739240,48438611,0.32830324266882815
rs11705166,48440394,0.42945660542536923
rs739243,48443215,0.26049362780970076
rs6009810,48445544,0.5335152647245044
rs739244,48446162,0.5915860803003111
rs5770633,48448431,0.5915860803003111
rs5770638,48455837,0.5437557537090638
rs4337585,48456995,0.6900950305552108
rs739246,48458127,0.6900950305552108
rs2012378,48458759,0.10725178573039154
rs8135992,48459258,0.9672620360254717
rs5769726,48462300,0.04336034010165543
rs5770650,48463366,0.046818038910027615
rs5770651,48463535,0.20835958617128858
rs760841,48465137,0.3172014704909144
rs760842,48465438,0.4181080091390009
rs4239946,48471224,0.5744326061943246
rs6009820,48471460,0.5752717341338751
rs6009822,48471735,0.49444596958049103
rs6009824,48472377,0.9156903377350574
rs5770662,48472409,0.5744326061943246
rs9616340,48472812,0.893588229214622
rs742271,48473341,0.990792301529157
rs4824077,48477056,0.39516568492216353
rs4824078,48477076,0.9868205382270715
rs4824079,48477195,0.9448168899848706
rs4824080,48477363,0.9868205382270715
rs738413,48478152,0.33293686445258186
rs738414,48481780,0.8608510557310932
rs738415,48481817,0.28337448094177164
rs713830,48481837,0.9306699809285398
rs738416,48482509,0.28337448094177164
rs4824083,48485654,0.9464869113092811
rs17001267,48486315,0.5721281689103311
rs139778,48489813,0.9252940342965259
rs6009309,48491004,0.9625648052321589
rs17827686,48493400,0.690043659254807
rs6009839,48494995,0.5785060516591471
rs4824087,48496693,0.47620214572808894
rs17001272,48499088,0.4051694445493246
rs12171156,48499189,0.7631770188985562
rs6009845,48503195,0.4311627964424104
rs4823954,48505889,0.2603353768758868
rs9616730,48506259,0.5800022564956662
rs139784,48506354,0.19663274435407674
rs4824090,48506529,0.9486947226577872
rs139789,48510098,0.9301783542895254
rs139808,48518383,0.5800403897667761
rs139811,48520208,0.9301783542895254
rs139816,48524637,0.6810485021781716
rs10483250,48538572,0.8948388585084182
rs6009870,48540686,0.510547535952979
rs138809,48545076,0.4477471653174576
rs138820,48550082,0.31730223723636686
rs916418,48555209,0.9875001207296499
rs916419,48555425,0.9875001207296499
rs138827,48558285,0.687836126756046
rs138832,48564086,0.2567509973110479
rs6009874,48564292,0.74109050965667
rs138840,48567919,0.5373814796652427
rs138841,48567964,0.2567509973110479
rs138843,48569166,0.16478037554464142
rs138845,48571196,0.8729463921987249
rs4824100,48577894,0.11974715509902105
rs6009878,48578178,0.7441199541114925
rs11913210,48581196,0.18081053629941712
rs138863,48590277,0.5373814796652427
rs138866,48591907,0.5274902583099663
rs138867,48593707,0.5274902583099663
rs2239848,48602758,0.6509288272150404
rs138880,48604615,0.5274902583099663
rs138886,48611154,0.6664020000973796
rs138887,48611437,0.6664020000973796
rs138897,48617071,0.5274902583099663
rs5769750,48623599,0.6894113027065578
rs761879,48627214,0.571299790788103
rs4141437,48629723,0.3214711887713594
rs3788731,48630781,0.6694971207106242
rs8139718,48632699,0.6638192885468805
rs761878,48635681,0.7139235144886551
rs1033665,48638131,0.701602578470029
rs1033666,48638787,0.5666851340419724
rs11703411,48644755,0.6958225346730558
rs2295407,48646908,0.3214711887713594
rs5770741,48656219,0.701602578470029
rs6009339,48659895,0.9981605428776211
rs910796,48663839,0.8885673199802012
rs910798,48664442,0.8387396746252116
rs910799,48664572,0.4646382985921892
rs910800,48664646,0.701602578470029
rs5770755,48666140,0.701602578470029
rs17001403,48667191,0.6638192885468805
rs2092982,48668208,0.6245747050075137
rs6520141,48674349,0.44833567857731227
rs9616770,48674594,0.9180062465173477
rs6520066,48680992,0.5726779944669238
rs1321,48683439,0.5726779944669238
rs11704238,48685923,0.9975661033193083
rs9627789,48686566,0.4839882641739922
rs8135963,48687480,0.5726779944669238
rs9627644,48687668,0.7748884171423573
rs9616204,48689534,0.5726779944669238
rs9616370,48692320,0.5846985154319602
rs7511620,48693936,0.3621401086203989
rs9616380,48698229,0.3621401086203989
rs9616388,48699442,0.41613275014354756
rs7410773,48699731,0.3214711887713594
rs9616393,48700813,0.8028913542446025
rs8139422,48701367,0.24220974210469093
rs7410318,48703053,0.27556331295051273
rs7410537,48703334,0.3113597493331475
rs9616217,48704950,0.403713606144266
rs11545763,48705174,0.5304455009007156
rs1608,48706947,0.44833567857731227
rs7287579,48707627,0.5725654384164869
rs28460675,48718009,0.6553557494498672
rs4073387,48719419,0.30343911992201544
rs28479081,48731733,0.2667036231156218
rs28523622,48733049,0.7633421633655668
rs28649122,48735648,0.4836286170856172
rs28449609,48736012,0.41424032150121926
rs28372448,48736975,0.5982565758157237
rs28681372,48737981,0.3791381285121489
rs34597827,48746549,0.5197146226710612
rs4838818,48777213,0.6396561933145499
rs5771069,48777607,0.5935565039595861
rs4838838,48779499,0.863382737436633
rs137845,48781557,0.8208344909769236
rs137848,48782423,0.8208344909769236
rs9617104,48782778,0.6120068508704977
rs137856,48786611,0.7502137015850512
rs5771222,48787831,0.6401873877328099
rs137862,48788677,0.7406570227163939
rs137864,48789115,0.9939715835847054
rs137866,48789511,0.840556567239815
rs713669,48793898,0.6567659554848299
rs137876,48794334,0.8337742445049983
rs137878,48798918,0.869894446732007
rs137879,48799168,0.6708071675572804
rs137880,48799889,0.8199538966390949
rs137885,48805358,0.31002578174451745
rs137886,48806524,0.18901056507734393
rs137887,48806566,0.18901056507734393
rs137888,48806623,0.2609724171745217
rs11101958,48812643,0.6557630866162858
rs12484423,48814839,0.6994641196377425
rs1079653,48816984,0.43319673716294893
rs1010282,48817070,0.6994641196377425
rs5771131,48820955,0.4861705652488646
rs1883291,48821171,0.4212551409746199
rs9628315,48822235,0.4861705652488646
rs5771315,48823053,0.164824021867094
rs137905,48827020,0.4507077879558228
rs137906,48827920,0.30614284456244356
rs137907,48828719,0.44376839191895834
rs5771323,48828816,0.8335486485509511
rs5771133,48833277,0.14524274317752678
rs137916,48833840,0.3457863257986632
rs6010161,48834248,0.4624575509199137
rs7290681,48834362,0.9369588503082192
rs3817809,48843612,0.449334970244622
rs2294385,48846573,0.1769508629117219
rs2076136,48851323,0.4640087401762567
rs2294394,48852385,0.15033634095648918
rs5771362,48855532,0.5538568412093279
rs6010165,48857400,0.2687406696252368
rs137926,48858322,0.8724962736765655
rs4838816,48859456,0.726876177999621
rs11568172,48860942,0.538105318432755
rs11568171,48865544,0.10156573344091802
rs137930,48865560,0.22300121033558484
rs4838820,48869945,0.33420990584898147
rs9617018,48871043,0.9487905564261637
rs738490,48872778,0.8724962736765655
rs6010168,48873331,0.19907547812196003
rs4838823,48877036,0.15472658213827603
rs9628282,48877079,0.21355493116587132
rs12169319,48880028,0.5526060900392262
rs17247883,48882476,0.06513923972218279
rs9628283,48882893,0.4515157626296621
rs4838830,48884249,0.15785827334990254
rs9617024,48885887,0.12110635094131877
rs4838831,48885973,0.2158961326974066
rs4838832,48886127,0.16249788267422927
rs3810971,48888793,0.12110635094131877
rs138216,48888924,0.21355493116587132
rs3810973,48888995,0.12110635094131877
rs3810974,48889027,0.12110635094131877
rs2340597,48893951,0.15472658213827603
rs4838839,48894405,0.12110635094131877
rs4240525,48894863,0.12110635094131877
rs882753,48897762,0.9487905564261637
rs760749,48897813,0.7467405127612592
rs138223,48898458,0.11107188302867517
rs138224,48898614,0.08158909469429097
rs909693,48898863,0.06513923972218279
rs138228,48899247,0.8189765247484304
rs9617081,48899362,0.8724962736765655
rs138229,48899534,0.22612679854952944
rs84504,48901374,0.9252188971572004
rs138238,48905267,0.850890277755451
rs138240,48906308,0.8189765247484304
rs5771077,48906662,0.8724962736765655
rs6010138,48907441,0.9065658072780949
rs13055917,48908962,0.12451535820098301
rs41520749,48910194,0.21355493116587132
rs138249,48911917,0.8449335022428264
rs3736686,48914533,0.8724962736765655
rs2340601,48914600,0.08814203914479372
rs2142850,48917487,0.0963375759511378
rs2272835,48923834,0.07307723192374446
rs760750,48924017,0.05327870851169426
rs2272836,48924677,0.4377296132960524
rs2272838,48926328,0.07307723192374446
rs4838811,48927569,0.07307723192374446
rs2015453,48928930,0.07307723192374446
rs2015446,48928994,0.05224054314236954
rs138270,48930106,0.3279414969832153
rs138271,48930258,0.1818388756910625
rs12484907,48930440,0.6827917727111297
rs8135747,48937562,0.38612774001726013
rs5771086,48937969,0.7300431523111106
rs13057433,48938181,0.7216759795413317
rs760753,48939672,0.23617974538901942
rs4838857,48943190,0.050724401958429234
rs9628267,48943848,0.393270429231772
rs11101951,48949538,0.7216759795413317
rs3817816,48951780,0.46899139567424364
rs6010198,48952755,0.24977591563229107
rs4838858,48955220,0.5553747535571538
rs4838859,48955329,0.47559230630725147
rs5771204,48956603,0.3249871968660303
rs6010152,48960405,0.5267648375709817
rs2295226,48960865,0.34215140466003835
rs13053855,48963395,0.8769197026351205
rs7288889,48967293,0.6518595361916953
rs738338,48967927,0.2235830240786939
rs1555050,48969380,0.5628375572987594
rs5771217,48969831,0.7829381524464921
rs735119,48970873,0.30301412013947704
rs760756,48973100,0.34673420664859633
rs6537637,48975090,0.19831251514708936
rs6537639,48975813,0.150915217956532
rs3747941,48979320,0.1439270277708194
rs6712,48980049,0.4178883956806224
rs4838861,48984904,0.4338116050313877
rs4838862,48985756,0.5118218322443613
rs4611754,48990096,0.8281653979569858
rs5771104,48993966,0.7015004695076048
rs11703673,48994554,0.49446736256371127
rs2272852,48997803,0.39804009302112553
rs5771242,49003996,0.3745583108833307
rs4838865,49006739,0.5824509265589116
rs730936,49007987,0.9368701784442511
rs17836662,49014281,0.9308243921841345
rs5771259,49018089,0.7766633619621621
rs5771109,49020698,0.9308243921841345
rs7290465,49021885,0.24210865068580112
rs7364173,49023156,0.9308243921841345
rs4838866,49027635,0.19302474130015823
rs1555048,49030475,0.15304804453867846
rs2066770,49036016,0.9997664086651322
rs1129880,49036424,0.19859156117950327
rs2072876,49037497,0.3359042358252825
rs742184,49039246,0.42749761272139997
rs1076649,49039645,0.25857533555506707
rs2076139,49046788,0.6054769695165598
rs742186,49048818,0.1249948539782473
rs5771119,49057156,0.9717879560881775
rs28600136,49058294,0.34274963288679716
rs28366595,49067428,0.8405920734534804
rs28672672,49078435,0.15450759877490972
rs35662666,49090170,0.6919425536490956
rs35197053,49090897,0.3089693688729509
rs35812349,49096935,0.13348015135121455
rs35847018,49100252,0.9526577091781772
rs4074135,49106629,0.13348015135121455
rs28642259,49132584,0.892790365109143
rs28497408,49140527,0.842141788781519
rs28627610,49148200,0.5771570844575262
rs8135489,49154668,0.1072747567524152
rs8141888,49156348,0.2575896372813471
rs8142229,49160941,0.09168445007195161
rs7290471,49161390,0.15412429472752387
rs7287079,49162769,0.5416375145139365
rs7511047,49163485,0.324503532891372
rs7284516,49164351,0.5416375145139365
rs12163408,49168811,0.9422497432651439
rs8142016,49173202,0.897082515731839
rs12158196,49177919,0.897082515731839
rs9628184,49181906,0.8844749180839674
rs9616936,49184090,0.17661673833292157
rs7511349,49184680,0.16458581887591828
rs7284870,49187720,0.24194554019404346
rs7410305,49197407,0.17826438346055806
rs6520165,49201183,0.13525272190896553
rs7410465,49203088,0.11757606632481138
rs8139476,49204986,0.10201442454910373
rs7410540,49205153,0.17826438346055806
rs7410608,49205679,0.17661673833292157
rs9616997,49205915,0.13525272190896553
rs12163302,49206030,0.4112386314346733
rs7511461,49206564,0.13525272190896553
rs12163230,49207449,0.4112386314346733
rs7410368,49207798,0.17826438346055806
rs8185000,49208190,0.13525272190896553
rs12158901,49209172,0.1644706863431744
rs5770931,49211562,0.13525272190896553
rs2334099,49214879,0.46403046647263635
rs6010106,49215106,0.1644706863431744
rs4824127,49215791,0.06741259069110327
rs1005536,49216781,0.13525272190896553
rs2273257,49220484,0.4112386314346733
rs2273259,49220560,0.14243676683852668
rs11555194,49223528,0.11733293026157808
rs4824133,49226517,0.08166049549905774
rs1076780,49230225,0.9702135716395263
rs761744,49230594,0.30512475149658747
rs756014,49230827,0.9914077682546651
rs743038,49230941,0.24407322726436687
rs5770980,49233086,0.22747793810344774
rs4824146,49239281,0.08266324164604368
rs4824118,49242987,0.03303889138797894
rs4824149,49243644,0.7611144879533928
rs11703111,49243767,0.03303889138797894
rs2236030,49246176,0.8432413940380075
rs2073279,49246291,0.10305165357558732
rs5771039,49248400,0.26361421919625383
rs9617015,49249097,0.08016092400030576
rs5771040,49249256,0.09393434577806808
rs5771041,49249617,0.9058689737656371
rs2076714,49250087,0.07612714953827168
rs1983679,49253384,0.09985597133040837
rs5771045,49256047,0.04456679063310381
rs738683,49257741,0.13986218777061132
rs5770841,49257836,0.8432413940380075
rs4824152,49258742,0.241472404866392
rs9616853,49261105,0.2919334499531191
rs9616854,49265272,0.10412333589048473
rs2236031,49268560,0.29325268321096454
rs13055726,49269410,0.7736288501919905
rs761745,49270083,0.14679718517197934
rs2334100,49271286,0.7480220769531798
rs2232873,49271964,0.5156681410015926
rs2232879,49272637,0.18005751193697095
rs4824157,49276447,0.07512399762863735
rs4824128,49278352,0.29778262950234313
rs134974,49282402,0.2445350645310398
rs134975,49283190,0.18118994873795702
rs8138406,49284311,0.18118994873795702
rs28375115,49285480,0.07143163787298834
rs762669,49290289,0.3386618661994194
rs128941,49291029,0.9030004862296361
rs6010129,49297593,0.9514819382651107
rs131817,49302404,0.49325094028676564
rs131816,49304328,0.37339299389335856
rs3091397,49304386,0.37339299389335856
rs131815,49306474,0.3080240845667451
rs2782,49308720,0.2549912317190919
rs12148,49309074,0.2549912317190919
rs470119,49313780,0.2549912317190919
rs140522,49318132,0.4357328025127474
rs140521,49324890,0.5928072370388555
rs5770871,49325128,0.9895825965766104
rs5770874,49327684,0.9394294712999558
rs17001608,49328192,0.7152655173945046
rs5770775,49330921,0.38567948869578883
rs5770886,49334153,0.6820114001456292
rs140519,49334928,0.21897306389716087
rs131779,49335059,0.9951777277995784
rs6520149,49337535,0.5937157901448394
rs6009921,49338071,0.5765016600483194
rs6009995,49341707,0.5937157901448394
rs4824130,49345839,0.32035783043370714
rs140518,49346048,0.8319027256143696
rs140516,49350919,0.6721950657661306
rs131766,49350970,0.093213215790132
rs7238,49354354,0.38420157337937166
rs470117,49356819,0.06808247496185751
rs2516557,49356918,0.9407718224912471
rs5770907,49356978,0.9975023942980161
rs5770911,49358107,0.965059302554719
rs12627787,49359247,0.9866195048352936
rs1557503,49359938,0.965059302554719
rs5770913,49360638,0.9975023942980161
rs1557502,49360864,0.9975023942980161
rs3213446,49362540,0.965059302554719
rs3213445,49362704,0.965059302554719
rs5770917,49364219,0.9412344388141608
rs140514,49365445,0.13489788679375322
rs2269382,49365777,0.965059302554719
rs131750,49371174,0.06808247496185751
rs131749,49371490,0.11383001302679044
rs131748,49371703,0.09637111882496525
rs6010023,49375068,0.8095695024363101
rs3091399,49377615,0.08329929467178322
rs140512,49383500,0.0997914490558844
rs12168113,49387296,0.7835611312487715
rs131737,49387412,0.5148767407832288
rs131736,49392299,0.3792400627348017
rs131734,49392682,0.030627320725538965
rs131733,49394799,0.3076742457352206
rs2269380,49395266,0.3791574085938959
rs2269379,49395380,0.4854413053403106
rs140510,49399245,0.38139670623554134
rs131728,49401130,0.059616995693196846
rs131724,49402766,0.05413422455881196
rs131718,49404789,0.5505250622961669
rs3091400,49405984,0.05413422455881196
rs8142033,49409698,0.8175735118678702
rs5770953,49409804,0.5360577468734036
rs6151429,49410343,0.6086702096381389
rs6151425,49410934,0.5490096541698919
rs2071421,49411282,0.5791219898508714
rs762672,49411684,0.05726916771575707
rs6151415,49412227,0.7497981393067286
rs6151412,49412466,0.8232641572522461
rs131715,49413787,0.08837689660383087
rs762668,49413856,0.32223097222136243
rs131713,49415426,0.3621256121746371
rs5770957,49417151,0.1275154756177242
rs9616802,49419027,0.579477339766767
rs4040041,49425117,0.25793345984113747
rs134774,49427626,0.2710011986291919
rs6009945,49436079,0.42292487555364566
rs8142140,49438780,0.8987320278367185
rs9616810,49441792,0.7874342086790471
rs11912822,49446298,0.5277991864653628
rs10854884,49448765,0.32417611423313086
rs6010044,49448804,0.8033458459831954
rs8138460,49450558,0.45213098517423256
rs9616906,49451546,0.5327394784292688
rs9616812,49452422,0.5857432523074707
rs9628185,49456858,0.5857432523074707
rs7284093,49468387,0.43309115340840965
rs9616816,49470371,0.9755837704574966
rs2341009,49480446,0.5879423733452851
rs736334,49486044,0.8846858312964243
rs739365,49487182,0.6504644680296292
rs5770992,49493005,0.8012392109416206
rs2040487,49493881,0.4892137500825515
rs5770820,49497339,0.7800904500032128
rs6009951,49498216,0.8604471142859753
rs6010061,49498590,0.7702413430962946
rs9616948,49499420,0.9975520100124283
rs9628187,49503532,0.5245006924837534
rs6010063,49503799,0.48178341749569775
rs10451,49508925,0.5550414250614709
rs715586,49510004,0.5920515171955401
rs8137951,49512530,0.6303864435674411
rs2301584,49518363,0.1754780811330935
rs756638,49518559,0.8551665159220664
rs3810648,49522492,0.33484871655948356
rs2285395,49524956,0.33484871655948356
rs13056621,49528625,0.19181878322628032
rs3888396,49558258,0.5212283193679164
rs2238837,49559741,0.7411331257684859
rs28729663,49565872,0.7527364779076651
